5959.811515,0.080734,-0.989365,-0.154922
5959.820472,0.099884,-0.977142,-0.160309
5959.830820,0.109802,-0.986038,-0.162033
5959.840755,0.108063,-1.002411,-0.151398
5959.853038,0.089661,-1.012665,-0.137253
5959.862742,0.075165,-1.007584,-0.143387
5959.873430,0.047882,-0.999359,-0.143051
5959.883271,0.030334,-0.990326,-0.147308
5959.894083,0.023636,-0.986374,-0.153290
5959.904325,0.016586,-0.983292,-0.144699
5959.915716,0.008545,-0.980209,-0.133240
5959.926187,-0.003693,-0.983902,-0.143219
5959.936228,-0.002396,-0.998444,-0.142242
5959.947347,0.006897,-0.998550,-0.124542
5959.957701,0.024948,-0.987228,-0.123154
5959.967848,0.046356,-0.985733,-0.133347
5959.979347,0.068573,-0.987106,-0.129944
5959.989371,0.085220,-0.991272,-0.135391
5959.999568,0.090179,-0.993317,-0.138214
5960.010045,0.090820,-0.988464,-0.129456
5960.020586,0.092712,-0.986557,-0.130371
5960.032231,0.090942,-0.985596,-0.139160
5960.042066,0.092804,-0.980804,-0.141052
5960.053077,0.090927,-0.982697,-0.142075
5960.062702,0.089966,-0.981720,-0.143051
5960.073141,0.100662,-0.981949,-0.146698
5960.085106,0.103607,-0.980087,-0.150513
5960.094725,0.113281,-0.977356,-0.154190
5960.106239,0.115204,-0.981247,-0.148315
5960.118349,0.117218,-0.989960,-0.142441
5960.128178,0.112625,-0.995697,-0.146423
5960.137723,0.108856,-0.994690,-0.152359
5960.147725,0.111710,-0.990875,-0.155197
5960.158716,0.111771,-0.988007,-0.161987
5960.168749,0.114838,-0.993866,-0.161926
5960.179815,0.108978,-0.989914,-0.163986
5960.190169,0.101196,-0.991684,-0.160294
5960.200785,0.080811,-0.987457,-0.160736
5960.210566,0.064407,-0.993896,-0.154327
5960.221201,0.062485,-0.991928,-0.157272
5960.231420,0.064316,-0.984238,-0.161118
5960.241880,0.061356,-0.987076,-0.155365
5960.251967,0.064423,-0.991959,-0.157242
5960.262573,0.067368,-0.987228,-0.164917
5960.272925,0.065491,-0.986221,-0.168854
5960.284419,0.064590,-0.985260,-0.172760
5960.294217,0.057892,-0.988037,-0.172897
5960.304473,0.049988,-0.986908,-0.166290
5960.315103,0.048111,-0.992661,-0.161484
5960.327312,0.042282,-0.992538,-0.160629
5960.338985,0.043991,-0.981934,-0.162537
5960.348501,0.045029,-0.981003,-0.167374
5960.360340,0.043121,-0.983871,-0.165466
5960.368926,0.038239,-0.987610,-0.157822
5960.380112,0.038193,-0.986649,-0.156845
5960.391098,0.031479,-0.986542,-0.159912
5960.401654,0.027695,-0.989380,-0.159027
5960.413049,0.018143,-0.994995,-0.158279
5960.423656,0.022995,-0.998947,-0.154297
5960.435011,0.027908,-0.999054,-0.158066
5960.445863,0.029800,-0.994263,-0.161896
5960.456592,0.030640,-0.989441,-0.161865
5960.467887,0.036469,-0.988586,-0.164658
5960.477436,0.041092,-0.986710,-0.157761
5960.489427,0.046173,-0.992615,-0.161530
5960.498883,0.055664,-0.987946,-0.158386
5960.510849,0.058395,-0.985077,-0.154449
5960.521642,0.062454,-0.984222,-0.165024
5960.533163,0.052902,-0.985977,-0.168182
5960.543502,0.050995,-0.989807,-0.164322
5960.553219,0.053101,-0.992767,-0.169144
5960.563270,0.044128,-0.984863,-0.165436
5960.573288,0.036392,-0.984726,-0.165619
5960.583824,0.032364,-0.978851,-0.165695
5960.595148,0.034531,-0.983734,-0.170532
5960.604447,0.034576,-0.985672,-0.170532
5960.616641,0.043152,-0.986771,-0.163528
5960.626359,0.043243,-0.982941,-0.172272
5960.638178,0.035385,-0.979889,-0.169525
5960.647475,0.036255,-0.976974,-0.168549
5960.658703,0.033386,-0.977905,-0.168610
5960.670249,0.030457,-0.979767,-0.164780
5960.680573,0.024872,-0.986450,-0.166855
5960.692303,0.020111,-0.987320,-0.168915
5960.700845,0.019257,-0.990219,-0.170868
5960.712870,0.017227,-0.990173,-0.167023
5960.722376,0.015106,-0.985291,-0.163193
5960.733454,0.014923,-0.978531,-0.162216
5960.744849,0.014801,-0.973679,-0.162216
5960.754647,0.018845,-0.977631,-0.166000
5960.765320,0.018082,-0.988251,-0.164093
5960.776695,0.020111,-0.998901,-0.155319
5960.787428,0.026871,-0.999039,-0.155167
5960.797431,0.025696,-0.989319,-0.156158
5960.808250,0.035645,-0.993423,-0.165634
5960.820100,0.041412,-0.988708,-0.170380
5960.829474,0.045197,-0.991638,-0.162521
5960.839926,0.046021,-0.986816,-0.161530
5960.850309,0.043213,-0.987732,-0.164505
5960.861099,0.039185,-0.980896,-0.165558
5960.872610,0.038055,-0.981796,-0.155884
5960.882852,0.025558,-0.986404,-0.153244
5960.894126,0.021790,-0.992126,-0.151382
5960.904204,0.022812,-0.996017,-0.149429
5960.914253,0.023636,-0.992142,-0.146484
5960.925672,0.018799,-0.990128,-0.149506
5960.935031,0.023697,-0.986389,-0.156204
5960.946230,0.029419,-0.985519,-0.155106
5960.955915,0.038376,-0.999207,-0.150055
5960.967317,0.043289,-0.999329,-0.154800
5960.977833,0.050964,-0.993668,-0.158493
5960.989523,0.051880,-0.987885,-0.163330
5960.999669,0.050888,-0.985931,-0.164322
5961.009242,0.046051,-0.986816,-0.163467
5961.020144,0.041916,-0.986694,-0.149963
5961.029615,0.040878,-0.987625,-0.146103
5961.040714,0.037994,-0.981781,-0.152969
5961.051592,0.040176,-0.986710,-0.158737
5961.062966,0.038208,-0.984726,-0.159760
5961.073790,0.040100,-0.984756,-0.157776
5961.084744,0.042084,-0.983841,-0.161606
5961.095012,0.041107,-0.989609,-0.154846
5961.105854,0.044098,-0.986786,-0.161560
5961.115792,0.046021,-0.986816,-0.161530
5961.126887,0.044052,-0.984848,-0.161560
5961.135876,0.042145,-0.983841,-0.164520
5961.147218,0.038208,-0.981827,-0.163635
5961.157444,0.034393,-0.984680,-0.162766
5961.168694,0.030655,-0.986557,-0.166718
5961.178339,0.025940,-0.994186,-0.161972
5961.188460,0.023071,-0.995117,-0.162048
5961.199865,0.020248,-0.999878,-0.160172
5961.209387,0.019333,-0.999878,-0.162125
5961.221008,0.015381,-0.998840,-0.159302
5961.231227,0.013046,-0.989090,-0.152557
5961.242941,0.016891,-0.986267,-0.155380
5961.252909,0.017883,-0.981461,-0.162155
5961.262878,0.025635,-0.979675,-0.164886
5961.273498,0.026520,-0.983536,-0.157104
5961.284857,0.025711,-0.985474,-0.161972
5961.296640,0.022781,-0.990234,-0.155258
5961.307653,0.015961,-0.988190,-0.155411
5961.318746,0.006485,-0.988052,-0.163391
5961.329808,0.007355,-0.987076,-0.159470
5961.339358,0.005249,-0.986038,-0.152725
5961.351466,0.007294,-0.988983,-0.154633
5961.361294,0.006256,-0.986069,-0.154663
5961.371605,0.007294,-0.988983,-0.154633
5961.382291,0.010300,-0.990982,-0.157471
5961.392436,0.017059,-0.991104,-0.157318
5961.402567,0.012131,-0.987137,-0.157425
5961.412655,0.009186,-0.984192,-0.158478
5961.424815,0.005264,-0.985062,-0.154678
5961.434258,-0.000473,-0.988831,-0.152863
5961.444672,0.002472,-0.988892,-0.154739
5961.455836,-0.000458,-0.987869,-0.154816
5961.465822,0.001709,-0.990860,-0.162521
5961.477316,0.004532,-0.990875,-0.158585
5961.486647,0.004700,-0.998627,-0.156647
5961.499034,0.011154,-0.990005,-0.153580
5961.508835,0.014099,-0.992981,-0.152527
5961.520168,0.015091,-0.989136,-0.157364
5961.532514,0.013397,-0.998795,-0.157410
5961.541680,0.015915,-0.987198,-0.153473
5961.551502,0.016739,-0.985260,-0.149551
5961.563062,0.014008,-0.985245,-0.157379
5961.573728,0.019867,-0.987274,-0.157257
5961.585314,0.023590,-0.983475,-0.155228
5961.595696,0.023697,-0.985413,-0.158142
5961.606626,0.026672,-0.990311,-0.156143
5961.616385,0.024872,-0.990295,-0.162003
5961.627661,0.028748,-0.996155,-0.156097
5961.639081,0.024704,-0.989304,-0.155212
5961.648538,0.026657,-0.989349,-0.156143
5961.661648,0.032486,-0.985596,-0.163757
5961.669962,0.036331,-0.984711,-0.162720
5961.680254,0.040176,-0.983810,-0.162628
5961.692163,0.038269,-0.985703,-0.161697
5961.702388,0.034485,-0.986618,-0.164703
5961.713809,0.033615,-0.992401,-0.161804
5961.723482,0.024857,-0.989334,-0.162003
5961.734833,0.019928,-0.987289,-0.160172
5961.744294,0.015854,-0.984299,-0.154449
5961.755469,0.010193,-0.985184,-0.159409
5961.766424,0.007370,-0.989960,-0.157532
5961.777889,0.004486,-0.987991,-0.159546
5961.789439,0.004410,-0.990860,-0.152756
5961.798707,0.007278,-0.988037,-0.155594
5961.809258,0.015121,-0.991074,-0.156403
5961.820195,0.016006,-0.990112,-0.155411
5961.830824,0.014008,-0.989105,-0.152527
5961.841881,0.013977,-0.983307,-0.158356
5961.851482,0.014008,-0.988144,-0.153503
5961.863579,0.013031,-0.987152,-0.153534
5961.873530,0.017715,-0.988174,-0.146622
5961.883566,0.021652,-0.989227,-0.148468
5961.894069,0.021896,-0.991196,-0.158188
5961.904401,0.019928,-0.990173,-0.157257
5961.916218,0.017838,-0.988205,-0.152451
5961.925173,0.018677,-0.982407,-0.152420
5961.936712,0.013031,-0.985229,-0.156448
5961.947710,0.012024,-0.988083,-0.151596
5961.957771,0.015030,-0.985275,-0.159302
5961.968240,0.019974,-0.990189,-0.159195
5961.978406,0.018906,-0.987259,-0.157272
5961.989377,0.019775,-0.981476,-0.160172
5962.000502,0.019852,-0.982468,-0.162109
5962.011161,0.014999,-0.985260,-0.158340
5962.020896,0.015030,-0.987198,-0.156403
5962.032814,0.017242,-0.998856,-0.156357
5962.044356,0.010391,-0.998718,-0.152618
5962.053777,0.009277,-0.992889,-0.152649
5962.065348,0.009277,-0.993835,-0.150711
5962.076292,0.013031,-0.989075,-0.151581
5962.085856,0.012268,-0.990051,-0.161301
5962.096715,0.015366,-0.992081,-0.167068
5962.106395,0.009384,-0.990982,-0.159439
5962.118587,0.010300,-0.990982,-0.157471
5962.127229,0.010208,-0.987106,-0.157471
5962.138091,0.014969,-0.987183,-0.153488
5962.148504,0.016983,-0.988205,-0.157318
5962.157693,0.019821,-0.990158,-0.152405
5962.168170,0.019791,-0.991119,-0.149490
5962.177984,0.023804,-0.988342,-0.159103
5962.189368,0.020035,-0.990204,-0.162109
5962.199272,0.014969,-0.990067,-0.150574
5962.209547,0.012085,-0.988098,-0.154526
5962.219699,0.008347,-0.989975,-0.157516
5962.230772,0.009430,-0.998703,-0.152649
5962.240890,0.011032,-0.987091,-0.150665
5962.250878,0.017914,-0.991104,-0.152451
5962.261311,0.026901,-0.999039,-0.156143
5962.271493,0.027847,-0.999054,-0.155151
5962.283756,0.028625,-0.992279,-0.155121
5962.293693,0.031326,-0.984589,-0.155060
5962.303234,0.025620,-0.986420,-0.156158
5962.313298,0.020721,-0.985367,-0.155304
5962.323650,0.015839,-0.988159,-0.149582
5962.334648,0.012100,-0.990982,-0.151596
5962.344920,0.009460,-0.998703,-0.153625
5962.356145,0.010498,-0.998734,-0.157471
5962.365781,0.011139,-0.989044,-0.153580
5962.375953,0.009216,-0.990936,-0.151672
5962.386765,0.016876,-0.988190,-0.152466
5962.396813,0.009232,-0.990952,-0.152649
5962.407079,0.012070,-0.988098,-0.153549
5962.417519,0.008224,-0.989944,-0.151688
5962.429450,0.004456,-0.990860,-0.154709
5962.439156,0.000504,-0.985001,-0.157684
5962.450740,0.003189,-0.980194,-0.153748
5962.460718,0.002441,-0.985031,-0.158615
5962.470975,0.007263,-0.988022,-0.154633
5962.481693,0.006210,-0.990875,-0.146881
5962.492567,-0.000595,-0.990723,-0.145096
5962.503408,0.001740,-0.998566,-0.154770
5962.513569,-0.001358,-0.986893,-0.158707
5962.524265,-0.003342,-0.990707,-0.151947
5962.535429,0.000809,-0.998566,-0.155746
5962.545157,-0.000504,-0.988815,-0.150925
5962.556376,0.000595,-0.990799,-0.154785
5962.566815,-0.000473,-0.986893,-0.154816
5962.577234,-0.004257,-0.987823,-0.158768
5962.589334,0.000839,-0.998566,-0.156723
5962.598068,0.004486,-0.991821,-0.154709
5962.609760,0.010437,-0.998718,-0.154572
5962.619213,0.007523,-0.998672,-0.153656
5962.631304,0.008408,-0.998672,-0.149750
5962.640877,0.001511,-0.988892,-0.155731
5962.651532,0.002441,-0.986969,-0.155701
5962.662616,0.005508,-0.985123,-0.166306
5962.671977,0.009521,-0.991013,-0.166229
5962.683655,0.003784,-0.990906,-0.169281
5962.693909,0.003006,-0.998642,-0.168320
5962.706396,0.000626,-0.986954,-0.160599
5962.715467,-0.001450,-0.980148,-0.162582
5962.725785,-0.006989,-0.989716,-0.164658
5962.736054,-0.011932,-0.998291,-0.148270
5962.747009,-0.011002,-0.998306,-0.146301
5962.758435,-0.008942,-0.999313,-0.151123
5962.768194,-0.005173,-0.998413,-0.148117
5962.779340,0.005264,-0.989883,-0.148834
5962.790479,0.026581,-0.994141,-0.147400
5962.800448,0.034164,-0.992325,-0.142380
5962.811914,0.034042,-0.987488,-0.142380
5962.821840,0.037857,-0.987534,-0.139389
5962.832451,0.034958,-0.985565,-0.142349
5962.843589,0.034012,-0.985550,-0.144318
5962.853381,0.029877,-0.984467,-0.131775
5962.864516,0.028000,-0.976730,-0.144440
5962.874665,0.018341,-0.976547,-0.143692
5962.886086,0.011505,-0.978363,-0.138992
5962.897012,0.005768,-0.981140,-0.137177
5962.907253,0.003189,-0.988861,-0.143066
5962.918852,0.000320,-0.990753,-0.142166
5962.928525,0.000275,-0.988815,-0.142166
5962.939165,-0.004517,-0.987778,-0.146149
5962.948658,0.001343,-0.989807,-0.146988
5962.961269,0.007095,-0.984131,-0.150742
5962.980155,0.001709,-0.987976,-0.166397
5962.991558,0.003738,-0.988968,-0.169281
5963.002257,-0.004028,-0.985947,-0.171387
5963.014431,-0.006882,-0.986847,-0.172424
5963.023377,-0.015579,-0.986694,-0.171661
5963.034331,-0.028198,-0.989349,-0.167068
5963.045162,-0.030945,-0.998016,-0.163254
5963.055619,-0.029938,-0.998032,-0.165176
5963.067214,-0.029968,-0.998032,-0.163239
5963.077283,-0.028030,-0.998062,-0.164169
5963.089270,-0.018478,-0.998215,-0.159103
5963.099468,-0.018723,-0.989487,-0.158127
5963.109948,-0.011932,-0.991547,-0.156036
5963.120359,-0.011932,-0.991547,-0.156036
5963.131512,-0.014053,-0.989532,-0.150253
5963.143581,-0.011932,-0.998291,-0.148270
5963.153453,-0.015854,-0.998199,-0.145447
5963.163371,-0.012833,-0.998291,-0.151199
5963.173648,-0.020844,-0.990372,-0.147491
5963.183783,-0.014038,-0.988571,-0.151230
5963.195767,-0.015091,-0.986618,-0.149292
5963.205622,-0.014084,-0.988571,-0.149277
5963.216076,-0.017014,-0.985626,-0.151291
5963.226201,-0.022781,-0.986481,-0.151413
5963.237270,-0.021164,-0.984528,-0.139740
5963.247299,-0.016312,-0.987518,-0.136719
5963.257534,-0.015121,-0.987579,-0.147354
5963.268015,0.000275,-0.984955,-0.147003
5963.278164,0.002975,-0.982071,-0.141129
5963.290035,0.007950,-0.985077,-0.144897
5963.300297,0.007095,-0.987991,-0.146851
5963.310672,0.014053,-0.998749,-0.142822
5963.322094,0.016922,-0.998795,-0.141800
5963.331645,0.022598,-0.990189,-0.146515
5963.343601,0.019409,-0.986221,-0.136871
5963.354180,0.018402,-0.986206,-0.134949
5963.364661,0.009171,-0.990936,-0.149734
5963.375084,0.001678,-0.998550,-0.151840
5963.386025,-0.004395,-0.998398,-0.139359
5963.397343,0.002304,-0.986938,-0.148895
5963.407292,0.011948,-0.987106,-0.148682
5963.418953,0.023468,-0.987289,-0.144547
5963.430240,0.029144,-0.988358,-0.138611
5963.439634,0.024704,-0.993149,-0.150360
5963.450274,0.019882,-0.998840,-0.144638
5963.461353,0.014969,-0.998749,-0.139908
5963.473627,0.015121,-0.998779,-0.147659
5963.483429,-0.000610,-0.987839,-0.148010
5963.493424,-0.011566,-0.980835,-0.140488
5963.504578,-0.012726,-0.978867,-0.133713
5963.514274,-0.009567,-0.983780,-0.140457
5963.525760,0.001572,-0.998535,-0.146988
5963.535187,0.019089,-1.003662,-0.146576
5963.546486,0.031509,-1.001938,-0.142426
5963.556023,0.038284,-0.999191,-0.146164
5963.566163,0.039185,-0.994370,-0.149063
5963.577462,0.043823,-0.994415,-0.139252
5963.587788,0.042877,-0.993454,-0.142181
5963.598680,0.042862,-0.991516,-0.144119
5963.608232,0.038040,-0.991425,-0.144226
5963.619886,0.031189,-0.991287,-0.140503
5963.630043,0.021515,-0.993042,-0.137802
5963.641289,0.006958,-0.989868,-0.138123
5963.652717,0.002747,-0.986847,-0.124634
5963.662425,0.003632,-0.980103,-0.128494
5963.674181,0.005981,-0.989853,-0.137177
5963.683660,0.007187,-0.998596,-0.138123
5963.694418,0.011978,-1.000580,-0.134109
5963.705578,0.022629,-0.998871,-0.136810
5963.715014,0.028198,-0.987366,-0.140564
5963.727725,0.026215,-0.985397,-0.140610
5963.736253,0.024292,-0.985352,-0.140656
5963.747700,0.019592,-0.991074,-0.139801
5963.758959,0.018677,-0.992020,-0.140778
5963.768335,0.018845,-0.998810,-0.140778
5963.779475,0.019760,-0.998825,-0.138824
5963.788723,0.019852,-0.998840,-0.142700
5963.800810,0.014740,-0.990997,-0.138931
5963.810316,0.014511,-0.985168,-0.135040
5963.821614,0.019409,-0.985260,-0.138824
5963.831003,0.015701,-0.984268,-0.147644
5963.844129,0.019516,-0.987198,-0.140762
5963.853691,0.020676,-0.990158,-0.147537
5963.863170,0.017609,-0.986221,-0.143723
5963.873949,0.018890,-0.998825,-0.142715
5963.884178,0.013168,-0.998749,-0.146729
5963.895296,0.015976,-1.002625,-0.138901
5963.905529,0.015915,-1.000671,-0.137924
5963.916285,0.010208,-0.998672,-0.143890
5963.926572,0.015762,-0.990051,-0.143768
5963.938353,0.016830,-0.992981,-0.144699
5963.948578,0.020905,-0.998886,-0.147537
5963.959840,0.017624,-0.989105,-0.140808
5963.970232,0.012573,-0.985138,-0.135086
5963.981886,0.012711,-0.985168,-0.141891
5963.991920,0.012909,-0.986176,-0.149643
5964.003173,0.013931,-0.991013,-0.146698
5964.013335,0.011398,-0.998734,-0.154556
5964.023284,0.012421,-0.998764,-0.157425
5964.034161,0.006210,-0.990875,-0.146881
5964.043507,-0.002747,-0.982941,-0.144180
5964.055292,-0.011307,-0.983795,-0.149200
5964.065398,-0.014755,-0.998245,-0.151245
5964.076310,-0.017990,-1.001984,-0.131882
5964.085997,-0.017075,-0.998138,-0.133820
5964.097208,-0.003494,-0.991638,-0.143219
5964.108113,0.010925,-0.984192,-0.149689
5964.117781,0.025330,-0.985382,-0.144501
5964.129627,0.037735,-0.981735,-0.141327
5964.139784,0.038086,-0.987579,-0.150055
5964.150657,0.053680,-0.992706,-0.150665
5964.162044,0.050812,-0.995560,-0.148788
5964.172547,0.041107,-0.990555,-0.153885
5964.183495,0.030273,-0.987427,-0.147308
5964.193746,0.019302,-0.979462,-0.139801
5964.204090,0.019363,-0.983322,-0.138824
5964.215804,0.022446,-0.986313,-0.143616
5964.225576,0.023651,-0.993118,-0.146484
5964.236301,0.022827,-0.998917,-0.146515
5964.247248,0.023697,-0.998917,-0.141647
5964.258460,0.021866,-0.998901,-0.147507
5964.269465,0.028351,-0.988373,-0.147354
5964.280897,0.027023,-0.999069,-0.161957
5964.290788,0.031021,-1.001068,-0.166702
5964.301298,0.028992,-1.001968,-0.160919
5964.313385,0.019852,-1.012497,-0.172791
5964.323852,0.004486,-1.014160,-0.174103
5964.333751,0.001312,-0.987885,-0.147964
5964.344927,0.014603,-0.975555,-0.150574
5964.355377,0.032822,-0.989517,-0.174438
5964.366251,0.036133,-1.004089,-0.175323
5964.376180,0.027649,-1.007858,-0.181351
5964.386402,0.008148,-0.998810,-0.183746
5964.396861,-0.007736,-0.977234,-0.188934
5964.407545,-0.020279,-0.943130,-0.185333
5964.418985,-0.014587,-0.935501,-0.190079
5964.428521,0.000595,-0.923218,-0.190704
5964.440170,0.036819,-0.917023,-0.175308
5964.450729,0.076447,-0.953552,-0.177338
5964.461149,0.092636,-0.988647,-0.169220
5964.472115,0.092453,-0.988617,-0.160477
5964.482590,0.070145,-0.982422,-0.164856
5964.493941,0.031403,-0.986526,-0.156036
5964.503598,0.000809,-0.982956,-0.129532
5964.515688,-0.017700,-0.983551,-0.121201
5964.526363,-0.033218,-0.981339,-0.121552
5964.536361,-0.041718,-0.990845,-0.118820
5964.547845,-0.033005,-1.000641,-0.108917
5964.557476,-0.024155,-0.997955,-0.119415
5964.568810,-0.005981,-0.998428,-0.154938
5964.579874,0.008682,-0.985229,-0.178864
5964.589434,0.013977,-0.965027,-0.179718
5964.598853,0.011993,-0.964966,-0.177826
5964.611046,0.014694,-0.977509,-0.152512
5964.621566,0.023987,-0.991074,-0.119293
5964.631369,0.036255,-0.992203,-0.104446
5964.643421,0.038162,-0.984528,-0.112198
5964.653618,0.032623,-0.987381,-0.121033
5964.664166,0.011139,-0.976334,-0.123459
5964.675294,-0.019760,-0.983505,-0.115433
5964.686365,-0.061172,-0.977966,-0.128983
5964.697145,-0.080063,-0.993118,-0.131348
5964.707252,-0.091400,-1.007401,-0.126740
5964.718331,-0.067261,-1.019379,-0.111633
5964.729164,-0.049911,-1.015839,-0.113190
5964.738687,-0.027832,-0.997910,-0.128250
5964.751037,-0.024414,-0.980545,-0.128159
5964.760533,-0.030380,-0.969833,-0.132156
5964.772816,-0.025543,-0.971832,-0.129135
5964.781945,-0.004684,-0.962509,-0.122849
5964.792240,-0.003433,-0.965485,-0.132538
5964.804096,-0.009964,-0.976959,-0.129776
5964.814578,-0.027618,-0.974670,-0.120438
5964.826798,-0.044418,-0.964661,-0.115005
5964.836383,-0.051056,-0.964569,-0.120972
5964.847653,-0.043411,-0.966614,-0.114029
5964.858517,-0.035995,-0.970535,-0.094421
5964.868140,-0.035034,-0.973434,-0.090515
5964.878134,-0.047348,-0.978088,-0.096619
5964.888589,-0.076294,-0.981415,-0.095322
5964.899735,-0.112259,-0.974960,-0.093216
5964.910252,-0.142090,-0.954041,-0.078369
5964.920041,-0.162933,-0.941040,-0.068130
5964.932341,-0.172562,-0.942795,-0.068359
5964.941872,-0.169235,-0.956421,-0.072174
5964.954023,-0.168503,-0.955429,-0.062454
5964.963112,-0.148254,-0.950958,-0.064896
5964.973807,-0.125839,-0.951401,-0.074112
5964.984998,-0.079819,-0.968735,-0.081802
5964.994607,-0.059219,-0.975891,-0.086212
5965.005245,-0.048340,-0.977112,-0.097626
5965.016004,-0.081741,-0.984283,-0.108078
5965.028281,-0.096680,-0.996628,-0.119110
5965.037068,-0.120728,-0.979660,-0.098267
5965.049446,-0.125809,-0.978546,-0.087708
5965.059646,-0.125320,-0.977692,-0.111969
5965.069363,-0.117630,-0.971085,-0.118576
5965.081450,-0.106628,-0.956741,-0.107651
5965.090747,-0.076431,-0.959229,-0.115723
5965.101553,-0.052170,-0.964523,-0.114227
5965.112609,-0.046844,-0.997452,-0.097610
5965.122430,-0.066437,-1.028992,-0.093170
5965.133566,-0.090363,-1.070206,-0.100510
5965.143746,-0.113983,-1.101837,-0.134048
5965.153627,-0.137436,-1.112152,-0.155945
5965.162705,-0.145828,-1.107208,-0.175552
5965.172887,-0.143494,-1.085983,-0.175491
5965.182979,-0.124756,-1.066956,-0.170212
5965.193902,-0.109024,-1.064407,-0.186371
5965.204024,-0.126709,-1.076706,-0.203278
5965.214226,-0.152832,-1.105118,-0.166977
5965.225202,-0.208557,-1.169662,-0.105118
5965.234927,-0.300476,-1.254059,-0.090683
5965.245415,-0.333252,-1.271774,-0.073929
5965.255772,-0.314163,-1.218719,-0.034668
5965.266774,-0.283768,-1.196075,-0.036896
5965.277580,-0.236374,-1.204651,-0.027084
5965.287046,-0.098557,-1.233047,0.025482
5965.297340,0.077652,-1.233231,0.055679
5965.307801,0.255112,-1.213257,0.049927
5965.319479,0.376511,-1.219391,0.030334
5965.330441,0.460861,-1.187103,0.023483
5965.339594,0.509842,-1.139771,-0.017120
5965.350968,0.552658,-1.060501,-0.080231
5965.360292,0.550217,-1.016251,-0.156036
5965.370567,0.484161,-0.954330,-0.213806
5965.381475,0.348923,-0.892822,-0.200348
5965.392117,0.191437,-0.888824,-0.162125
5965.402295,0.069519,-0.945526,-0.133804
5965.412267,-0.024490,-1.031586,-0.063110
5965.423766,-0.057907,-1.101334,0.002151
5965.435089,-0.023239,-1.100967,0.007797
5965.446697,0.015244,-1.097961,-0.034042
5965.455784,0.031052,-1.048065,-0.065735
5965.466624,0.018341,-0.985031,-0.088348
5965.476431,0.012604,-0.968597,-0.110809
5965.487873,0.013596,-0.958023,-0.124390
5965.499086,0.015259,-0.929108,-0.146667
5965.509312,0.015778,-0.914581,-0.142776
5965.521449,0.032471,-0.909943,-0.115204
5965.531941,0.058075,-0.954010,-0.131149
5965.541238,0.085434,-0.927597,-0.177139
5965.552457,0.111298,-0.897202,-0.201797
5965.562577,0.115204,-0.866302,-0.194916
5965.573703,0.087646,-0.828140,-0.216888
5965.584498,0.091309,-0.807953,-0.232346
5965.593993,0.087646,-0.815628,-0.232422
5965.604223,0.084457,-0.848434,-0.225708
5965.615434,0.088699,-0.855331,-0.234344
5965.625742,0.071854,-0.827988,-0.248306
5965.636950,0.070190,-0.801819,-0.246414
5965.649128,0.036819,-0.787659,-0.239380
5965.659490,0.003189,-0.763794,-0.231400
5965.670665,-0.035416,-0.737869,-0.217712
5965.680407,-0.053375,-0.728775,-0.202560
5965.691383,-0.079102,-0.739944,-0.208008
5965.702546,-0.096786,-0.759964,-0.215210
5965.712797,-0.104034,-0.778229,-0.215363
5965.724193,-0.101898,-0.779266,-0.225006
5965.734647,-0.088516,-0.780640,-0.261627
5965.744837,-0.080353,-0.779892,-0.283768
5965.756172,-0.080811,-0.779022,-0.308044
5965.766147,-0.098389,-0.779800,-0.344376
5965.778575,-0.124329,-0.795914,-0.377975
5965.788254,-0.168381,-0.829086,-0.404221
5965.798937,-0.221207,-0.880371,-0.403442
5965.808700,-0.256287,-0.948227,-0.354736
5965.819770,-0.293381,-0.993546,-0.236145
5965.831814,-0.258041,-1.035065,-0.305267
5965.841992,-0.244400,-1.074036,-0.307877
5965.853678,-0.254944,-1.051361,-0.247910
5965.862327,-0.261185,-1.018417,-0.266495
5965.872832,-0.257156,-1.013916,-0.326599
5965.883864,-0.233582,-1.048096,-0.303741
5965.894447,-0.085556,-1.253372,-0.154800
5965.904653,0.209122,-1.679947,-0.004532
5965.916065,0.489761,-1.985016,-0.019608
5965.926470,0.907104,-1.992889,-0.093735
5965.937954,1.191803,-1.999069,-0.340759
5965.948503,1.122040,-1.685074,-0.526794
5965.959931,0.702744,-0.760162,-0.501160
5965.970335,0.260574,-0.133148,-0.315872
5965.980097,-0.108994,0.019287,-0.160049
5965.990207,-0.247223,-0.121048,-0.082581
5966.003443,-0.019058,-0.628860,0.021515
5966.010718,0.190536,-1.126434,-0.063141
5966.020993,0.384674,-1.487625,0.011063
5966.031818,0.408585,-1.464905,-0.004868
5966.042211,0.370865,-1.230484,-0.102814
5966.052150,0.292267,-0.988510,-0.194824
5966.063104,0.223511,-0.791809,-0.195389
5966.073278,0.195999,-0.673050,-0.132874
5966.083528,0.236282,-0.701630,-0.084412
5966.094452,0.288498,-0.783997,-0.124008
5966.104760,0.287781,-0.836411,-0.164825
5966.114080,0.245911,-0.850037,-0.133728
5966.124863,0.179398,-0.825394,-0.079880
5966.135093,0.119263,-0.790176,-0.021011
5966.145976,0.080414,-0.780807,-0.022858
5966.155966,0.061707,-0.771912,-0.063080
5966.166068,0.017487,-0.760376,-0.041748
5966.176132,-0.023193,-0.788498,-0.002853
5966.188730,-0.047440,-0.843124,0.019882
5966.197447,-0.045197,-0.898483,-0.019867
5966.208186,-0.041626,-0.938339,-0.049866
5966.218017,-0.037003,-0.940292,-0.037140
5966.228500,-0.008881,-0.922333,-0.017105
5966.239667,0.023849,-0.897888,-0.041626
5966.250457,0.027802,-0.877747,-0.070648
5966.260921,0.002228,-0.885086,-0.084824
5966.270996,-0.044754,-0.877380,-0.065475
5966.281605,-0.103134,-0.898590,-0.067764
5966.291700,-0.157776,-0.925613,-0.056381
5966.302220,-0.190659,-0.959869,-0.061020
5966.312028,-0.213364,-0.972046,-0.069275
5966.322174,-0.215500,-0.966217,-0.067383
5966.332402,-0.207520,-0.944061,-0.059433
5966.342697,-0.165054,-0.928436,-0.074997
5966.352896,-0.134399,-0.932022,-0.103439
5966.362954,-0.111557,-0.934464,-0.129120
5966.373322,-0.118347,-0.929535,-0.134140
5966.383739,-0.126862,-0.945786,-0.123642
5966.395000,-0.132019,-0.969879,-0.124725
5966.405331,-0.135040,-0.995819,-0.088898
5966.415288,-0.112152,-1.006561,-0.013596
5966.425780,-0.083817,-1.006958,0.018082
5966.436331,-0.045029,-1.031921,-0.004318
5966.447524,-0.021439,-1.054947,-0.087311
5966.456968,-0.027039,-1.088181,-0.194244
5966.468574,-0.063721,-1.118698,-0.252365
5966.478180,-0.141785,-1.125824,-0.208481
5966.491280,-0.368683,-1.050186,0.010681
5966.500248,-0.411774,-1.048523,-0.010635
5966.510622,-0.357544,-1.090500,-0.102600
5966.520840,-0.252701,-1.227249,-0.189621
5966.530922,-0.252945,-1.226242,-0.178940
5966.542140,-0.261978,-1.171936,0.047073
5966.552413,-0.206833,-1.156616,0.256104
5966.564183,0.099152,-1.294556,0.301788
5966.573845,0.426605,-1.423386,0.052795
5966.583991,0.732483,-1.453033,-0.161697
5966.594993,0.868973,-1.453400,-0.355728
5966.606440,0.817795,-1.378922,-0.354935
5966.617599,0.631866,-1.351242,-0.325119
5966.627794,0.467621,-1.354843,-0.278336
5966.638546,0.341446,-1.367691,-0.191818
5966.649345,0.239624,-1.389679,-0.103821
5966.659421,0.140839,-1.371292,-0.071075
5966.672144,0.061127,-1.274078,-0.073822
5966.681871,0.013245,-1.161057,-0.092361
5966.693135,-0.034683,-1.044174,-0.113831
5966.702555,-0.076111,-0.941803,-0.106964
5966.714140,-0.123306,-0.875137,-0.102203
5966.723677,-0.150970,-0.831970,-0.079514
5966.735038,-0.152466,-0.784470,-0.064972
5966.747316,-0.139847,-0.755646,-0.057892
5966.756350,-0.125366,-0.748215,-0.065338
5966.768041,-0.122910,-0.749496,-0.134216
5966.779413,-0.116699,-0.742752,-0.115631
5966.789626,-0.135239,-0.695038,-0.119934
5966.800737,-0.093964,-0.649323,-0.114136
5966.812175,-0.070145,-0.590973,-0.168945
5966.821707,-0.024185,-0.585129,-0.200928
5966.831452,0.043182,-0.630005,-0.226608
5966.841853,0.073547,-0.679916,-0.230789
5966.852058,0.085876,-0.703384,-0.238281
5966.862792,0.083435,-0.746948,-0.252884
5966.873675,0.110611,-0.773636,-0.272690
5966.883115,0.115265,-0.762314,-0.323059
5966.893840,0.091705,-0.704834,-0.329422
5966.903914,0.029755,-0.665970,-0.325958
5966.914748,-0.023575,-0.638016,-0.350449
5966.924942,-0.085220,-0.650421,-0.345047
5966.934881,-0.140747,-0.696701,-0.314240
5966.946856,-0.199432,-0.762314,-0.295181
5966.956890,-0.260788,-0.835617,-0.277145
5966.967854,-0.314041,-0.881027,-0.262817
5966.979589,-0.321503,-0.941956,-0.294067
5966.989102,-0.299561,-1.029724,-0.359589
5966.999953,-0.300934,-1.065598,-0.387787
5967.009560,-0.336212,-1.065231,-0.457520
5967.021400,-0.369629,-1.114960,-0.463120
5967.030429,-0.388702,-1.166473,-0.367432
5967.040869,-0.339722,-1.194275,-0.318756
5967.051584,-0.221329,-1.196671,-0.385040
5967.062746,-0.165894,-1.109940,-0.459518
5967.073611,-0.203354,-0.997070,-0.468124
5967.083094,-0.263077,-0.943665,-0.451019
5967.094712,-0.225143,-1.133469,-0.325882
5967.103872,-0.091125,-1.500320,-0.234573
5967.114391,0.124176,-1.795837,-0.098679
5967.126745,0.471909,-1.845428,-0.028748
5967.137825,0.721954,-1.848282,-0.333832
5967.148286,0.862961,-1.560257,-0.490845
5967.158278,0.829361,-0.994873,-0.310944
5967.168414,0.677170,-0.700928,-0.322083
5967.178905,0.458221,-0.687225,-0.314377
5967.190354,0.228897,-0.906784,-0.129257
5967.201746,0.078125,-0.978638,0.094543
5967.211054,0.012085,-1.036652,0.042557
5967.220920,-0.001053,-1.051895,0.042252
5967.231775,0.030853,-1.041885,0.028412
5967.241837,0.084427,-1.023666,-0.014053
5967.252982,0.215851,-0.972321,-0.119843
5967.263351,0.259445,-0.893967,-0.173218
5967.275193,0.258621,-0.820450,-0.176147
5967.284901,0.229492,-0.789688,-0.115631
5967.296489,0.184189,-0.799286,-0.064224
5967.306144,0.154968,-0.823944,-0.068756
5967.316023,0.134796,-0.835327,-0.107086
5967.327680,0.102875,-0.825912,-0.070908
5967.337225,0.071701,-0.786606,-0.061874
5967.348200,0.061569,-0.746857,-0.086380
5967.357820,0.039551,-0.722244,-0.081055
5967.368958,0.018097,-0.729523,-0.063080
5967.379550,0.003006,-0.758194,-0.045959
5967.389801,-0.039581,-0.778793,-0.063416
5967.399938,-0.076645,-0.835220,-0.071075
5967.410711,-0.102798,-0.903458,-0.077469
5967.421778,-0.126358,-0.959167,-0.084808
5967.431283,-0.151718,-0.973114,-0.057220
5967.443074,-0.174866,-0.922287,-0.029572
5967.454476,-0.200821,-0.884109,-0.035980
5967.464096,-0.237061,-0.884506,-0.060089
5967.475542,-0.282318,-0.902985,-0.045578
5967.484886,-0.320648,-0.921600,-0.037704
5967.496100,-0.311798,-0.942978,-0.020020
5967.507135,-0.252365,-0.952805,-0.030350
5967.516684,-0.190247,-0.929916,-0.070694
5967.527004,-0.141541,-0.911606,-0.111343
5967.537412,-0.115616,-0.917999,-0.140869
5967.547391,-0.092667,-0.945511,-0.141327
5967.559471,-0.056274,-0.971115,-0.093887
5967.569710,-0.031021,-0.997437,-0.022461
5967.579070,-0.021881,-1.002121,0.053467
5967.590259,-0.035858,-1.014496,0.043411
5967.600196,-0.058884,-1.040466,-0.025040
5967.610655,-0.105591,-1.091156,-0.087265
5967.621739,-0.183380,-1.138962,-0.053070
5967.631538,-0.279343,-1.175674,0.004944
5967.642005,-0.346649,-1.191681,0.052933
5967.654036,-0.381943,-1.174759,0.010376
5967.664393,-0.294189,-1.139664,-0.251724
5967.675210,-0.242355,-1.130737,-0.200043
5967.685770,-0.188736,-1.042709,0.039017
5967.698723,-0.043610,-1.015549,0.229675
5967.709955,0.161926,-1.083878,0.280884
5967.719497,0.375793,-1.205215,0.184692
5967.730654,0.602936,-1.269363,-0.059723
5967.739908,0.828049,-1.342468,-0.380905
5967.750117,0.933014,-1.409897,-0.557220
5967.760044,0.882599,-1.483643,-0.598175
5967.770352,0.744446,-1.589188,-0.519730
5967.781573,0.584915,-1.673706,-0.369904
5967.792126,0.432678,-1.692657,-0.231552
5967.802350,0.243225,-1.608566,-0.148422
5967.813896,0.035828,-1.476898,-0.096756
5967.824031,-0.144028,-1.337128,-0.076508
5967.833993,-0.296005,-1.186295,-0.063400
5967.844353,-0.370728,-1.027023,-0.011642
5967.855264,-0.349915,-0.873474,0.009186
5967.866103,-0.254837,-0.791321,-0.061462
5967.876876,-0.144623,-0.775391,-0.173553
5967.887587,-0.063797,-0.761368,-0.173676
5967.897920,-0.040527,-0.735458,-0.116837
5967.908439,-0.056366,-0.705048,-0.089035
5967.918351,-0.096619,-0.661835,-0.111298
5967.931070,-0.123642,-0.615921,-0.123535
5967.940311,-0.170029,-0.560028,-0.144012
5967.951975,-0.236008,-0.479462,-0.137711
5967.962625,-0.223846,-0.440887,-0.118988
5967.971756,-0.187836,-0.417526,-0.158951
5967.982814,-0.072784,-0.507782,-0.189392
5967.992155,0.044678,-0.636871,-0.244064
5968.002575,0.121338,-0.733215,-0.279236
5968.012914,0.145447,-0.813156,-0.318512
5968.024757,0.124435,-0.820526,-0.321884
5968.034905,0.111145,-0.799911,-0.311523
5968.047158,0.073959,-0.724091,-0.382233
5968.055886,0.073624,-0.710541,-0.382248
5968.067329,-0.056610,-0.718628,-0.336624
5968.078663,-0.111099,-0.742783,-0.336884
5968.088120,-0.154083,-0.779846,-0.362122
5968.099033,-0.203125,-0.821548,-0.369049
5968.111029,-0.245132,-0.872879,-0.333115
5968.121081,-0.290405,-0.911560,-0.293365
5968.130758,-0.296265,-0.942627,-0.343964
5968.141431,-0.294510,-0.983627,-0.424545
5968.152165,-0.293625,-1.026535,-0.507050
5968.162446,-0.317474,-1.098770,-0.527985
5968.174046,-0.353653,-1.148102,-0.447235
5968.183830,-0.366379,-1.156128,-0.337799
5968.194153,-0.331787,-1.127640,-0.316620
5968.204715,-0.264694,-1.067123,-0.363678
5968.214531,-0.238266,-0.996231,-0.417450
5968.225407,-0.270554,-0.949173,-0.410400
5968.235519,-0.269348,-1.009888,-0.348236
5968.246116,-0.176941,-1.313202,-0.286957
5968.256878,-0.040268,-1.675980,-0.144119
5968.267253,0.167847,-1.901627,0.019745
5968.278629,0.537262,-1.985718,0.019333
5968.287645,0.804321,-1.992081,-0.354324
5968.299283,0.940536,-1.425797,-0.390045
5968.309731,0.869415,-0.773880,-0.275070
5968.320377,0.668335,-0.393082,-0.319366
5968.331745,0.413315,-0.381760,-0.339645
5968.342107,0.183472,-0.548431,-0.239960
5968.352329,0.067688,-0.755508,-0.046432
5968.363654,-0.070328,-0.996613,0.006729
5968.373398,-0.092804,-1.189270,0.112030
5968.383879,-0.057770,-1.271011,0.153595
5968.394582,0.044739,-1.210281,0.077255
5968.405222,0.139709,-1.097473,-0.071075
5968.415452,0.209641,-0.979050,-0.138428
5968.427110,0.259216,-0.864868,-0.150909
5968.436593,0.288788,-0.814102,-0.147324
5968.447966,0.302399,-0.796844,-0.126617
5968.457936,0.291092,-0.808273,-0.126877
5968.468162,0.267166,-0.804794,-0.095367
5968.479098,0.209900,-0.798920,-0.092773
5968.489049,0.208282,-0.791824,-0.023865
5968.500424,0.105850,-0.778412,-0.040726
5968.510552,0.062790,-0.754440,-0.044617
5968.521083,0.015778,-0.746719,-0.023331
5968.531813,-0.005142,-0.776245,-0.003403
5968.543045,-0.025543,-0.846710,-0.051437
5968.552922,-0.076828,-0.904892,-0.071060
5968.562985,-0.107620,-0.945938,-0.073700
5968.574719,-0.125565,-0.944534,-0.048859
5968.584432,-0.161591,-0.905914,0.008575
5968.594378,-0.192551,-0.888992,-0.009567
5968.605816,-0.220657,-0.885757,-0.055832
5968.615298,-0.256973,-0.888077,-0.073166
5968.627667,-0.283035,-0.934006,-0.065018
5968.637037,-0.287674,-0.978439,-0.067062
5968.647804,-0.236176,-1.004639,-0.094055
5968.658691,-0.178024,-0.995132,-0.113159
5968.668733,-0.154221,-0.962769,-0.135910
5968.679360,-0.169220,-0.911163,-0.127502
5968.689229,-0.172897,-0.896515,-0.108185
5968.701341,-0.142624,-0.911560,-0.104584
5968.711011,-0.096573,-0.959854,-0.121994
5968.721380,-0.068115,-0.986481,-0.110687
5968.731706,-0.051956,-1.015594,-0.062744
5968.742769,-0.045349,-1.022232,-0.000473
5968.752902,-0.051941,-1.026001,-0.004486
5968.764213,-0.077026,-1.038437,-0.083694
5968.775260,-0.102493,-1.060608,-0.178452
5968.784465,-0.132248,-1.087250,-0.202438
5968.795444,-0.177673,-1.099747,-0.142273
5968.806704,-0.260345,-1.073700,-0.056732
5968.818212,-0.285477,-1.057663,-0.029160
5968.828223,-0.193893,-1.076965,-0.087311
5968.838489,-0.062943,-1.124084,-0.144562
5968.849804,0.019897,-1.046021,-0.088318
5968.860176,0.024429,-0.988144,0.131195
5968.870493,0.034561,-1.135712,0.287735
5968.880648,0.156021,-1.312653,0.147705
5968.891033,0.351105,-1.429672,-0.163452
5968.901182,0.577087,-1.519150,-0.460373
5968.911248,0.729263,-1.538330,-0.456955
5968.923183,0.588272,-1.575287,-0.418365
5968.932502,0.474609,-1.606644,-0.307327
5968.943391,0.350372,-1.600067,-0.198441
5968.954810,0.203995,-1.560226,-0.089081
5968.964208,0.054871,-1.487579,-0.025436
5968.976355,-0.056107,-1.395523,-0.005585
5968.986179,-0.163956,-1.289291,-0.060440
5968.996387,-0.225433,-1.186600,-0.063751
5969.007990,-0.254837,-1.072800,-0.044006
5969.018704,-0.234406,-0.950165,-0.013428
5969.028845,-0.177124,-0.791458,0.011139
5969.039531,-0.092987,-0.648010,-0.025757
5969.051612,-0.009399,-0.578171,-0.086029
5969.062749,0.042435,-0.573471,-0.121750
5969.072356,0.063354,-0.571075,-0.154297
5969.083801,0.069305,-0.608932,-0.160965
5969.093367,0.078354,-0.608215,-0.179199
5969.104983,0.070389,-0.570465,-0.213379
5969.115416,0.030365,-0.540787,-0.229813
5969.125199,-0.019363,-0.537872,-0.212479
5969.136839,-0.040192,-0.553940,-0.212936
5969.147229,-0.031647,-0.601624,-0.240906
5969.157382,-0.005508,-0.640793,-0.241302
5969.167726,0.023590,-0.708145,-0.258133
5969.178172,0.064941,-0.797043,-0.278564
5969.188344,0.110794,-0.839508,-0.294052
5969.199460,0.160965,-0.828857,-0.302628
5969.209784,0.186844,-0.793655,-0.334091
5969.219838,0.175385,-0.743225,-0.355713
5969.230437,0.099197,-0.710892,-0.356445
5969.239984,0.001221,-0.684784,-0.323669
5969.250993,-0.089584,-0.689880,-0.319901
5969.261948,-0.158218,-0.722534,-0.326279
5969.271533,-0.218979,-0.768814,-0.322815
5969.282661,-0.280975,-0.831421,-0.286346
5969.291658,-0.340332,-0.859329,-0.279922
5969.303347,-0.367645,-0.891907,-0.320343
5969.313299,-0.367386,-0.947388,-0.404800
5969.324380,-0.362549,-1.051437,-0.509567
5969.334376,-0.326508,-1.078720,-0.397095
5969.345747,-0.251785,-1.129227,-0.350769
5969.356838,-0.129929,-1.187653,-0.375244
5969.366497,-0.024719,-1.171417,-0.434036
5969.376982,-0.001221,-1.083145,-0.509216
5969.387027,-0.051575,-0.981705,-0.534637
5969.398285,-0.075974,-1.022430,-0.428375
5969.408475,-0.064407,-1.296646,-0.235886
5969.419176,0.042862,-1.695419,-0.029617
5969.430593,0.255295,-1.980865,-0.044281
5969.440043,0.573303,-1.987167,-0.175034
5969.451936,0.785889,-1.885284,-0.342117
5969.463203,0.742752,-1.207993,-0.531387
5969.472913,0.638168,-0.701477,-0.396759
5969.484438,0.371872,-0.457642,-0.392059
5969.495420,0.094543,-0.409546,-0.269135
5969.505359,-0.045364,-0.543228,0.019943
5969.515277,-0.019562,-0.904068,0.146729
5969.526837,0.015518,-1.224335,0.059113
5969.538006,0.075684,-1.343124,0.143951
5969.548057,0.139038,-1.259872,0.202682
5969.558822,0.227631,-1.120651,0.096909
5969.569092,0.306793,-1.033661,-0.049850
5969.581397,0.353806,-0.928528,-0.160446
5969.590689,0.372375,-0.861313,-0.204681
5969.602110,0.372375,-0.827271,-0.154175
5969.612764,0.337173,-0.802292,-0.119049
5969.622323,0.286179,-0.801224,-0.085236
5969.633992,0.154617,-0.792877,-0.044495
5969.644481,0.153931,-0.789841,-0.015381
5969.654728,0.068848,-0.819290,-0.025055
5969.665700,0.028793,-0.864120,-0.041519
5969.676465,-0.025406,-0.873871,-0.070877
5969.687960,-0.064133,-0.845261,-0.101852
5969.698102,-0.104614,-0.789291,-0.083313
5969.709968,-0.112366,-0.779343,-0.048538
5969.721389,-0.122604,-0.793655,-0.049744
5969.731359,-0.129913,-0.848495,-0.004272
5969.743388,-0.095337,-0.915115,-0.051071
5969.752527,-0.060318,-0.971024,-0.086227
5969.765776,-0.052155,-0.970108,-0.061768
5969.774724,-0.052902,-0.930283,-0.028778
5969.785854,-0.069336,-0.911713,-0.050491
5969.796661,-0.073151,-0.898163,-0.070023
5969.807187,-0.092361,-0.892059,-0.083054
5969.819306,-0.124893,-0.942749,-0.082809
5969.828332,-0.161621,-0.942093,-0.083633
5969.839544,-0.159836,-1.006012,-0.091385
5969.850022,-0.143082,-1.009262,-0.103638
5969.861178,-0.132584,-0.995956,-0.113098
5969.872146,-0.131683,-0.988251,-0.118912
5969.882172,-0.115967,-0.987610,-0.132156
5969.892408,-0.104523,-0.998383,-0.111496
5969.903821,-0.090347,-1.005142,-0.043213
5969.913930,-0.091537,-1.002975,0.011108
5969.925828,-0.091614,-1.001984,0.014023
5969.935468,-0.106064,-1.011536,-0.022202
5969.947110,-0.115784,-1.038681,-0.078735
5969.957478,-0.133301,-1.083008,-0.111176
5969.967724,-0.154282,-1.125046,-0.074783
5969.977852,-0.195602,-1.136688,-0.026154
5969.988598,-0.238449,-1.124283,-0.025192
5969.999577,-0.247757,-1.091278,-0.037064
5970.009960,-0.164124,-1.103653,-0.092453
5970.021855,-0.096664,-1.142166,-0.220093
5970.031351,-0.039474,-1.204071,-0.199402
5970.043045,-0.026154,-1.153442,-0.066055
5970.053785,-0.013489,-1.052658,0.037125
5970.064122,0.032074,-1.021179,0.129425
5970.075724,0.150009,-1.062012,0.132065
5970.086070,0.344971,-1.117447,-0.017914
5970.096897,0.540344,-1.205643,-0.377640
5970.108097,0.716522,-1.294510,-0.512543
5970.119034,0.633606,-1.409149,-0.522186
5970.129747,0.479599,-1.487961,-0.365463
5970.139795,0.351654,-1.540100,-0.193558
5970.150041,0.194534,-1.556412,-0.148529
5970.160479,0.045959,-1.472366,-0.124695
5970.171637,-0.099609,-1.377762,-0.118225
5970.183772,-0.200562,-1.260727,-0.100082
5970.193646,-0.245728,-1.163910,-0.045746
5970.203705,-0.233185,-1.041107,-0.008560
5970.214054,-0.183426,-0.902710,-0.014221
5970.224509,-0.112411,-0.791061,-0.077682
5970.235352,-0.045044,-0.713272,-0.158676
5970.245556,-0.003006,-0.691971,-0.206284
5970.256508,0.017105,-0.699997,-0.188354
5970.266802,0.008102,-0.718079,-0.151657
5970.277942,-0.024963,-0.713593,-0.148514
5970.288253,-0.036102,-0.747162,-0.128387
5970.299219,-0.082321,-0.707855,-0.184784
5970.309438,-0.109497,-0.659973,-0.190231
5970.319744,-0.138168,-0.628357,-0.152023
5970.331186,-0.131241,-0.610977,-0.135361
5970.340986,-0.068390,-0.641388,-0.191254
5970.350974,0.010056,-0.689606,-0.278809
5970.361041,0.060974,-0.693527,-0.305832
5970.371772,0.082413,-0.712250,-0.292725
5970.382121,0.093979,-0.737686,-0.306061
5970.392481,0.089783,-0.761780,-0.307129
5970.402710,0.071777,-0.734390,-0.311432
5970.412694,0.044205,-0.736877,-0.330490
5970.424151,0.003922,-0.744873,-0.334305
5970.435506,-0.053909,-0.732101,-0.311325
5970.445271,-0.109726,-0.743668,-0.308685
5970.456747,-0.162125,-0.765961,-0.317657
5970.466543,-0.209808,-0.794113,-0.314819
5970.478169,-0.255539,-0.884109,-0.282852
5970.488512,-0.289917,-0.914566,-0.312759
5970.498789,-0.292999,-0.959320,-0.387604
5970.509620,-0.253571,-1.016388,-0.447876
5970.520851,-0.233139,-1.069153,-0.482391
5970.532170,-0.231552,-1.082596,-0.449341
5970.543568,-0.251785,-1.087631,-0.354645
5970.554968,-0.235260,-1.113770,-0.281464
5970.566385,-0.184570,-1.135178,-0.323029
5970.578017,-0.167313,-1.100983,-0.403229
5970.587416,-0.199905,-1.038635,-0.444733
5970.597947,-0.301605,-0.994217,-0.442184
5970.608309,-0.363022,-1.055603,-0.343552
5970.618296,-0.300919,-1.288376,-0.212067
5970.629382,-0.225052,-1.604065,-0.176422
5970.640736,0.041473,-1.782150,0.048965
5970.650309,0.299606,-1.819931,-0.001526
5970.660654,0.593613,-1.863739,-0.187180
5970.670985,0.778854,-1.614410,-0.380112
5970.682161,0.839722,-1.070663,-0.344711
5970.694418,0.745758,-0.712158,-0.398239
5970.703877,0.562485,-0.589920,-0.425644
5970.715113,0.332031,-0.620941,-0.276428
5970.725610,0.200104,-0.890945,0.071075
5970.736836,0.169846,-1.119644,0.085892
5970.747659,0.240662,-1.239960,0.079712
5970.758646,0.277328,-1.183807,0.014526
5970.768963,0.301819,-1.052048,-0.067429
5970.779098,0.285248,-0.910736,-0.138657
5970.790118,0.265457,-0.780762,-0.136185
5970.800354,0.271164,-0.716904,-0.116623
5970.810482,0.288696,-0.727844,-0.109436
5970.823145,0.296631,-0.783096,-0.098572
5970.832491,0.270401,-0.823212,-0.090454
5970.843772,0.238815,-0.837143,-0.087265
5970.853126,0.178116,-0.824539,-0.111938
5970.863285,0.111267,-0.795181,-0.094025
5970.873915,0.044083,-0.759979,-0.067368
5970.885184,-0.004440,-0.735977,-0.085938
5970.895913,-0.047455,-0.729324,-0.070404
5970.905781,-0.090378,-0.758316,-0.016006
5970.916237,-0.121094,-0.819611,0.000763
5970.927526,-0.125900,-0.899033,-0.042084
5970.936723,-0.124100,-0.971786,-0.085724
5970.946849,-0.132492,-0.997711,-0.069397
5970.956860,-0.130768,-0.980179,-0.035370
5970.968544,-0.165421,-0.975739,-0.046844
5970.979166,-0.220383,-0.939926,-0.050003
5970.990142,-0.259293,-0.905289,-0.033401
5971.000978,-0.304260,-0.909378,-0.050934
5971.010788,-0.343338,-0.926102,-0.056656
5971.023163,-0.344391,-0.926071,-0.052795
5971.033215,-0.288116,-0.913467,-0.032104
5971.045216,-0.198135,-0.891998,-0.062134
5971.054763,-0.119125,-0.889725,-0.100174
5971.065841,-0.078903,-0.898254,-0.117722
5971.075697,-0.064911,-0.921692,-0.110611
5971.086047,-0.069427,-0.979630,-0.101974
5971.098096,-0.074249,-1.003632,-0.073914
5971.107432,-0.045120,-1.029984,-0.002396
5971.117434,-0.003296,-1.031570,0.032486
5971.127737,0.016663,-1.019348,0.032944
5971.137866,0.018570,-1.034195,-0.039795
5971.149134,-0.004608,-1.068024,-0.136444
5971.160181,-0.079224,-1.118042,-0.158539
5971.170484,-0.206848,-1.119232,-0.064285
5971.182288,-0.342651,-1.096100,0.022934
5971.191135,-0.405197,-1.082291,0.039978
5971.201904,-0.343628,-1.086609,-0.033386
5971.211581,-0.270142,-1.137802,-0.156982
5971.222128,-0.211197,-1.235687,-0.176071
5971.232452,-0.147125,-1.212082,-0.033829
5971.242916,-0.046082,-1.182465,0.088791
5971.253093,0.127365,-1.225952,0.164536
5971.263684,0.350632,-1.299072,0.069550
5971.273991,0.563477,-1.307541,-0.114014
5971.284313,0.682144,-1.248581,-0.312332
5971.297307,0.720734,-1.218826,-0.436707
5971.305615,0.689606,-1.263840,-0.464600
5971.317334,0.554199,-1.384033,-0.407455
5971.327331,0.432358,-1.513733,-0.248062
5971.337855,0.310501,-1.562561,-0.186707
5971.348854,0.187424,-1.552368,-0.137039
5971.359097,0.026321,-1.455383,-0.085312
5971.369099,-0.115982,-1.285278,-0.048691
5971.379709,-0.216141,-1.184769,-0.048004
5971.390932,-0.244232,-1.084518,-0.028229
5971.401078,-0.187424,-0.924759,0.018661
5971.411079,-0.155151,-0.792007,-0.021347
5971.422893,-0.109818,-0.729233,-0.092178
5971.432575,-0.068573,-0.702179,-0.155334
5971.444577,-0.040237,-0.737595,-0.173157
5971.454790,-0.044968,-0.756805,-0.154816
5971.465866,-0.063736,-0.755432,-0.137756
5971.476969,-0.093369,-0.771332,-0.133575
5971.487488,-0.107910,-0.726578,-0.139709
5971.498377,-0.114365,-0.677048,-0.122360
5971.508014,-0.094681,-0.630875,-0.102509
5971.519422,-0.057556,-0.583298,-0.133698
5971.529714,0.070038,-0.691483,-0.235703
5971.540630,0.116333,-0.722321,-0.238571
5971.552144,0.130508,-0.730423,-0.259613
5971.561053,0.133545,-0.734344,-0.261475
5971.572347,0.140884,-0.724777,-0.254532
5971.583562,0.148361,-0.721191,-0.292206
5971.594755,0.131210,-0.704559,-0.323685
5971.605930,0.073074,-0.683075,-0.296814
5971.616720,0.014526,-0.704239,-0.290375
5971.627374,-0.020020,-0.751038,-0.291153
5971.637424,-0.061142,-0.766739,-0.293045
5971.649655,-0.099197,-0.786377,-0.297775
5971.660752,-0.136414,-0.800232,-0.303482
5971.670438,-0.167831,-0.819031,-0.304184
5971.681963,-0.188370,-0.851532,-0.300766
5971.691816,-0.204300,-0.890030,-0.322495
5971.702234,-0.215317,-0.950012,-0.370316
5971.711745,-0.216522,-1.029633,-0.447052
5971.722996,-0.243927,-1.095108,-0.489410
5971.734270,-0.286346,-1.107666,-0.433090
5971.745303,-0.327072,-1.081299,-0.321396
5971.757180,-0.311401,-1.067795,-0.255966
5971.766494,-0.309723,-1.078735,-0.322937
5971.777880,-0.269424,-1.039917,-0.355042
5971.789030,-0.295074,-1.044159,-0.324554
5971.798506,-0.230316,-1.275223,-0.229889
5971.810536,-0.095978,-1.616135,-0.187103
5971.820259,0.118912,-1.906952,-0.083267
5971.832258,0.426163,-1.983917,-0.030731
5971.842675,0.771103,-1.991043,-0.246323
5971.854280,0.915573,-1.732040,-0.625595
5971.864759,0.938339,-1.044693,-0.422104
5971.874932,0.714249,-0.568237,-0.361053
5971.885226,0.435638,-0.392761,-0.331375
5971.896227,0.204681,-0.507034,-0.195786
5971.906407,0.084869,-0.838760,0.018951
5971.917761,0.072449,-1.180527,0.147781
5971.928234,0.133102,-1.333282,0.205460
5971.939426,0.189178,-1.246506,0.145554
5971.949233,0.241196,-1.101028,-0.021210
5971.959583,0.278458,-0.989944,-0.133987
5971.970464,0.285263,-0.891495,-0.161972
5971.981241,0.290573,-0.781204,-0.134644
5971.994640,0.306992,-0.770706,-0.100296
5972.003727,0.303619,-0.805405,-0.081924
5972.015216,0.249634,-0.843140,-0.088959
5972.026258,0.183868,-0.851593,-0.076843
5972.036239,0.121811,-0.822327,-0.057861
5972.046518,0.086823,-0.785843,-0.045029
5972.057213,0.054886,-0.746567,-0.044785
5972.068857,0.035751,-0.722000,-0.038422
5972.079301,0.008423,-0.754379,-0.032227
5972.088285,-0.038574,-0.799789,0.006500
5972.098577,-0.096146,-0.857758,0.010040
5972.109983,-0.112823,-0.933060,-0.026245
5972.119261,-0.102386,-0.984619,-0.045425
5972.129348,-0.095322,-0.975967,-0.024872
5972.140275,-0.108215,-0.945633,0.000061
5972.149783,-0.141891,-0.915009,0.003204
5972.159862,-0.168640,-0.884552,-0.003235
5972.169999,-0.189529,-0.877518,-0.029892
5972.180213,-0.218796,-0.884827,-0.053848
5972.190343,-0.246567,-0.930756,-0.057404
5972.200702,-0.272430,-0.983475,-0.050217
5972.210946,-0.269516,-0.993179,-0.039474
5972.220807,-0.223282,-0.972794,-0.055893
5972.231672,-0.197083,-0.949219,-0.090286
5972.241964,-0.195984,-0.911530,-0.096069
5972.253181,-0.195404,-0.898941,-0.092178
5972.263524,-0.185852,-0.903900,-0.081268
5972.273659,-0.156448,-0.920898,-0.080612
5972.285178,-0.125641,-0.947601,-0.087692
5972.295745,-0.094513,-0.956696,-0.040390
5972.305523,-0.069748,-0.970352,0.039764
5972.316405,-0.054672,-0.978256,0.067291
5972.327690,-0.044464,-0.997025,0.018967
5972.337497,-0.050674,-1.009888,-0.084076
5972.348007,-0.072769,-1.068802,-0.157394
5972.359241,-0.122711,-1.086273,-0.151718
5972.368276,-0.201630,-1.082611,-0.080673
5972.378862,-0.283432,-1.062515,-0.029099
5972.389665,-0.328125,-1.021072,-0.022354
5972.399894,-0.281952,-1.009338,-0.026154
5972.409982,-0.183807,-1.050262,-0.138519
5972.420233,-0.115219,-1.205521,-0.180710
5972.431721,-0.109482,-1.205444,-0.131058
5972.443064,-0.081390,-1.141479,0.018127
5972.453206,-0.001511,-1.156921,0.145157
5972.463742,0.166534,-1.224457,0.231445
5972.473130,0.401566,-1.310532,0.097870
5972.484771,0.642471,-1.334320,-0.160797
5972.495154,0.824326,-1.388809,-0.378082
5972.505976,0.882950,-1.464874,-0.500107
5972.516135,0.776047,-1.540588,-0.565613
5972.527718,0.561279,-1.599869,-0.392746
5972.538860,0.336777,-1.562088,-0.194855
5972.548069,0.150772,-1.482803,-0.086411
5972.559083,-0.004547,-1.391708,-0.024826
5972.569754,-0.130814,-1.283981,-0.033478
5972.580026,-0.212479,-1.208084,-0.056656
5972.590417,-0.233826,-0.996674,-0.031876
5972.601206,-0.179932,-0.887299,-0.014160
5972.612189,-0.115189,-0.812042,-0.012695
5972.621712,-0.055466,-0.769135,-0.146301
5972.632625,-0.024094,-0.758072,-0.135880
5972.642219,-0.017197,-0.763046,-0.135727
5972.653657,-0.012558,-0.745575,-0.100677
5972.662965,-0.042908,-0.717010,-0.116882
5972.674177,-0.081390,-0.667068,-0.140076
5972.685348,-0.091843,-0.622421,-0.155853
5972.695413,-0.072647,-0.600433,-0.130173
5972.707383,-0.079758,-0.575195,-0.144897
5972.717781,-0.043625,-0.577850,-0.159622
5972.728134,0.005875,-0.616714,-0.214813
5972.738627,0.068405,-0.673218,-0.270721
5972.748593,0.089203,-0.732590,-0.269287
5972.761779,0.080566,-0.738251,-0.265594
5972.771697,0.085297,-0.758728,-0.281982
5972.783732,0.080231,-0.730652,-0.303467
5972.793780,0.070923,-0.700531,-0.311447
5972.803974,0.040283,-0.698105,-0.327667
5972.815312,-0.000061,-0.699341,-0.337296
5972.826197,-0.053848,-0.709976,-0.340454
5972.837315,-0.107925,-0.710938,-0.341660
5972.846866,-0.163086,-0.735153,-0.355545
5972.857544,-0.222168,-0.771805,-0.351028
5972.868389,-0.284531,-0.816971,-0.318451
5972.879510,-0.334549,-0.895447,-0.327362
5972.890111,-0.327744,-0.955811,-0.395187
5972.900494,-0.292892,-1.042908,-0.476929
5972.910563,-0.282379,-1.096558,-0.543701
5972.922998,-0.289368,-1.142792,-0.523483
5972.932165,-0.308914,-1.167068,-0.390884
5972.942909,-0.310989,-1.145447,-0.319092
5972.953736,-0.246399,-1.104202,-0.360336
5972.963746,-0.192123,-1.021454,-0.466919
5972.973254,-0.245773,-0.916992,-0.478790
5972.983810,-0.316971,-0.922150,-0.395905
5972.994684,-0.255066,-1.181885,-0.223663
5973.005954,-0.096817,-1.582062,-0.142456
5973.016031,0.147461,-1.978043,-0.068069
5973.027870,0.512070,-1.985443,-0.023956
5973.037322,0.805435,-1.991745,-0.268860
5973.047260,0.986374,-1.407074,-0.339493
5973.058011,0.984802,-0.889435,-0.337555
5973.068293,0.827118,-0.734055,-0.426514
5973.079004,0.514984,-0.704758,-0.326706
5973.090462,0.253525,-0.736389,0.010132
5973.100967,0.022308,-0.801147,0.190384
5973.111457,-0.094116,-0.882294,0.173218
5973.121587,-0.037704,-1.017166,0.089005
5973.132892,0.095901,-1.085678,0.021118
5973.142558,0.222122,-1.086121,-0.005142
5973.153461,0.302139,-1.036499,-0.054794
5973.163883,0.362106,-0.964417,-0.143738
5973.173794,0.400299,-0.905319,-0.192398
5973.183850,0.404694,-0.838501,-0.160263
5973.194704,0.343185,-0.787827,-0.100449
5973.204331,0.267838,-0.779541,-0.066223
5973.215281,0.161652,-0.807693,-0.085114
5973.225754,0.085617,-0.813889,-0.046997
5973.236931,0.036560,-0.800339,-0.027725
5973.247588,0.023651,-0.791367,-0.023163
5973.257986,0.017426,-0.767105,-0.031067
5973.269322,0.011246,-0.768845,-0.010818
5973.279519,-0.007919,-0.806259,-0.019012
5973.290788,-0.032150,-0.862045,-0.039963
5973.300526,-0.058029,-0.905121,-0.045395
5973.312372,-0.088013,-0.907455,-0.041214
5973.321980,-0.108292,-0.921539,-0.025162
5973.331898,-0.118668,-0.941620,-0.012787
5973.343549,-0.136429,-0.959702,-0.019989
5973.354028,-0.177536,-0.917480,-0.047104
5973.365683,-0.191895,-0.906647,-0.065872
5973.374978,-0.204971,-0.927673,-0.062302
5973.386307,-0.220139,-0.950562,-0.049042
5973.396729,-0.224854,-0.958206,-0.046234
5973.407474,-0.195526,-0.953033,-0.067902
5973.418971,-0.179871,-0.937927,-0.094727
5973.428429,-0.180573,-0.935089,-0.110275
5973.438635,-0.191833,-0.941666,-0.118301
5973.449623,-0.202484,-0.968628,-0.130219
5973.459275,-0.197342,-0.981293,-0.131058
5973.470772,-0.176605,-0.969040,-0.119904
5973.480417,-0.138260,-0.941391,-0.046219
5973.491130,-0.084503,-0.921722,0.038452
5973.503776,-0.019836,-0.932663,0.010788
5973.513088,0.023880,-0.972565,-0.090149
5973.524503,0.041016,-1.015945,-0.210190
5973.534972,0.048386,-1.064697,-0.271210
5973.546534,0.013245,-1.070724,-0.246750
5973.556007,-0.086639,-1.043304,-0.126648
5973.567632,-0.234772,-1.019791,-0.005676
5973.576262,-0.309586,-1.026062,0.020752
5973.586791,-0.253677,-1.071869,-0.053680
5973.597393,-0.157883,-1.149109,-0.058334
5973.608225,-0.090912,-1.183289,-0.076263
5973.620744,-0.052338,-1.075378,-0.018097
5973.630181,-0.040054,-1.022247,0.022934
5973.642980,0.048004,-1.060440,0.062775
5973.651521,0.218323,-1.107620,-0.074158
5973.661965,0.354599,-1.123505,-0.283737
5973.673518,0.428360,-1.443161,-0.281158
5973.683345,0.547272,-1.787811,-0.281418
5973.695091,0.653046,-1.948639,-0.337326
5973.705284,0.543839,-1.965744,-0.270828
5973.716388,0.333908,-1.794037,-0.147385
5973.725621,0.096741,-1.544617,-0.062378
5973.736960,-0.128860,-1.293823,-0.068359
5973.747683,-0.278015,-1.107224,-0.048416
5973.758439,-0.349487,-0.991592,-0.007309
5973.768810,-0.374176,-0.890533,-0.011719
5973.778286,-0.317383,-0.821808,0.007980
5973.789201,-0.218643,-0.726974,-0.021805
5973.799487,-0.122787,-0.655396,-0.070129
5973.809834,-0.057236,-0.619965,-0.104568
5973.821335,-0.056610,-0.569839,-0.148254
5973.830892,-0.064743,-0.571716,-0.172714
5973.842541,-0.089584,-0.579819,-0.131516
5973.852167,-0.122299,-0.625656,-0.129349
5973.862185,-0.111023,-0.638489,-0.144638
5973.872648,-0.081558,-0.641998,-0.162415
5973.882763,-0.040207,-0.656387,-0.180908
5973.893621,0.026016,-0.696365,-0.203690
5973.903676,0.073318,-0.720490,-0.217194
5973.913793,0.134689,-0.741913,-0.214874
5973.924026,0.205948,-0.759705,-0.226852
5973.935369,0.235977,-0.759491,-0.275681
5973.945160,0.248322,-0.707489,-0.282211
5973.956060,0.247421,-0.716339,-0.320084
5973.967848,0.220337,-0.714874,-0.321671
5973.977419,0.150558,-0.719360,-0.306717
5973.988736,0.058533,-0.740768,-0.271912
5973.999758,-0.026962,-0.770126,-0.260254
5974.009947,-0.103027,-0.808472,-0.273605
5974.020080,-0.177856,-0.823578,-0.281113
5974.030365,-0.238617,-0.835999,-0.273712
5974.042449,-0.285950,-0.848618,-0.258286
5974.051939,-0.299805,-0.873520,-0.258591
5974.063035,-0.267639,-0.911118,-0.319061
5974.074149,-0.209930,-0.980255,-0.406128
5974.084690,-0.159500,-1.038559,-0.482681
5974.095861,-0.155014,-1.013535,-0.496170
5974.106207,-0.200760,-1.012466,-0.436020
5974.116499,-0.294235,-1.039169,-0.279861
5974.126481,-0.291519,-1.134094,-0.294373
5974.137806,-0.219437,-1.199417,-0.333542
5974.149675,-0.221451,-1.178360,-0.400589
5974.159491,-0.241562,-1.173019,-0.369949
5974.170036,-0.164154,-1.323883,-0.238129
5974.180081,-0.005875,-1.582748,-0.145264
5974.191428,0.227158,-1.850601,-0.012863
5974.201141,0.529297,-1.985535,0.030762
5974.211587,0.823883,-1.991562,-0.136398
5974.221343,0.969345,-1.534500,-0.341843
5974.231434,0.899826,-0.945267,-0.411316
5974.241401,0.673981,-0.570816,-0.464890
5974.251947,0.375061,-0.454697,-0.362854
5974.261929,0.149780,-0.576553,-0.166931
5974.272796,0.057159,-0.844284,-0.035019
5974.283281,0.023453,-1.094177,-0.015427
5974.293833,0.098343,-1.266418,0.076508
5974.303808,0.131500,-1.258209,0.099579
5974.315770,0.184402,-1.146286,0.023102
5974.325388,0.222580,-1.015930,-0.111923
5974.337099,0.250381,-0.888931,-0.161774
5974.347816,0.267303,-0.774963,-0.138092
5974.359015,0.289520,-0.720139,-0.112335
5974.368729,0.303146,-0.722321,-0.113968
5974.378561,0.311661,-0.751511,-0.115723
5974.389722,0.281677,-0.772141,-0.090210
5974.399648,0.231613,-0.790527,-0.076752
5974.410047,0.169754,-0.802902,-0.062607
5974.420162,0.102371,-0.798645,-0.034012
5974.430318,0.036835,-0.790588,-0.007324
5974.442542,-0.003677,-0.797562,-0.001450
5974.451987,-0.036301,-0.812424,0.005585
5974.462413,-0.062851,-0.828415,0.000122
5974.472050,-0.091522,-0.866653,-0.015076
5974.483388,-0.110092,-0.890533,-0.022278
5974.494525,-0.112930,-0.916687,-0.040802
5974.505067,-0.135361,-0.920074,-0.025772
5974.517078,-0.168442,-0.932907,-0.000305
5974.526458,-0.191315,-0.940277,-0.006638
5974.537476,-0.214645,-0.927307,-0.015900
5974.547784,-0.245850,-0.927826,-0.048645
5974.557404,-0.274170,-0.944794,-0.059967
5974.569475,-0.303864,-0.968384,-0.045090
5974.579143,-0.296951,-0.985855,-0.030380
5974.589833,-0.273392,-0.924362,-0.029846
5974.600966,-0.199707,-0.913406,-0.100021
5974.611225,-0.182281,-0.911804,-0.102570
5974.622297,-0.172699,-0.925430,-0.082932
5974.633178,-0.143143,-0.943420,-0.088089
5974.642663,-0.124008,-0.960266,-0.104172
5974.653758,-0.101196,-0.966400,-0.078400
5974.665167,-0.076355,-0.981033,-0.001160
5974.674489,-0.056427,-0.988846,0.072083
5974.685249,-0.054367,-0.986023,0.062439
5974.696681,-0.041626,-1.016708,-0.046982
5974.706720,-0.049591,-1.060562,-0.166595
5974.717439,-0.082443,-1.100601,-0.164413
5974.727167,-0.149460,-1.130920,-0.066879
5974.737084,-0.234711,-1.140701,0.000122
5974.748302,-0.309708,-1.116119,-0.001572
5974.758966,-0.308975,-1.091064,-0.020935
5974.769828,-0.212967,-1.094971,-0.077042
5974.780533,-0.083908,-1.184784,-0.177094
5974.792438,0.007568,-1.207932,-0.224533
5974.800809,0.046478,-1.098953,-0.140152
5974.812058,0.030289,-1.040970,0.008041
5974.821613,0.059814,-1.084595,0.128098
5974.831735,0.215530,-1.151520,0.064590
5974.841970,0.439362,-1.208588,-0.122604
5974.853222,0.645584,-1.301102,-0.303467
5974.864403,0.731522,-1.420242,-0.431656
5974.874613,0.645477,-1.549408,-0.458847
5974.884981,0.465164,-1.592072,-0.334717
5974.895823,0.328430,-1.591858,-0.176605
5974.906156,0.183182,-1.554138,-0.116745
5974.917910,0.039658,-1.455597,-0.075287
5974.927225,-0.116135,-1.309479,-0.057419
5974.938848,-0.230255,-1.202896,-0.045395
5974.949126,-0.273651,-1.109146,-0.025009
5974.958749,-0.283310,-1.029648,-0.029099
5974.968761,-0.228470,-0.917374,-0.014267
5974.979355,-0.170914,-0.782028,-0.019760
5974.990819,-0.095062,-0.670273,-0.037460
5974.999993,-0.031021,-0.607758,-0.078735
5975.012736,-0.012909,-0.587021,-0.137558
5975.021540,-0.026886,-0.629440,-0.157303
5975.032037,-0.060806,-0.640335,-0.139618
5975.042266,-0.081696,-0.627350,-0.127472
5975.053180,-0.093170,-0.638901,-0.164612
5975.063432,-0.091965,-0.635101,-0.181091
5975.074494,-0.055222,-0.638672,-0.177353
5975.084397,-0.001068,-0.660065,-0.199448
5975.095010,0.044403,-0.713242,-0.230469
5975.106389,0.135239,-0.753769,-0.272125
5975.115889,0.187103,-0.781982,-0.314651
5975.126256,0.200912,-0.777466,-0.332794
5975.137172,0.198013,-0.755081,-0.314407
5975.146939,0.182480,-0.739380,-0.329330
5975.157240,0.144531,-0.709763,-0.353485
5975.167258,0.144302,-0.699112,-0.355423
5975.177840,0.005585,-0.691696,-0.339127
5975.187862,-0.097229,-0.723663,-0.329788
5975.199185,-0.200943,-0.756561,-0.322403
5975.209011,-0.294083,-0.816635,-0.278870
5975.219060,-0.380142,-0.868195,-0.260391
5975.229853,-0.408585,-0.921127,-0.314468
5975.239833,-0.383911,-1.014832,-0.410049
5975.249946,-0.330475,-1.105164,-0.498169
5975.260085,-0.301651,-1.133774,-0.502380
5975.270738,-0.294876,-1.122925,-0.422623
5975.281592,-0.297363,-1.111038,-0.365387
5975.291382,-0.272156,-1.125961,-0.351227
5975.303220,-0.219330,-1.101822,-0.363632
5975.313708,-0.211090,-1.033340,-0.378967
5975.324207,-0.258850,-0.995804,-0.404312
5975.334420,-0.267746,-1.135590,-0.319092
5975.344934,-0.192993,-1.443130,-0.194122
5975.356620,-0.150055,-1.797684,-0.108719
5975.366135,0.115997,-1.977783,0.095291
5975.376319,0.446136,-1.984406,-0.060394
5975.386311,0.840652,-1.992477,-0.288452
5975.396534,0.971054,-1.311325,-0.416534
5975.409236,0.906754,-0.755600,-0.372299
5975.418405,0.675415,-0.407898,-0.361908
5975.431083,0.381912,-0.325668,-0.247131
5975.439833,0.180084,-0.453781,-0.055542
5975.451747,0.053192,-0.756805,0.047379
5975.461235,-0.014267,-1.094269,0.032242
5975.472239,0.041534,-1.282562,0.132507
5975.483562,0.112778,-1.231628,0.130249
5975.493971,0.222534,-1.082169,0.016220
5975.504753,0.317474,-0.944138,-0.113663
5975.514874,0.400101,-0.870453,-0.178818
5975.526298,0.423660,-0.813736,-0.172455
5975.537777,0.381866,-0.771179,-0.120956
5975.548193,0.303345,-0.755875,-0.037277
5975.559492,0.238281,-0.767166,-0.009613
5975.570069,0.131393,-0.773773,0.025833
5975.580952,0.112701,-0.794754,0.020554
5975.590752,0.110397,-0.825821,-0.015381
5975.602348,0.103516,-0.840286,-0.038864
5975.613540,0.080399,-0.849518,-0.031601
5975.623113,0.034378,-0.871887,-0.021942
5975.634475,-0.013229,-0.899063,-0.022049
5975.644218,-0.050217,-0.935120,-0.012207
5975.654661,-0.097717,-0.951569,0.013885
5975.666207,-0.126633,-0.956833,0.017120
5975.676577,-0.148224,-0.945023,-0.028015
5975.688891,-0.182983,-0.924179,-0.054031
5975.699257,-0.225510,-0.933044,-0.044296
5975.709881,-0.263855,-0.955505,-0.032547
5975.720035,-0.294479,-0.966553,-0.033234
5975.730413,-0.304428,-0.960556,-0.027634
5975.742075,-0.286652,-0.959015,-0.046646
5975.752128,-0.269852,-0.955551,-0.069565
5975.763919,-0.235229,-0.938812,-0.081406
5975.773607,-0.205399,-0.936432,-0.076859
5975.784800,-0.190140,-0.950333,-0.096909
5975.795116,-0.183823,-0.948608,-0.123947
5975.805058,-0.188843,-0.948486,-0.114349
5975.816465,-0.193253,-0.943481,-0.094070
5975.826783,-0.182587,-0.948318,-0.044312
5975.838096,-0.183502,-0.965485,0.019730
5975.849481,-0.098206,-0.977463,0.068253
5975.859141,-0.058380,-1.006317,0.047791
5975.869166,-0.032242,-1.023727,-0.071045
5975.880340,-0.027786,-1.026215,-0.187454
5975.890524,-0.075104,-1.027298,-0.188522
5975.901344,-0.139023,-1.044235,-0.116180
5975.912177,-0.200546,-1.064163,-0.062195
5975.924367,-0.236877,-1.056671,-0.044586
5975.933217,-0.244598,-1.025513,-0.036011
5975.944199,-0.147751,-1.029068,0.004990
5975.954532,-0.050827,-1.034119,-0.093781
5975.965649,0.087097,-1.144180,-0.132446
5975.975046,0.251190,-1.216980,-0.172485
5975.986155,0.318222,-1.128510,-0.248642
5975.997879,0.279800,-1.038742,-0.231033
5976.007191,0.161911,-0.915939,-0.058899
5976.017570,0.067627,-0.815201,0.028305
5976.027601,0.074738,-0.828629,-0.155045
5976.037814,0.210754,-0.983505,-0.277252
5976.047960,0.385162,-1.329819,-0.202499
5976.058988,0.539093,-1.689056,-0.057312
5976.071051,0.629776,-1.929581,-0.034897
5976.080708,0.538727,-1.986588,-0.186493
5976.090272,0.348434,-1.960251,-0.269394
5976.100851,0.078247,-1.724640,-0.160873
5976.112699,-0.160736,-1.441116,-0.030289
5976.123085,-0.353516,-1.147415,-0.041382
5976.133131,-0.500229,-0.943802,-0.112610
5976.143820,-0.547729,-0.756943,-0.055405
5976.153529,-0.473846,-0.629196,0.046234
5976.163731,-0.257889,-0.698059,0.017105
5976.175131,-0.038895,-0.779282,-0.186722
5976.185568,0.117416,-0.848083,-0.229813
5976.197243,0.172653,-0.869156,-0.166443
5976.206502,0.158173,-0.825989,-0.081314
5976.217849,0.121780,-0.767258,-0.075317
5976.227668,0.056198,-0.708313,-0.153519
5976.238939,0.012589,-0.664001,-0.155457
5976.249331,0.012207,-0.710495,-0.172928
5976.259454,0.014679,-0.781296,-0.204926
5976.269519,0.025787,-0.831848,-0.213425
5976.279726,0.018478,-0.885880,-0.213593
5976.292028,0.095779,-0.908478,-0.186600
5976.302222,0.138901,-0.894928,-0.230316
5976.314469,0.152008,-0.852707,-0.262054
5976.324016,0.130264,-0.769058,-0.246994
5976.334659,0.110382,-0.681580,-0.234802
5976.345732,0.101654,-0.693130,-0.265106
5976.355578,0.057358,-0.684677,-0.283585
5976.365665,0.007660,-0.692368,-0.253616
5976.375443,-0.021805,-0.736420,-0.270798
5976.385527,-0.031982,-0.792511,-0.314743
5976.395785,-0.065521,-0.832596,-0.327133
5976.406333,-0.107513,-0.852936,-0.282440
5976.417983,-0.163391,-0.845016,-0.254562
5976.427940,-0.211563,-0.843216,-0.263412
5976.438714,-0.255768,-0.841507,-0.278015
5976.448530,-0.290680,-0.841812,-0.271988
5976.458955,-0.318604,-0.858856,-0.301758
5976.470527,-0.333008,-0.889603,-0.315659
5976.481778,-0.354019,-0.901794,-0.313232
5976.491764,-0.366409,-0.902390,-0.275635
5976.502565,-0.365067,-0.888611,-0.217346
5976.513108,-0.348038,-0.889832,-0.198532
5976.524048,-0.289246,-0.931656,-0.232147
5976.534580,-0.190720,-0.976181,-0.267822
5976.546858,-0.113907,-0.968979,-0.298111
5976.556434,-0.044891,-0.983780,-0.298508
5976.568768,0.019806,-1.097946,-0.250473
5976.577673,0.052689,-1.267426,-0.141022
5976.588424,0.217834,-1.588852,0.068497
5976.600318,0.397614,-1.982376,0.221039
5976.609667,0.894424,-1.991348,0.232193
5976.620661,1.316818,-2.000092,-0.034042
5976.629992,1.444016,-2.003784,-0.378784
5976.641546,0.725967,-0.812546,0.524658
5976.653109,0.217987,0.174408,0.189056
5976.662609,-0.095276,0.484116,0.006332
5976.674196,-0.299377,0.613968,-0.141922
5976.684071,-0.434128,0.583801,-0.316818
5976.694864,-0.407928,0.199570,-0.225967
5976.706086,-0.093918,-0.518066,0.046036
5976.716768,0.209305,-0.903549,0.109116
5976.727728,0.593079,-1.394714,0.238098
5976.737888,0.818222,-1.730087,0.139236
5976.748868,0.866150,-1.578751,-0.024719
5976.759216,0.627014,-1.151764,-0.060135
5976.769502,0.382065,-0.862503,0.025620
5976.780514,0.159531,-0.781235,-0.016205
5976.790924,0.017960,-0.824203,-0.033005
5976.802371,-0.058044,-0.911667,0.009933
5976.812377,-0.096222,-1.000977,0.002274
5976.824082,-0.049500,-1.027100,-0.027740
5976.832957,0.016327,-1.007324,-0.102951
5976.843578,0.087051,-0.945877,-0.140213
5976.853752,0.133011,-0.879028,-0.153732
5976.863742,0.153397,-0.848404,-0.148407
5976.874355,0.128021,-0.864273,-0.117920
5976.884518,0.074463,-0.912537,-0.087082
5976.894736,0.014786,-0.990631,-0.049591
5976.904976,-0.034470,-1.060226,-0.013809
5976.916949,-0.066269,-1.115692,0.003906
5976.926743,-0.072708,-1.134888,0.010559
5976.937194,-0.058411,-1.113937,-0.005615
5976.947955,-0.042557,-1.063080,-0.039246
5976.959103,-0.018799,-1.022034,-0.069778
5976.969605,-0.001968,-0.998154,-0.070374
5976.979938,0.023300,-0.976288,-0.058136
5976.990749,0.057571,-0.980865,-0.074844
5977.000680,0.078644,-0.990051,-0.099625
5977.010936,0.089432,-0.989319,-0.108109
5977.023042,0.094696,-0.962357,-0.115768
5977.033025,0.084030,-0.960236,-0.115997
5977.044388,0.082016,-0.959213,-0.114105
5977.055098,0.079086,-0.958206,-0.114166
5977.065005,0.063171,-0.938553,-0.115494
5977.074947,0.026886,-0.891403,-0.101746
5977.086163,-0.016006,-0.856674,-0.079391
5977.096436,-0.046005,-0.839569,-0.051895
5977.107025,-0.070969,-0.851669,-0.045685
5977.117974,-0.077209,-0.907684,-0.048721
5977.129169,-0.019836,-1.064316,-0.244583
5977.139688,-0.016296,-1.197891,-0.481415
5977.150068,-0.124863,-1.101746,-0.398407
5977.161323,-0.154068,-1.100296,0.068924
5977.171734,0.006027,-1.151489,0.329819
5977.181919,0.210556,-1.148315,0.113998
5977.191982,0.354660,-1.096802,-0.135193
5977.202261,0.367813,-0.948914,-0.112534
5977.212453,0.331772,-0.778229,0.063354
5977.222854,0.326675,-0.729965,0.016647
5977.233324,0.290634,-0.813324,-0.189987
5977.243796,0.184692,-0.974197,-0.244827
5977.254118,0.068665,-1.080887,-0.113449
5977.265183,0.023514,-1.115738,-0.085342
5977.274638,0.036758,-1.077591,-0.163681
5977.285452,0.080521,-1.000259,-0.222885
5977.296085,0.135834,-0.930466,-0.179901
5977.306896,0.207657,-0.909302,-0.127777
5977.317998,0.200562,-0.923935,-0.186218
5977.327402,0.131500,-0.941086,-0.190659
5977.338592,0.066803,-0.965729,-0.118332
5977.351146,0.030807,-1.018188,-0.090012
5977.360756,0.018997,-1.076065,-0.100967
5977.371076,0.019836,-1.107040,-0.103867
5977.381584,0.047089,-1.092163,-0.131409
5977.391761,0.074402,-1.042435,-0.157013
5977.403091,0.093964,-0.951996,-0.184708
5977.413469,0.111038,-0.933929,-0.192108
5977.425035,0.074768,-0.932220,-0.170578
5977.435526,0.036041,-0.944977,-0.151047
5977.446158,0.011978,-0.956131,-0.141907
5977.455967,0.022888,-0.971771,-0.135818
5977.467155,0.053101,-0.985855,-0.132233
5977.479936,0.085922,-1.001053,-0.156754
5977.488866,0.108551,-1.001556,-0.175674
5977.500728,0.116974,-0.991058,-0.175476
5977.510712,0.120529,-0.983337,-0.169556
5977.521352,0.113113,-0.989059,-0.177490
5977.531968,0.099854,-1.002350,-0.174866
5977.542964,0.085373,-1.008850,-0.168411
5977.553738,0.068176,-1.019180,-0.164902
5977.563248,0.061295,-1.020935,-0.157303
5977.574381,0.057816,-1.008255,-0.145706
5977.584217,0.072296,-1.007538,-0.145386
5977.595909,0.089783,-1.002090,-0.155685
5977.607289,0.107834,-0.986008,-0.160141
5977.617079,0.119110,-0.975540,-0.156952
5977.629116,0.114288,-0.969696,-0.164856
5977.639692,0.107254,-0.962769,-0.161133
5977.651259,0.091019,-0.977905,-0.151779
5977.662290,0.044968,-0.995438,-0.146988
5977.671380,0.044891,-1.006027,-0.130478
5977.684329,0.019470,-1.002594,-0.120361
5977.694491,0.024445,-0.998886,-0.130951
5977.703932,0.029938,-0.982544,-0.136627
5977.715483,0.039597,-0.978897,-0.141281
5977.726038,0.042740,-0.991501,-0.138306
5977.738461,0.053986,-1.005295,-0.149689
5977.748540,0.050110,-1.004242,-0.150742
5977.758509,0.038483,-1.001144,-0.152954
5977.768599,0.025406,-0.988297,-0.144501
5977.778709,0.018234,-0.976532,-0.138840
5977.789928,0.010513,-0.978333,-0.137070
5977.799812,0.009781,-0.985092,-0.140015
5977.810232,0.013931,-0.998718,-0.136993
5977.821745,0.015915,-1.003555,-0.134033
