6041.269381,-0.058131,-0.242648,0.000532
6041.278527,-0.054554,-0.299892,0.004716
6041.296563,-0.046927,-0.393823,-0.009566
6041.314521,-0.061007,-0.406198,-0.031810
6041.332440,-0.064122,-0.399069,-0.056658
6041.342086,-0.054164,-0.407663,-0.068379
6041.351232,-0.048933,-0.415090,-0.086001
6041.369013,-0.055636,-0.416515,-0.113104
6041.378161,-0.043473,-0.438435,-0.114060
6041.387307,-0.026606,-0.467606,-0.107865
6041.396663,-0.008453,-0.484613,-0.105352
6041.405809,0.011034,-0.487036,-0.108906
6041.415112,0.032924,-0.491883,-0.111258
6041.424258,0.051029,-0.519841,-0.106260
6041.433524,0.064160,-0.564829,-0.095158
6041.442670,0.072435,-0.593985,-0.084226
6041.460460,0.046555,-0.592684,-0.065309
6041.469930,0.024439,-0.587762,-0.052340
6041.479076,0.006008,-0.559695,-0.042003
6041.488622,-0.007551,-0.503597,-0.033175
6041.497768,-0.011376,-0.458457,-0.025423
6041.506768,0.000577,-0.441312,-0.017386
6041.515914,0.021175,-0.431512,-0.016363
6041.525044,0.041798,-0.421721,-0.016520
6041.534190,0.052720,-0.430229,-0.016447
6041.543687,0.049134,-0.449752,-0.018576
6041.552833,0.033390,-0.463197,-0.019568
6041.570190,0.003038,-0.482750,-0.018099
6041.579635,-0.018825,-0.486442,-0.016830
6041.588781,-0.044279,-0.486502,-0.017954
6041.597954,-0.058863,-0.484086,-0.016770
6041.607100,-0.066245,-0.475537,-0.012132
6041.625056,-0.068599,-0.463381,-0.015805
6041.634201,-0.045546,-0.466990,-0.015814
6041.643347,-0.012861,-0.476647,-0.012236
6041.653173,0.016211,-0.494850,-0.009732
6041.662319,0.035728,-0.511906,-0.014299
6041.680297,0.040799,-0.477848,-0.025316
6041.689526,0.034729,-0.465674,-0.025441
6041.698672,0.029824,-0.457137,-0.023168
6041.707984,0.024865,-0.432740,-0.018717
6041.717130,0.022307,-0.404674,-0.013133
6041.735084,0.039067,-0.402127,-0.002581
6041.753077,0.077669,-0.415378,0.008104
6041.762931,0.093219,-0.428676,0.018839
6041.772077,0.106320,-0.451719,0.030870
6041.790085,0.120560,-0.482047,0.046521
6041.807946,0.082449,-0.379598,0.067851
6041.817297,0.060558,-0.261425,0.067732
6041.826443,0.049815,-0.154273,0.057096
6041.835616,0.049928,-0.101912,0.050600
6041.844762,0.048687,-0.089720,0.051644
6041.862807,0.029026,-0.099425,0.063594
6041.871952,0.022738,-0.115205,0.074405
6041.881098,0.012837,-0.139531,0.084142
6041.890242,0.001824,-0.167549,0.089204
6041.899388,0.006708,-0.194358,0.088319
6041.908527,0.031054,-0.216269,0.084977
6041.917673,0.056560,-0.230849,0.083908
6041.926979,0.067557,-0.239383,0.080442
6041.936125,0.064119,-0.243113,0.071054
6041.954259,0.043826,-0.271292,0.056083
6041.963765,0.042664,-0.279842,0.053824
6041.972911,0.043898,-0.259131,0.052405
6041.990828,0.054583,-0.222474,0.062582
6041.999969,0.069119,-0.229748,0.063813
6042.009115,0.081278,-0.234606,0.062662
6042.019003,0.088456,-0.230902,0.067323
6042.028149,0.090705,-0.218652,0.075436
6042.045690,0.076208,-0.165086,0.071318
6042.054836,0.054539,-0.140816,0.062831
6042.063982,0.043718,-0.132341,0.058039
6042.073613,0.040079,-0.134786,0.058074
6042.082759,0.040030,-0.138425,0.060476
6042.100715,0.033965,-0.145749,0.060573
6042.118849,0.014429,-0.154278,0.066611
6042.127988,0.015592,-0.150603,0.068926
6042.137134,0.026611,-0.149395,0.064169
6042.146280,0.046150,-0.156709,0.058311
6042.155426,0.065590,-0.165208,0.057186
6042.165061,0.077696,-0.160300,0.058284
6042.174207,0.081407,-0.144475,0.054556
6042.192000,0.063331,-0.133587,0.048573
6042.201145,0.055902,-0.135989,0.055694
6042.210291,0.050870,-0.122535,0.063810
6042.219437,0.042372,-0.100617,0.063579
6042.228583,0.035214,-0.082393,0.057488
6042.237719,0.034121,-0.061721,0.051356
6042.246866,0.028173,-0.030090,0.045110
6042.256011,0.019724,-0.004532,0.042478
6042.265157,0.018609,0.003962,0.037665
6042.274554,0.029627,0.011263,0.032839
6042.283700,0.039281,0.023486,0.035038
6042.293445,0.046412,0.015021,0.042197
6042.302591,0.050007,-0.011765,0.044854
6042.320022,0.059692,-0.026361,0.046179
6042.330007,0.070586,-0.027549,0.047349
6042.339153,0.071827,-0.036085,0.046264
6042.348250,0.065861,-0.034913,0.041544
6042.357396,0.063506,-0.021538,0.037858
6042.374884,0.069371,-0.017802,0.047240
6042.384027,0.078932,-0.040887,0.054561
6042.393173,0.086090,-0.059110,0.060652
6042.402319,0.082453,-0.068866,0.060771
6042.411465,0.076439,-0.076208,0.058508
6042.420711,0.067919,-0.068904,0.059623
6042.429856,0.052138,-0.032377,0.059241
6042.439263,0.037644,0.011439,0.055234
6042.448409,0.032861,0.033340,0.051455
6042.457552,0.039001,0.039421,0.047834
6042.466698,0.056110,0.047944,0.041801
6042.484619,0.079385,0.061321,0.030981
6042.494504,0.070893,0.055211,0.031069
6042.503650,0.056386,0.047852,0.028825
6042.512935,0.045568,0.040485,0.024213
6042.522081,0.046883,0.035580,0.019547
6042.539861,0.061465,0.046568,0.018211
6042.557769,0.047971,0.033186,0.025470
6042.566916,0.028435,0.027095,0.031481
6042.576063,0.017417,0.021013,0.036293
6042.585632,0.018556,0.018603,0.039857
6042.594778,0.030688,0.021065,0.039803
6042.603877,0.048887,0.019884,0.039777
6042.613023,0.060971,0.015050,0.042165
6042.630927,0.031880,0.005233,0.041160
6042.640458,0.011232,-0.006987,0.042524
6042.649604,0.008684,-0.022792,0.048609
6042.667503,0.047392,-0.062887,0.054880
6042.677283,0.057026,-0.075029,0.058537
6042.686429,0.043654,-0.070173,0.059690
6042.695522,0.026690,-0.058029,0.058409
6042.704668,0.029166,-0.051948,0.055975
6042.713698,0.048654,-0.053152,0.052407
6042.722844,0.068141,-0.055575,0.048853
6042.740661,0.077928,-0.079953,0.045570
6042.749800,0.076747,-0.109211,0.044727
6042.758946,0.067096,-0.129965,0.042625
6042.768530,0.045207,-0.133649,0.045074
6042.777676,0.022004,-0.131209,0.052175
6042.795522,0.013436,-0.128764,0.055704
6042.804663,0.024553,-0.120278,0.046146
6042.813809,0.041765,-0.120318,0.035492
6042.822953,0.055313,-0.127670,0.026108
6042.832099,0.057865,-0.128925,0.020218
6042.841675,0.060418,-0.130181,0.014329
6042.850821,0.070228,-0.150911,0.009825
6042.868691,0.064308,-0.243583,0.004996
6042.877817,0.053570,-0.268037,-0.002961
6042.886963,0.035595,-0.259619,-0.013635
6042.896503,0.015167,-0.247541,-0.023166
6042.905649,0.006800,-0.250038,-0.029018
6042.914997,0.026263,-0.254889,-0.031364
6042.924143,0.063999,-0.251198,-0.037387
6042.941834,0.097233,-0.248853,-0.059900
6042.951536,0.074182,-0.254993,-0.059780
6042.960682,0.040186,-0.256273,-0.058512
6042.969839,0.013492,-0.247796,-0.058551
6042.978985,-0.004636,-0.228360,-0.062272
6042.996899,-0.033617,-0.174849,-0.069897
6043.014986,-0.002309,-0.233197,-0.057503
6043.024498,0.042835,-0.244156,-0.069273
6043.033644,0.084598,-0.184533,-0.094818
6043.043161,0.098205,-0.120009,-0.108560
6043.052307,0.068941,-0.140736,-0.101181
6043.069852,-0.015195,-0.272371,-0.078263
6043.079366,0.005327,-0.260109,-0.073729
6043.088512,0.057590,-0.223476,-0.078979
6043.106655,0.113990,-0.174817,-0.107969
6043.124716,0.080025,-0.200478,-0.107603
6043.134764,0.059109,-0.247947,-0.092860
6043.143910,0.061268,-0.284410,-0.079472
6043.161290,0.120621,-0.296442,-0.074745
6043.170435,0.133870,-0.313442,-0.069861
6043.179581,0.121518,-0.336546,-0.058954
6043.188724,0.094578,-0.347485,-0.046973
6043.197870,0.083560,-0.356004,-0.042134
6043.207015,0.104238,-0.364510,-0.044441
6043.216161,0.139524,-0.369346,-0.049181
6043.225298,0.159086,-0.366919,-0.056330
6043.234444,0.148366,-0.360915,-0.065813
6043.243589,0.118160,-0.362237,-0.071631
6043.252735,0.089071,-0.381803,-0.072524
6043.262097,0.074569,-0.411098,-0.074518
6043.271243,0.067443,-0.430661,-0.081358
6043.280394,0.056752,-0.440508,-0.091840
6043.289540,0.041235,-0.461341,-0.103366
6043.307624,0.022395,-0.551745,-0.128249
6043.316744,0.021410,-0.568883,-0.138668
6043.325890,0.013218,-0.565345,-0.152847
6043.335049,-0.002202,-0.575243,-0.169217
6043.344195,-0.008059,-0.614320,-0.178196
6043.353322,-0.006660,-0.657028,-0.185971
6043.362468,-0.020940,-0.671774,-0.198749
6043.371608,-0.058227,-0.665866,-0.214071
6043.380754,-0.097863,-0.669737,-0.232816
6043.389894,-0.122911,-0.693086,-0.252550
6043.399040,-0.133474,-0.718817,-0.268751
6043.409158,-0.136887,-0.722555,-0.279318
6043.418304,-0.140330,-0.706787,-0.288928
6043.436201,-0.112100,-0.704402,-0.304353
6043.445415,-0.094964,-0.703198,-0.311482
6043.454561,-0.093533,-0.670367,-0.322477
6043.472198,-0.111413,-0.641265,-0.338106
6043.481822,-0.136759,-0.673044,-0.343587
6043.490968,-0.155986,-0.713358,-0.351344
6043.508777,-0.101109,-0.735274,-0.364190
6043.518381,-0.080541,-0.702312,-0.362251
6043.527527,-0.091917,-0.677810,-0.341271
6043.536576,-0.116683,-0.677693,-0.317624
6043.545722,-0.141076,-0.669170,-0.311769
6043.563642,-0.160263,-0.668066,-0.322358
6043.573220,-0.171414,-0.752092,-0.309579
6043.582366,-0.187588,-0.856787,-0.288295
6043.600483,-0.147152,-1.014844,-0.246472
6043.618510,-0.094321,-1.118128,-0.218276
6043.627649,-0.131823,-1.158454,-0.222454
6043.636795,-0.157226,-1.158531,-0.225937
6043.646422,-0.133217,-1.134025,-0.214471
6043.655569,-0.094722,-1.117994,-0.199401
6043.673699,-0.100845,-1.197194,-0.194946
6043.691660,-0.110479,-1.403175,-0.193757
6043.701177,-0.074958,-1.451958,-0.208615
6043.710323,-0.053952,-1.469102,-0.226161
6043.728238,-0.053879,-1.463034,-0.229769
6043.737776,-0.060990,-1.430204,-0.238386
6043.746922,-0.079049,-1.388857,-0.245896
6043.764815,-0.107879,-1.334177,-0.260613
6043.774478,-0.101744,-1.304942,-0.264499
6043.783624,-0.091112,-1.254863,-0.252116
6043.801699,-0.129357,-1.113376,-0.225332
6043.819684,-0.155077,-1.042670,-0.215465
6043.828824,-0.141836,-1.023111,-0.210998
6043.837970,-0.120126,-1.007182,-0.205328
6043.847216,-0.099603,-0.994920,-0.200793
6043.856362,-0.088637,-0.982728,-0.203316
6043.865396,-0.092277,-0.979079,-0.203349
6043.874542,-0.099709,-0.971732,-0.196339
6043.883687,-0.097465,-0.938765,-0.188461
6043.892833,-0.090349,-0.880205,-0.182066
6043.902362,-0.086847,-0.827754,-0.176773
6043.911508,-0.095547,-0.798456,-0.167650
6043.920637,-0.106822,-0.778863,-0.151333
6043.929783,-0.103563,-0.756795,-0.133895
6043.939519,-0.085521,-0.727460,-0.127191
6043.948665,-0.072158,-0.689663,-0.128830
6043.966175,-0.082031,-0.617732,-0.122550
6043.984310,-0.081187,-0.539618,-0.106926
6043.993797,-0.081374,-0.488377,-0.099252
6044.002943,-0.076732,-0.440772,-0.090367
6044.012474,-0.063598,-0.393150,-0.081500
6044.021620,-0.056530,-0.343104,-0.072648
6044.030655,-0.055552,-0.300373,-0.062520
6044.039801,-0.048429,-0.272279,-0.055778
6044.048888,-0.037665,-0.250271,-0.048973
6044.058034,-0.036708,-0.225812,-0.037457
6044.067259,-0.043355,-0.203697,-0.010561
6044.076405,-0.046613,-0.187584,0.028192
6044.094009,-0.019077,-0.168718,0.102240
6044.103580,0.001069,-0.152675,0.124427
6044.112726,0.018910,-0.123273,0.140570
6044.130590,0.065962,-0.057285,0.151513
6044.139732,0.084281,-0.031698,0.145282
6044.148878,0.083184,0.004817,0.138970
6044.158042,0.063760,0.057179,0.138416
6044.167188,0.040622,0.101029,0.141505
6044.176314,0.023458,0.116895,0.149620
6044.185460,0.025556,0.125539,0.164853
6044.194590,0.045850,0.154938,0.179810
6044.203736,0.060125,0.192838,0.192324
6044.212883,0.054987,0.231917,0.204867
6044.222029,0.058365,0.280754,0.216100
6044.231166,0.088583,0.341782,0.220058
6044.240312,0.116448,0.405217,0.220454
6044.249974,0.116564,0.445391,0.214097
6044.259120,0.094851,0.442867,0.208274
6044.268526,0.076584,0.411170,0.212214
6044.277672,0.075151,0.386870,0.223112
6044.295181,0.113758,0.351683,0.234047
6044.304327,0.124637,0.311507,0.236840
6044.313473,0.118624,0.295635,0.234675
6044.322681,0.109111,0.326015,0.224911
6044.331827,0.110662,0.385614,0.207713
6044.341310,0.119591,0.452508,0.185696
6044.350456,0.122655,0.509572,0.154366
6044.368332,0.099711,0.538328,0.091564
6044.377477,0.077041,0.510126,0.074239
6044.386623,0.056649,0.475886,0.064056
6044.396570,0.044551,0.434419,0.063375
6044.405716,0.043175,0.378417,0.072274
6044.423232,0.069368,0.261656,0.098322
6044.432345,0.081235,0.219120,0.111758
6044.441491,0.087284,0.182581,0.113341
6044.451319,0.077860,0.154440,0.100705
6044.460465,0.061205,0.132361,0.085657
6044.478545,0.064323,0.068771,0.054522
6044.487580,0.073047,0.044340,0.044165
6044.496726,0.074461,0.039401,0.034780
6044.514652,0.063972,0.022175,0.014944
6044.523785,0.060261,0.006350,0.018672
6044.532931,0.057787,-0.007043,0.021189
6044.542076,0.060342,-0.022922,0.015466
6044.551222,0.062824,-0.044870,0.013351
6044.560361,0.054185,-0.064335,0.020670
6044.569507,0.038288,-0.066763,0.026631
6044.578653,0.032346,-0.063161,0.020704
6044.587799,0.036162,-0.064431,0.012452
6044.597527,0.038615,-0.072965,0.011364
6044.606673,0.042259,-0.087582,0.011523
6044.624407,0.059374,-0.107087,0.005810
6044.633516,0.052021,-0.116826,0.009476
6044.642662,0.042193,-0.130209,0.015548
6044.651863,0.044446,-0.137458,0.023884
6044.661009,0.050361,-0.132520,0.030893
6044.670428,0.052809,-0.120338,0.029569
6044.679574,0.052909,-0.119152,0.024837
6044.697530,0.049350,-0.142339,0.021569
6044.707036,0.050638,-0.138706,0.017986
6044.716182,0.047120,-0.122912,0.011915
6044.725822,0.041174,-0.104687,0.005822
6044.734968,0.036421,-0.102293,0.001086
6044.744019,0.034025,-0.124242,0.000162
6044.753165,0.035292,-0.141318,-0.002006
6044.770684,0.036445,-0.098645,-0.000135
6044.780110,0.033995,-0.103517,0.001105
6044.789256,0.038930,-0.131561,-0.002125
6044.807261,0.039028,-0.124282,-0.006927
6044.816410,0.040311,-0.099931,-0.010746
6044.825556,0.034245,-0.099944,-0.010733
6044.834723,0.023280,-0.121885,-0.008099
6044.843869,0.020857,-0.137733,-0.007914
6044.852986,0.028236,-0.134095,-0.012690
6044.862132,0.027171,-0.125618,-0.019863
6044.871268,0.018752,-0.119567,-0.023452
6044.880414,0.018800,-0.112271,-0.025895
6044.890697,0.028553,-0.096426,-0.028456
6044.899843,0.033404,-0.086666,-0.028578
6044.917403,0.015137,-0.118364,-0.024638
6044.935281,0.036045,-0.148880,-0.037312
6044.945172,0.037236,-0.161055,-0.035997
6044.954318,0.018789,-0.170758,-0.024049
6044.972218,0.013939,-0.184173,-0.023885
6044.981357,0.017853,-0.179383,-0.036925
6044.990503,0.015701,-0.173387,-0.049966
6045.008433,0.007562,-0.188145,-0.066296
6045.017592,0.012343,-0.203953,-0.062587
6045.026738,0.021951,-0.208774,-0.057834
6045.036647,0.029253,-0.199018,-0.059141
6045.045793,0.023234,-0.188080,-0.061612
6045.063678,0.001142,-0.174635,-0.049920
6045.081587,0.021798,-0.197756,-0.050881
6045.091191,0.023013,-0.208721,-0.050759
6045.100337,0.019446,-0.197786,-0.054415
6045.109354,0.014739,-0.177129,-0.061718
6045.118500,0.012385,-0.166191,-0.065377
6045.136451,0.005156,-0.169879,-0.067679
6045.146141,0.003819,-0.172277,-0.061750
6045.155287,0.004857,-0.173434,-0.053481
6045.164320,0.006020,-0.173415,-0.051124
6045.173466,0.012035,-0.169730,-0.048820
6045.191320,0.019089,-0.170859,-0.038205
6045.201304,0.020302,-0.167200,-0.038249
6045.210450,0.020351,-0.161124,-0.040678
6045.227894,0.016984,-0.152692,-0.053744
6045.237038,0.012206,-0.147853,-0.057327
6045.246184,-0.001119,-0.129609,-0.058686
6045.255325,-0.007290,-0.111308,-0.054162
6045.264471,-0.000263,-0.105116,-0.042451
6045.274434,0.004386,-0.090416,-0.033191
6045.283580,0.001953,-0.057517,-0.033561
6045.301698,-0.006715,-0.061132,-0.025243
6045.310783,-0.003320,-0.086632,-0.013162
6045.319929,0.005098,-0.087809,-0.009628
6045.337699,0.000615,-0.062352,-0.027604
6045.346772,0.003191,-0.056304,-0.034757
6045.355918,0.009358,-0.058762,-0.039461
6045.365056,0.013073,-0.058780,-0.043008
6045.374202,0.008267,-0.045402,-0.045510
6045.383346,-0.000157,-0.021071,-0.049308
6045.392492,-0.006277,-0.001568,-0.047157
6045.401635,-0.008830,0.000906,-0.041281
6045.410781,-0.006475,-0.014906,-0.037567
6045.419922,-0.000553,-0.037998,-0.030239
6045.429068,0.006630,-0.056229,-0.025328
6045.438584,0.013961,-0.064762,-0.027606
6045.447730,0.017701,-0.063570,-0.032346
6045.456872,0.018939,-0.058701,-0.033584
6045.466018,0.017801,-0.058728,-0.037120
6045.475039,0.020278,-0.061178,-0.039457
6045.484185,0.022555,-0.065997,-0.032329
6045.493398,0.019931,-0.078122,-0.022748
6045.502544,0.016193,-0.090282,-0.017882
6045.520589,0.012457,-0.107317,-0.012961
6045.529656,0.014735,-0.113356,-0.005819
6045.538802,0.016986,-0.110855,0.002406
6045.547947,0.018070,-0.097405,0.008148
6045.557093,0.014426,-0.074258,0.007893
6045.566832,0.006053,-0.052382,0.001763
6045.575978,0.000035,-0.046317,-0.000652
6045.593667,0.012122,-0.064556,0.001888
6045.603396,0.014523,-0.064543,0.003063
6045.612542,0.005979,-0.056012,0.005344
6045.630585,-0.014599,-0.047541,0.002933
6045.648535,-0.006180,-0.053592,0.006522
6045.657675,0.007194,-0.064541,0.005438
6045.666821,0.015862,-0.067019,-0.002810
6045.676195,0.018387,-0.058517,-0.007631
6045.685341,0.015934,-0.053639,-0.006502
6045.694836,0.006255,-0.058542,-0.007605
6045.703982,-0.008203,-0.062261,-0.012249
6045.721834,-0.011918,-0.065899,-0.008661
6045.739978,-0.004383,-0.083029,-0.020279
6045.749343,-0.011685,-0.097660,-0.018917
6045.758489,-0.011857,-0.113443,-0.010479
6045.776553,0.000076,-0.115789,-0.001040
6045.785691,0.007379,-0.108471,-0.002319
6045.794837,0.006265,-0.101195,-0.007119
6045.804215,-0.000917,-0.093931,-0.011904
6045.813361,-0.006959,-0.091514,-0.013098
6045.822643,-0.009384,-0.095176,-0.013052
6045.831789,-0.006957,-0.097608,-0.013029
6045.841005,-0.000890,-0.098814,-0.013028
6045.850151,0.000273,-0.100013,-0.010658
6045.867991,-0.004782,-0.093863,-0.001280
6045.877134,-0.007259,-0.092633,0.001071
6045.886280,-0.010898,-0.093859,0.001093
6045.895432,-0.012137,-0.095072,0.002289
6045.904578,-0.007359,-0.092599,0.005790
6045.913719,-0.002483,-0.082849,0.004488
6045.922865,-0.004761,-0.075592,-0.002667
6045.932802,-0.005899,-0.075619,-0.006204
6045.941948,-0.009513,-0.076854,-0.007362
6045.959806,-0.020184,-0.070867,-0.019204
6045.968894,-0.015206,-0.068461,-0.025141
6045.978040,-0.006762,-0.074520,-0.022730
6045.996043,0.007946,-0.064791,-0.029952
6046.005241,0.005667,-0.057534,-0.037108
6046.014387,-0.005153,-0.051496,-0.041872
6046.023446,-0.011146,-0.043004,-0.045495
6046.032592,-0.003792,-0.039358,-0.049091
6046.041735,0.005914,-0.039338,-0.049113
6046.050881,0.005813,-0.036867,-0.044422
6046.060276,-0.002707,-0.028346,-0.043321
6046.069422,-0.009962,-0.022276,-0.044554
6046.078501,-0.005160,-0.022249,-0.042205
6046.087647,-0.001595,-0.023435,-0.038660
6046.105745,-0.018706,-0.020991,-0.032752
6046.114887,-0.017492,-0.023426,-0.032727
6046.124033,-0.007684,-0.031970,-0.037370
6046.133321,0.000836,-0.044147,-0.038429
6046.142467,0.006855,-0.055086,-0.035959
6046.160608,-0.003077,-0.051375,-0.025362
6046.169757,-0.011672,-0.044047,-0.020708
6046.178903,-0.012934,-0.050126,-0.018276
6046.188040,-0.004564,-0.058597,-0.012299
6046.197186,-0.002314,-0.054878,-0.004089
6046.206331,-0.010831,-0.056106,-0.002876
6046.215477,-0.014494,-0.065854,-0.001578
6046.224617,-0.008701,-0.075499,0.011496
6046.233763,-0.002909,-0.082707,0.024543
6046.242904,0.004299,-0.098509,0.028246
6046.252050,0.011534,-0.122851,0.030868
6046.261465,0.012702,-0.145986,0.033488
6046.270611,0.007850,-0.149652,0.033540
6046.288631,-0.006761,-0.139916,0.035821
6046.298165,-0.011669,-0.120410,0.037968
6046.307311,-0.010434,-0.104574,0.036605
6046.325209,0.002938,-0.111867,0.035480
6046.334762,0.004123,-0.097232,0.036490
6046.343908,-0.000634,-0.077777,0.031560
6046.361784,-0.009893,-0.059668,0.010139
6046.370923,-0.010957,-0.057283,0.003036
6046.380069,-0.014474,-0.046364,-0.002980
6046.389212,-0.019155,-0.031808,-0.011393
6046.398358,-0.017842,-0.026965,-0.016170
6046.407508,-0.006873,-0.025740,-0.018567
6046.416654,0.005433,-0.020899,-0.026907
6046.426413,0.005583,-0.014856,-0.034055
6046.435559,0.001943,-0.017301,-0.034019
6046.453230,0.002022,-0.033169,-0.037377
6046.462701,-0.000279,-0.033216,-0.043270
6046.471847,-0.007608,-0.034432,-0.040881
6046.480995,-0.013874,-0.039252,-0.031375
6046.490141,-0.012835,-0.042848,-0.023078
6046.499674,-0.012836,-0.040410,-0.023106
6046.508820,-0.013977,-0.029470,-0.026767
6046.526905,-0.013014,-0.026946,-0.015001
6046.545022,-0.023883,-0.029423,-0.017309
6046.563120,-0.030199,-0.033008,-0.005457
6046.572181,-0.029157,-0.052445,0.003020
6046.581327,-0.024376,-0.063378,0.006673
6046.590771,-0.021925,-0.063382,0.005489
6046.599917,-0.021899,-0.065827,0.004337
6046.609051,-0.025561,-0.076794,0.005649
6046.618197,-0.026846,-0.095051,0.009399
6046.636113,-0.005183,-0.094948,0.017609
6046.645504,-0.005163,-0.071802,0.016165
6046.654650,-0.013559,-0.056010,0.011285
6046.663865,-0.020789,-0.052386,0.008900
6046.673011,-0.024453,-0.054823,0.010115
6046.682516,-0.018437,-0.053575,0.012447
6046.691662,-0.002593,-0.042600,0.008749
6046.709327,0.014636,-0.007308,-0.003488
6046.718786,0.021963,0.001221,-0.005961
6046.727932,0.022089,-0.000039,-0.011845
6046.745843,0.008844,-0.003756,-0.016493
6046.754985,0.007628,0.010865,-0.016657
6046.764131,0.007624,0.025489,-0.016824
6046.773819,0.008763,0.023079,-0.013259
6046.782965,0.008639,0.015809,-0.007278
6046.792252,0.008587,0.025575,-0.005030
6046.801398,0.011085,0.040179,-0.008740
6046.819533,0.005120,0.034040,-0.013376
6046.828711,-0.001067,0.018226,-0.007284
6046.837857,0.000075,-0.001244,-0.003525
6046.847102,0.004931,-0.013420,-0.003397
6046.856248,0.007182,-0.014576,0.004869
6046.873859,0.005643,-0.014470,0.020207
6046.883004,0.014185,-0.010813,0.017788
6046.892150,0.021438,-0.002259,0.018854
6046.901670,0.021459,0.012356,0.017508
6046.910816,0.025097,0.020894,0.017402
6046.919830,0.028638,0.018497,0.022141
6046.928976,0.022472,0.013644,0.026928
6046.947016,0.005663,0.008676,0.018764
6046.956826,0.004450,0.005018,0.018808
6046.965972,0.001874,0.002625,0.025919
6046.983994,0.010141,0.002718,0.036518
6046.993114,0.017420,0.006389,0.036460
6047.002260,0.022224,0.005197,0.038822
6047.020171,0.025838,0.005213,0.039994
6047.029310,0.032029,0.011277,0.034013
6047.038456,0.035717,0.016142,0.031590
6047.047776,0.034529,0.014912,0.030427
6047.056922,0.027302,0.005132,0.028195
6047.075034,0.012797,-0.011976,0.026062
6047.084888,0.017774,-0.008352,0.020111
6047.094034,0.021463,-0.001049,0.017660
6047.111980,0.031167,0.005064,0.017570
6047.129901,0.040823,0.005100,0.019908
6047.139045,0.045802,0.003850,0.014012
6047.148191,0.047241,0.002559,0.003407
6047.158230,0.042488,0.002515,-0.001301
6047.167376,0.032656,0.006193,0.004577
6047.185433,0.015745,0.007352,0.001061
6047.194734,0.015796,0.004898,-0.001270
6047.203880,0.020575,0.000059,0.002314
6047.221342,0.030108,-0.007175,0.010633
6047.230482,0.033647,-0.007134,0.015344
6047.239628,0.029907,-0.008327,0.020084
6047.248908,0.024980,-0.013186,0.023690
6047.258054,0.027384,-0.024141,0.024989
6047.267106,0.031101,-0.035127,0.021567
6047.276252,0.026323,-0.035162,0.018039
6047.285350,0.019016,-0.024200,0.019109
6047.294496,0.020154,-0.024173,0.022645
6047.304245,0.026150,-0.041196,0.026366
6047.313391,0.024839,-0.053352,0.031226
6047.322862,0.017533,-0.047265,0.032352
6047.332008,0.013891,-0.036305,0.032235
6047.349363,0.020032,-0.035099,0.028669
6047.358506,0.016415,-0.026584,0.027400
6047.367652,0.009158,-0.014421,0.026097
6047.376796,0.006681,-0.013190,0.028448
6047.385942,0.011485,-0.018038,0.030853
6047.395086,0.017501,-0.019228,0.033213
6047.404232,0.024829,-0.009480,0.030726
6047.413747,0.033494,0.003883,0.022297
6047.422893,0.036045,0.008722,0.016338
6047.432276,0.030005,0.003826,0.015227
6047.441422,0.026441,0.000138,0.011738
6047.459095,0.027708,-0.016938,0.009570
6047.468710,0.030209,-0.013302,0.005984
6047.477856,0.029067,0.001294,0.002281
6047.487191,0.019360,0.008586,0.002219
6047.496337,0.013267,0.015894,0.003329
6047.514329,0.029210,0.034148,-0.005172
6047.532248,0.031516,0.015915,0.000929
6047.541433,0.038799,-0.001131,0.001108
6047.550579,0.038953,-0.014587,-0.005817
6047.560035,0.034124,-0.012168,-0.007014
6047.569181,0.035286,-0.004837,-0.004741
6047.578335,0.041329,-0.013346,-0.003477
6047.587481,0.037667,-0.027969,-0.002123
6047.605401,0.034101,-0.019471,-0.005751
6047.614571,0.033951,-0.020639,0.001341
6047.623717,0.023993,-0.018139,0.013131
6047.633303,0.015474,-0.010836,0.014246
6047.642449,0.009558,-0.013335,0.007209
6047.660270,0.009562,-0.027959,0.007376
6047.669727,0.008199,-0.031568,0.014498
6047.678873,0.009413,-0.035221,0.014537
6047.688018,0.016719,-0.037652,0.013369
6047.697164,0.022836,-0.042531,0.011052
6047.706547,0.026502,-0.048625,0.009934
6047.715693,0.030067,-0.048593,0.013464
6047.733422,0.009537,-0.029170,0.008569
6047.742586,0.003495,-0.025534,0.007361
6047.751732,0.004607,-0.021843,0.012035
6047.761327,0.009459,-0.018177,0.011983
6047.770473,0.017978,-0.021824,0.010826
6047.779840,0.023946,-0.031527,0.015643
6047.788986,0.026323,-0.031505,0.017997
6047.807065,0.038502,-0.016874,0.015444
6047.816159,0.036152,-0.020559,0.011952
6047.825305,0.028947,-0.020599,0.008429
6047.834323,0.027756,-0.008424,0.007114
6047.843469,0.032657,0.001319,0.004632
6047.861443,0.025451,0.008591,0.001026
6047.870584,0.022972,0.017133,0.003293
6047.879730,0.023048,0.014671,-0.000218
6047.889909,0.025576,0.007330,-0.004858
6047.899055,0.030456,0.002457,-0.005993
6047.916413,0.040037,0.002519,-0.000116
6047.925448,0.042538,0.002498,-0.003661
6047.934594,0.042663,0.004894,-0.009587
6047.944174,0.041599,0.008497,-0.016704
6047.953320,0.040436,0.009697,-0.019074
6047.962408,0.035557,0.012133,-0.017912
6047.971554,0.031941,0.016992,-0.019139
6047.989471,0.041547,0.015826,-0.014427
6047.998821,0.041422,0.015868,-0.008529
6048.007967,0.038922,0.008576,-0.004902
6048.017072,0.037662,-0.003596,-0.002401
6048.026218,0.036449,-0.006036,-0.002370
6048.036173,0.032807,0.002487,-0.002460
6048.045319,0.025502,0.004918,-0.001292
6048.063440,0.015644,0.011041,0.005738
6048.081321,0.018120,0.014686,0.003332
6048.091000,0.013268,0.011020,0.003384
6048.100146,0.013221,-0.003587,0.005910
6048.117494,0.022907,-0.026713,0.007332
6048.126624,0.027711,-0.030343,0.009723
6048.135770,0.026398,-0.032749,0.014472
6048.144912,0.020330,-0.025449,0.014402
6048.154058,0.018002,-0.016958,0.009591
6048.163199,0.020504,-0.019415,0.006075
6048.172345,0.024170,-0.024290,0.004943
6048.181486,0.025306,-0.015732,0.008382
6048.190632,0.022875,0.002542,0.008179
6048.199784,0.020546,0.017128,0.003299
6048.208930,0.023023,0.015897,0.000948
6048.218061,0.025351,0.004968,0.005786
6048.227207,0.024116,-0.004775,0.007080
6048.236354,0.024266,-0.002388,-0.000026
6048.245500,0.030480,0.007323,-0.007228
6048.255494,0.035333,0.007333,-0.007239
6048.264640,0.034048,-0.008487,-0.003517
6048.282342,0.019587,-0.000019,-0.008301
6048.291776,0.024486,0.017035,-0.010865
6048.300922,0.034242,0.020694,-0.013287
6048.318723,0.033005,0.014607,-0.012036
6048.327807,0.036572,0.003671,-0.008380
6048.336953,0.040237,0.001233,-0.009540
6048.346087,0.037835,0.004876,-0.010755
6048.355233,0.039024,0.001231,-0.009537
6048.364371,0.041453,-0.008513,-0.009431
6048.373517,0.036526,-0.014591,-0.005812
6048.382660,0.029121,-0.013346,0.000088
6048.391806,0.029096,-0.013337,0.001268
6048.401010,0.029171,-0.013362,-0.002271
6048.410156,0.028033,-0.013390,-0.005807
6048.420075,0.030384,-0.009704,-0.002315
6048.429221,0.032708,-0.003573,0.002329
6048.447104,0.036353,-0.024282,0.002557
6048.464965,0.034889,-0.024201,0.014356
6048.474891,0.027609,-0.022997,0.014358
6048.484037,0.021693,-0.021841,0.007279
6048.501676,0.015550,-0.018172,0.010790
6048.510681,0.020306,-0.029097,0.015623
6048.519827,0.025162,-0.043711,0.015779
6048.528975,0.026403,-0.051029,0.014680
6048.538121,0.025114,-0.052225,0.018236
6048.547645,0.022513,-0.053390,0.026513
6048.556791,0.021250,-0.058251,0.028930
6048.574746,0.015256,-0.044883,0.025252
6048.583844,0.016367,-0.032660,0.029829
6048.592990,0.023745,-0.026586,0.025025
6048.602519,0.028773,-0.025415,0.016743
6048.611665,0.030012,-0.027859,0.015588
6048.620801,0.029938,-0.031490,0.019169
6048.629947,0.028725,-0.035148,0.019213
6048.639395,0.025110,-0.036383,0.018055
6048.648541,0.025084,-0.029062,0.019152
6048.666502,0.033646,-0.003478,0.015302
6048.675656,0.028915,0.009875,0.009262
6048.684802,0.031390,0.017176,0.006814
6048.702712,0.031466,0.012276,0.003330
6048.711855,0.021760,0.014693,0.003324
6048.721001,0.025323,0.018381,0.006813
6048.730520,0.033892,0.017155,0.003269
6048.739666,0.037709,0.009792,-0.004913
6048.757581,0.033918,0.012272,0.002145
6048.766721,0.030255,0.002524,0.003444
6048.775867,0.031472,-0.010878,0.003594
6048.785709,0.035037,-0.013283,0.007153
6048.794855,0.035062,-0.010855,0.005946
6048.812989,0.026647,-0.025521,0.002592
6048.822417,0.027836,-0.030385,0.003824
6048.831563,0.030238,-0.029153,0.004985
6048.849023,0.022958,-0.026730,0.004973
6048.858167,0.019245,-0.037681,0.008645
6048.867313,0.016695,-0.044955,0.014632
6048.876451,0.016542,-0.035156,0.021599
6048.885597,0.015201,-0.024149,0.027375
6048.894738,0.011512,-0.025358,0.029757
6048.903884,0.009211,-0.026624,0.023877
6048.913036,0.009335,-0.021791,0.017923
6048.922182,0.011711,-0.021769,0.020277
6048.931686,0.020029,-0.022912,0.028530
6048.940832,0.026045,-0.022883,0.030876
6048.950519,0.023620,-0.030200,0.030965
6048.959665,0.020010,-0.050932,0.030030
6048.977042,0.020087,-0.055832,0.026546
6048.986676,0.016493,-0.038795,0.024000
6048.995822,0.012952,-0.031524,0.019206
6049.004872,0.014266,-0.033993,0.014512
6049.014018,0.019119,-0.033983,0.014502
6049.023141,0.020305,-0.025441,0.015582
6049.032287,0.015499,-0.012063,0.013080
6049.050199,0.015570,0.006192,0.009333
6049.059723,0.020447,0.009849,0.008101
6049.068869,0.030128,0.012315,0.009231
6049.086773,0.036045,0.005066,0.016380
6049.095914,0.037335,0.000168,0.012893
6049.105060,0.041002,-0.007144,0.011789
6049.114204,0.041027,-0.008371,0.010623
6049.123350,0.037460,0.001345,0.006981
6049.133100,0.032655,0.008631,0.004549
6049.142246,0.027802,0.008621,0.004560
6049.159931,0.024016,-0.005960,0.011812
6049.169068,0.027582,-0.014459,0.015440
6049.178214,0.031173,-0.021746,0.017875
6049.187697,0.029935,-0.021741,0.019058
6049.196843,0.025082,-0.020532,0.019054
6049.206208,0.018991,-0.024192,0.020289
6049.215354,0.012902,-0.031508,0.021565
6049.233078,0.014017,-0.041221,0.026392
6049.242222,0.015229,-0.036344,0.026334
6049.251368,0.018867,-0.027806,0.026229
6049.260897,0.024883,-0.027777,0.028575
6049.270043,0.022409,-0.038733,0.031065
6049.279561,0.015107,-0.049707,0.032386
6049.288707,0.012681,-0.050931,0.032405
6049.306237,0.021071,-0.042350,0.037008
6049.315735,0.018670,-0.041145,0.035819
6049.324881,0.019982,-0.036300,0.031042
6049.334404,0.022508,-0.033892,0.026290
6049.343550,0.018918,-0.032697,0.023925
6049.361099,0.020255,-0.026643,0.017955
6049.370239,0.020357,-0.031551,0.013291
6049.379385,0.016717,-0.031559,0.013299
6049.388528,0.015451,-0.024233,0.015578
6049.397674,0.016614,-0.019339,0.017879
6049.407167,0.019015,-0.016888,0.019026
6049.416313,0.023867,-0.013222,0.018974
6049.425694,0.031272,-0.013249,0.013059
6049.434840,0.036276,-0.018164,0.006026
6049.452545,0.031496,-0.008450,0.002387
6049.461687,0.027880,-0.001153,0.001132
6049.470833,0.025425,0.011036,0.002178
6049.480612,0.025372,0.025677,0.004371
6049.489758,0.029036,0.030551,0.003127
6049.507411,0.033866,0.023257,0.004380
6049.516928,0.033819,0.008650,0.006906
6049.526074,0.032608,-0.002320,0.007033
6049.535320,0.030157,-0.002317,0.008218
6049.544466,0.032458,-0.002270,0.014111
6049.562273,0.032407,-0.001035,0.016457
6049.571558,0.033619,0.002623,0.016413
6049.580704,0.038400,-0.005872,0.020038
6049.589707,0.034713,-0.019269,0.022558
6049.598853,0.023844,-0.022963,0.020264
6049.608362,0.015401,-0.022997,0.017924
6049.617508,0.012951,-0.027868,0.019164
6049.635429,0.012777,-0.031466,0.027463
6049.645529,0.016442,-0.035123,0.026318
6049.654675,0.020082,-0.036334,0.026323
6049.663676,0.020107,-0.036342,0.025144
6049.672822,0.017731,-0.036364,0.022790
6049.682094,0.020182,-0.033930,0.021577
6049.691240,0.026174,-0.036330,0.025130
6049.708584,0.016393,-0.039981,0.028732
6049.718449,0.009137,-0.030255,0.027457
6049.727595,0.004133,-0.031433,0.034560
6049.745646,0.007675,-0.042360,0.039396
6049.763750,0.022435,-0.043616,0.029941
6049.781748,0.026424,-0.035195,0.013320
6049.791001,0.028847,-0.019348,0.013134
6049.800147,0.030008,-0.009579,0.015380
6049.809789,0.031243,0.003820,0.014044
6049.818935,0.033765,0.024509,0.009085
6049.836601,0.024428,0.054830,-0.008936
6049.845743,0.030594,0.057247,-0.013696
6049.854889,0.036661,0.053603,-0.013668
6049.864028,0.034285,0.052363,-0.016008
6049.873174,0.028368,0.054738,-0.023100
6049.882335,0.024804,0.053486,-0.026617
6049.891481,0.024629,0.049889,-0.018318
6049.900607,0.026806,0.045102,-0.006471
6049.909753,0.027896,0.037835,-0.000492
6049.918899,0.030300,0.025661,0.000821
6049.928045,0.027876,0.017126,0.000923
6049.937194,0.019358,0.014680,0.002150
6049.946340,0.013193,0.009826,0.006937
6049.955478,0.013118,0.006195,0.010518
6049.964624,0.017996,0.007415,0.009314
6049.974217,0.021611,0.007431,0.010485
6049.983363,0.019111,0.001358,0.014099
6050.001203,0.019039,-0.014459,0.017818
6050.010343,0.021466,-0.016892,0.017841
6050.019489,0.023868,-0.018097,0.019029
6050.028628,0.021392,-0.019304,0.021408
6050.037774,0.016565,-0.022978,0.020280
6050.046914,0.015428,-0.031536,0.016841
6050.056060,0.020384,-0.040090,0.012209
6050.065202,0.024073,-0.038881,0.009828
6050.074348,0.026473,-0.031556,0.010919
6050.083494,0.030014,-0.035171,0.015671
6050.092640,0.032242,-0.043630,0.025200
6050.102164,0.032142,-0.044815,0.029933
6050.111310,0.029740,-0.043610,0.028745
6050.120404,0.024887,-0.044838,0.028769
6050.129550,0.024886,-0.041182,0.028728
6050.147506,0.020252,-0.012019,0.017788
6050.156649,0.019035,0.005039,0.017596
6050.165795,0.025097,0.022113,0.017389
6050.174942,0.032574,0.035466,0.007782
6050.184088,0.034111,0.047546,-0.007695
6050.193226,0.028216,0.062099,-0.016106
6050.202372,0.020958,0.075481,-0.017422
6050.211514,0.018555,0.082780,-0.018680
6050.220660,0.019693,0.085245,-0.015171
6050.229799,0.022043,0.088930,-0.011679
6050.238945,0.025707,0.091367,-0.012895
6050.248087,0.030638,0.085259,-0.016375
6050.257233,0.031828,0.074302,-0.015073
6050.267188,0.032894,0.059730,-0.007831
6050.276334,0.035200,0.041497,-0.001730
6050.294183,0.025444,0.039057,0.000679
6050.312104,0.019300,0.048819,0.004120
6050.321868,0.027747,0.030573,0.006669
6050.331014,0.035130,0.018368,0.002073
6050.340103,0.035231,0.014679,-0.002604
6050.349249,0.033944,0.008608,0.001007
6050.366967,0.033674,-0.013236,0.014234
6050.376110,0.036126,-0.016895,0.013090
6050.385256,0.036126,-0.018114,0.013104
6050.395485,0.032461,-0.015675,0.014264
6050.404631,0.031221,-0.012014,0.015405
6050.413661,0.031272,-0.012031,0.013045
6050.422807,0.027706,-0.009626,0.009487
6050.440122,0.022854,-0.013292,0.009539
6050.450051,0.022830,-0.015720,0.010746
6050.459197,0.022830,-0.019377,0.010788
6050.477128,0.018914,-0.014418,0.023717
6050.486209,0.015223,-0.008315,0.026015
6050.495355,0.020126,-0.010759,0.023673
6050.513278,0.033297,-0.009455,0.031887
6050.522642,0.027278,0.001484,0.029416
6050.531788,0.026215,0.001431,0.022340
6050.541298,0.029882,-0.005881,0.021236
6050.550444,0.029858,-0.010748,0.022471
6050.568558,0.035902,-0.025350,0.023805
6050.577818,0.031175,-0.030277,0.017972
6050.586964,0.021595,-0.031557,0.012109
6050.604957,0.020281,-0.027870,0.016789
6050.614689,0.019143,-0.026679,0.013239
6050.623835,0.021744,-0.026733,0.004976
6050.641296,0.031552,-0.034058,0.000319
6050.651225,0.024323,-0.036527,-0.001997
6050.660371,0.019544,-0.030469,-0.005594
6050.678449,0.020780,-0.023163,-0.006860
6050.696162,0.025632,-0.014622,-0.006968
6050.705303,0.028083,-0.010970,-0.008194
6050.714449,0.022041,-0.008553,-0.009388
6050.724044,0.020801,-0.003672,-0.008262
6050.733190,0.032934,-0.002429,-0.008302
6050.751023,0.040313,0.001208,-0.013079
6050.760168,0.040338,-0.001237,-0.014230
6050.769314,0.036826,-0.011036,-0.020010
6050.778459,0.028410,-0.017172,-0.023461
6050.787605,0.028335,-0.019584,-0.019894
6050.797090,0.040393,-0.019534,-0.016382
6050.806236,0.045272,-0.025625,-0.017502
6050.824185,0.041809,-0.031785,-0.025683
6050.833319,0.043023,-0.035438,-0.025644
6050.842465,0.040548,-0.040301,-0.023224
6050.851615,0.040522,-0.035418,-0.022099
6050.860761,0.044135,-0.031746,-0.020969
6050.869900,0.045250,-0.039023,-0.016170
6050.879046,0.044012,-0.042672,-0.014946
6050.888187,0.035543,-0.032949,-0.016218
6050.897333,0.025784,-0.024422,-0.013935
6050.906477,0.022068,-0.020748,-0.010429
6050.915623,0.023255,-0.013425,-0.009336
6050.925332,0.025655,-0.006100,-0.008245
6050.934478,0.029195,-0.008497,-0.003506
6050.952579,0.028945,-0.010850,0.008318
6050.961708,0.031346,-0.010837,0.009493
6050.970853,0.032585,-0.010843,0.008310
6050.988921,0.025352,0.003749,0.005800
6051.007063,0.027957,-0.008490,-0.002324
6051.016209,0.028108,-0.012196,-0.009360
6051.025355,0.023329,-0.009794,-0.012916
6051.034748,0.020927,-0.008589,-0.014104
6051.043894,0.019739,-0.007381,-0.015296
6051.053180,0.018425,-0.002476,-0.010629
6051.062326,0.021887,0.006121,-0.002477
6051.080221,0.026412,0.017207,0.012722
6051.089362,0.026411,0.022082,0.012667
6051.098508,0.031338,0.026941,0.009062
6051.108438,0.028936,0.028146,0.007874
6051.117584,0.020443,0.028129,0.007892
6051.135274,0.016901,0.040275,0.003043
6051.153375,0.009721,0.045101,-0.001715
6051.162592,0.015689,0.031742,0.003143
6051.171738,0.024012,0.008663,0.011645
6051.180801,0.029932,-0.008335,0.018905
6051.189947,0.037137,-0.010733,0.022456
6051.199092,0.048053,0.002695,0.022279
6051.208238,0.051764,0.023394,0.018496
6051.217377,0.049435,0.034324,0.013657
6051.226523,0.044707,0.034272,0.007770
6051.235668,0.038740,0.040319,0.002995
6051.244814,0.033984,0.052463,-0.001852
6051.254178,0.031531,0.058559,-0.000736
6051.263324,0.030168,0.056170,0.006372
6051.281403,0.042451,0.058582,-0.000760
6051.290574,0.043563,0.058618,0.003956
6051.299720,0.036109,0.055005,0.012271
6051.308824,0.036086,0.048920,0.013520
6051.317970,0.045769,0.040418,0.014776
6051.327406,0.049360,0.035568,0.017182
6051.336552,0.045643,0.041678,0.020660
6051.354549,0.043115,0.046581,0.025329
6051.363688,0.044327,0.053895,0.025243
6051.372834,0.047915,0.062450,0.027497
6051.381977,0.052768,0.058804,0.027527
6051.391123,0.058862,0.049059,0.026446
6051.401121,0.062428,0.044217,0.030032
6051.410267,0.064678,0.049155,0.038229
6051.427701,0.059371,0.062701,0.059321
6051.437218,0.053254,0.065142,0.061666
6051.446364,0.047211,0.069996,0.060444
6051.455498,0.043495,0.074888,0.063936
6051.464644,0.049413,0.070076,0.071056
6051.482567,0.073382,0.048291,0.085409
6051.492340,0.070904,0.056833,0.087677
6051.501486,0.064860,0.065343,0.086413
6051.510631,0.060008,0.060458,0.086479
6051.519777,0.056320,0.053155,0.088930
6051.537436,0.068245,0.087369,0.097951
6051.546575,0.078044,0.115385,0.092892
6051.555721,0.074624,0.143331,0.081963
6051.565368,0.064987,0.167660,0.078168
6051.574514,0.064933,0.183519,0.080347
6051.592642,0.080952,0.202966,0.068293
6051.610586,0.058095,0.223569,0.058671
6051.619729,0.054654,0.232025,0.049144
6051.628875,0.058392,0.241749,0.044306
6051.638378,0.062054,0.255153,0.042966
6051.647524,0.063239,0.268569,0.043990
6051.656609,0.064474,0.283187,0.042641
6051.665755,0.060933,0.291677,0.037833
6051.683741,0.054971,0.270914,0.033364
6051.693563,0.048833,0.257521,0.037069
6051.702709,0.043759,0.238088,0.047919
6051.720702,0.056638,0.195621,0.070789
6051.729836,0.063818,0.194450,0.075506
6051.738982,0.064878,0.209127,0.082414
6051.756895,0.052411,0.243333,0.097388
6051.766928,0.043864,0.262831,0.099544
6051.776074,0.036579,0.287189,0.099282
6051.793494,0.031649,0.292079,0.102776
6051.802627,0.037543,0.282401,0.111132
6051.811773,0.044546,0.286163,0.124050
6051.821505,0.046794,0.295976,0.132192
6051.830651,0.044292,0.300871,0.135681
6051.848533,0.056046,0.313207,0.153210
6051.866625,0.059426,0.352295,0.164554
6051.875763,0.063136,0.374214,0.160757
6051.884909,0.058502,0.399720,0.149859
6051.894912,0.042950,0.425204,0.138985
6051.904059,0.028562,0.440959,0.130579
6051.921988,0.049591,0.431118,0.111770
6051.931008,0.066780,0.416462,0.102462
6051.940154,0.080403,0.412741,0.089498
6051.949271,0.096449,0.422431,0.076376
6051.958417,0.114720,0.433411,0.072672
6051.976392,0.140242,0.463913,0.069909
6051.985497,0.154923,0.480962,0.063784
6051.994643,0.158758,0.502838,0.054089
6052.003790,0.139539,0.534417,0.044333
6052.012936,0.111650,0.572130,0.042784
6052.022485,0.089528,0.606300,0.055420
6052.031631,0.075799,0.636864,0.072797
6052.049510,0.073772,0.688312,0.109966
6052.058717,0.099935,0.701947,0.134527
6052.067863,0.134515,0.715625,0.162610
6052.076947,0.166794,0.732912,0.184757
6052.086093,0.189667,0.748859,0.192784
6052.096082,0.193428,0.764668,0.186697
6052.105228,0.168194,0.791343,0.174650
6052.122672,0.080824,0.853315,0.174134
6052.131815,0.057416,0.877758,0.190422
6052.140961,0.054582,0.905916,0.208983
6052.150093,0.076211,0.945024,0.217928
6052.159239,0.116215,0.984112,0.218575
6052.168382,0.156248,1.007348,0.218223
6052.177528,0.185364,1.014719,0.218076
6052.186981,0.206036,1.030587,0.215491
6052.196127,0.217073,1.065908,0.209166
6052.214105,0.213522,1.117051,0.203872
6052.223248,0.213739,1.149880,0.192880
6052.232394,0.201821,1.199745,0.181720
6052.241776,0.168976,1.250886,0.184747
6052.250922,0.127439,1.292328,0.197342
6052.268971,0.103633,1.304718,0.232644
6052.278113,0.115520,1.286547,0.244623
6052.287259,0.137311,1.274421,0.247073
6052.296402,0.167643,1.270827,0.247048
6052.305548,0.197977,1.262359,0.247078
6052.315431,0.215118,1.240408,0.240213
6052.324577,0.221516,1.213501,0.225170
6052.333739,0.218207,1.192668,0.210078
6052.342885,0.209915,1.191365,0.200673
6052.360418,0.190492,1.238853,0.200174
6052.369559,0.179346,1.244999,0.210746
6052.378705,0.170679,1.236509,0.219119
6052.387862,0.163326,1.229208,0.222758
6052.397008,0.154657,1.230468,0.231020
6052.406531,0.143610,1.240237,0.236831
6052.415677,0.140119,1.249928,0.229650
6052.425245,0.151264,1.247438,0.219037
6052.434391,0.167191,1.227922,0.212147
6052.443490,0.167325,1.193758,0.206637
6052.452636,0.149211,1.148605,0.203652
6052.470154,0.124872,1.034035,0.209729
6052.480099,0.126124,0.975534,0.209214
6052.489245,0.135813,0.936565,0.210816
6052.507097,0.138420,0.917013,0.202776
6052.516607,0.132624,0.938845,0.189562
6052.525753,0.129326,0.977718,0.172611
6052.543311,0.135878,1.048244,0.148198
6052.552440,0.143405,1.057925,0.136274
6052.561586,0.148635,1.054154,0.118610
6052.571300,0.145249,1.040658,0.106975
6052.580446,0.137876,1.008991,0.112070
6052.598169,0.122664,0.908039,0.145106
6052.607308,0.118835,0.860571,0.155093
6052.616454,0.122381,0.832582,0.160123
6052.625596,0.123546,0.821633,0.162605
6052.634742,0.122284,0.816773,0.165022
6052.644662,0.132065,0.816768,0.161462
6052.653808,0.149250,0.824048,0.151904
6052.662873,0.157891,0.833765,0.144696
6052.672019,0.151873,0.839828,0.142281
6052.681218,0.138551,0.845886,0.141061
6052.690364,0.128944,0.848270,0.136336
6052.708227,0.120296,0.760568,0.145612
6052.717422,0.116694,0.706932,0.145052
6052.726568,0.125493,0.682476,0.131155
6052.744482,0.168813,0.667655,0.091119
6052.754382,0.187438,0.665113,0.071053
6052.763528,0.204749,0.667476,0.055652
6052.781624,0.201464,0.649072,0.039353
6052.799722,0.145703,0.541708,0.039518
6052.817626,0.146753,0.380915,0.050786
6052.826778,0.149138,0.346814,0.053528
6052.835924,0.151613,0.350458,0.051122
6052.845394,0.159191,0.363778,0.036797
6052.854540,0.160779,0.366093,0.019072
6052.872489,0.145511,0.351270,-0.004320
6052.881636,0.146802,0.340279,-0.007737
6052.890782,0.146730,0.326899,-0.004045
6052.900289,0.138142,0.302542,0.000970
6052.909435,0.129556,0.274529,0.006027
6052.918580,0.127108,0.258690,0.007392
6052.927726,0.129588,0.244054,0.005194
6052.936979,0.128481,0.218427,0.000770
6052.946125,0.127423,0.194001,-0.006028
6052.963944,0.151251,0.198664,-0.042704
6052.973078,0.149192,0.232656,-0.060782
6052.982224,0.129972,0.270327,-0.070608
6052.991372,0.119222,0.295839,-0.079133
6053.000518,0.126650,0.305552,-0.086338
6053.009682,0.130268,0.290944,-0.085000
6053.018828,0.119132,0.250782,-0.073900
6053.028786,0.104360,0.195988,-0.062626
6053.037932,0.089762,0.147228,-0.059679
6053.055428,0.044829,0.111813,-0.056819
6053.064646,0.035000,0.099647,-0.050760
6053.073792,0.045922,0.089921,-0.050673
6053.083813,0.070333,0.108200,-0.058012
6053.092959,0.098427,0.160592,-0.068108
6053.110620,0.121785,0.245837,-0.084467
6053.128529,0.113443,0.243332,-0.091498
6053.138576,0.104879,0.225060,-0.087733
6053.147722,0.093989,0.206749,-0.088680
6053.165104,0.056585,0.177358,-0.097702
6053.174254,0.028708,0.166325,-0.098695
6053.183400,-0.000285,0.163786,-0.104501
6053.192537,-0.024351,0.170982,-0.113969
6053.201683,-0.037551,0.190403,-0.121240
6053.210829,-0.038719,0.211101,-0.123833
6053.219975,-0.044736,0.213509,-0.126206
6053.229742,-0.065282,0.193944,-0.129478
6053.238888,-0.091992,0.164649,-0.127906
6053.256551,-0.133383,0.117088,-0.120196
6053.266376,-0.151430,0.109688,-0.127150
6053.275522,-0.148831,0.121822,-0.135553
6053.293488,-0.098846,0.163274,-0.147931
6053.311418,-0.073064,0.152258,-0.162018
6053.320560,-0.073138,0.149846,-0.158451
6053.329706,-0.068360,0.146225,-0.154881
6053.338850,-0.047659,0.146242,-0.158466
6053.347996,-0.024633,0.149953,-0.157378
6053.357137,-0.023668,0.142728,-0.145500
6053.366283,-0.043377,0.122071,-0.131066
6053.375426,-0.060585,0.107487,-0.120245
6053.384572,-0.063085,0.103851,-0.116658
6053.393825,-0.051991,0.105034,-0.124954
6053.402971,-0.048078,0.115917,-0.138064
6053.412312,-0.061229,0.138978,-0.147736
6053.421458,-0.078042,0.153509,-0.156123
6053.439436,-0.066773,0.154632,-0.172676
6053.448578,-0.065459,0.154602,-0.177397
6053.457724,-0.078827,0.142396,-0.176049
6053.466870,-0.086203,0.121698,-0.171079
6053.476016,-0.075155,0.108273,-0.176848
6053.485522,-0.056780,0.108251,-0.185146
6053.494668,-0.050693,0.125317,-0.186533
6053.512591,-0.082401,0.183798,-0.180053
6053.521734,-0.094614,0.203296,-0.176709
6053.530880,-0.092292,0.221615,-0.172204
6053.540912,-0.077663,0.248430,-0.176081
6053.550058,-0.061799,0.286207,-0.181265
6053.567829,-0.076677,0.364271,-0.167966
6053.585783,-0.095033,0.391095,-0.161153
6053.595342,-0.087834,0.415507,-0.157908
6053.604488,-0.095227,0.472803,-0.153826
6053.613678,-0.124369,0.578766,-0.154970
6053.622824,-0.166965,0.713984,-0.151700
6053.640961,-0.290234,0.833396,-0.119760
6053.658917,-0.339413,0.711656,-0.086414
6053.668487,-0.288872,0.558360,-0.063542
6053.677633,-0.260220,0.411129,-0.038332
6053.695475,-0.283837,0.361309,-0.010579
6053.704617,-0.247472,0.393077,-0.009841
6053.713763,-0.178369,0.407859,-0.007800
6053.722907,-0.115226,0.397004,-0.010173
6053.732053,-0.084561,0.361616,-0.025173
6053.741571,-0.093780,0.313910,-0.047023
6053.750717,-0.128556,0.279582,-0.065432
6053.768645,-0.205932,0.290299,-0.078363
6053.777774,-0.230256,0.326826,-0.076367
6053.786920,-0.241312,0.374373,-0.070986
6053.796064,-0.241524,0.426842,-0.062146
6053.805210,-0.231981,0.481751,-0.055714
6053.814520,-0.213795,0.536628,-0.056379
6053.823666,-0.201620,0.574415,-0.059196
6053.841782,-0.199167,0.564662,-0.060269
6053.850928,-0.190595,0.548812,-0.063647
6053.860074,-0.179628,0.559785,-0.066155
6053.869213,-0.165076,0.592719,-0.066562
6053.878359,-0.150648,0.615945,-0.060959
6053.887502,-0.142432,0.622147,-0.048071
6053.896648,-0.139193,0.623507,-0.029218
6053.906578,-0.134640,0.619961,-0.015031
6053.915724,-0.129959,0.605405,-0.006617
6053.933348,-0.128034,0.608015,0.016943
6053.943143,-0.130566,0.633635,0.021375
6053.952289,-0.130649,0.665345,0.024553
6053.969802,-0.129678,0.739761,0.034320
6053.979839,-0.133475,0.767832,0.041087
6053.988985,-0.139770,0.781300,0.051564
6054.006440,-0.114301,0.713116,0.053466
6054.015522,-0.082571,0.674125,0.045583
6054.024668,-0.068011,0.668061,0.045620
6054.034053,-0.087578,0.688789,0.052505
6054.043199,-0.133893,0.736289,0.061502
6054.052504,-0.180342,0.815516,0.076036
6054.061650,-0.206241,0.900903,0.093995
6054.079533,-0.218910,0.948582,0.118253
6054.088674,-0.233739,0.923052,0.131553
6054.097820,-0.237650,0.901201,0.144788
6054.107787,-0.215934,0.892756,0.150735
6054.116933,-0.186941,0.894076,0.156556
6054.134824,-0.197528,0.910191,0.197685
6054.152876,-0.228843,0.934828,0.243481
6054.170977,-0.220357,0.856860,0.245531
6054.180280,-0.210902,0.753386,0.259667
6054.189426,-0.167326,0.649931,0.266650
6054.207551,-0.001549,0.663415,0.229564
6054.216705,-0.004146,0.754859,0.235606
6054.225851,-0.083861,0.867090,0.273431
6054.235859,-0.184529,0.989136,0.326526
6054.245005,-0.277764,1.092868,0.372735
6054.254115,-0.373189,1.151429,0.408846
6054.263261,-0.464712,1.161167,0.433708
6054.272640,-0.529360,1.134343,0.450670
6054.281786,-0.561044,1.088019,0.458345
6054.299006,-0.601019,1.028206,0.456754
6054.308262,-0.606931,1.012302,0.449870
6054.317408,-0.620098,0.997592,0.441809
6054.326804,-0.686925,0.985302,0.446813
6054.335950,-0.804910,0.971757,0.461380
6054.353863,-0.898258,0.977634,0.457977
6054.363001,-0.764375,0.989951,0.437491
6054.372147,-0.588175,0.989001,0.424141
6054.381299,-0.486265,1.007489,0.423709
6054.390445,-0.493957,1.056353,0.442044
6054.399925,-0.562512,1.103942,0.469964
6054.409071,-0.630410,1.124504,0.467518
6054.427020,-0.634870,1.002100,0.394601
6054.436898,-0.588288,0.888709,0.374557
6054.446044,-0.539266,0.819186,0.352828
6054.463599,-0.450478,0.799390,0.285617
6054.472737,-0.412081,0.760211,0.249409
6054.481883,-0.386082,0.678447,0.226690
6054.491023,-0.366547,0.577304,0.223081
6054.500169,-0.335203,0.472640,0.234823
6054.509442,-0.284673,0.368090,0.257140
6054.518588,-0.226888,0.263563,0.280620
6054.527597,-0.178635,0.161396,0.295837
6054.536743,-0.130214,0.095729,0.302378
6054.546461,-0.067172,0.084907,0.304724
6054.555607,0.006887,0.087479,0.302174
6054.573322,0.117808,0.032698,0.278963
6054.582463,0.158120,0.038781,0.265829
6054.591609,0.180229,0.061889,0.252541
6054.600754,0.182928,0.073988,0.239421
6054.609900,0.176019,0.097003,0.221478
6054.619043,0.167986,0.167509,0.198277
6054.628189,0.174553,0.277024,0.172240
6054.637373,0.218610,0.372035,0.152186
6054.646519,0.307321,0.406288,0.144525
6054.655800,0.410502,0.393077,0.142092
6054.664946,0.485952,0.384625,0.131406
6054.683052,0.521663,0.443824,0.048074
6054.692193,0.544557,0.432550,-0.001395
6054.701339,0.585191,0.344696,-0.027615
6054.710505,0.622595,0.266855,-0.016192
6054.719651,0.582490,0.496292,0.039086
6054.729020,0.404316,1.258688,0.014268
6054.738166,0.217997,2.186670,-0.373411
6054.756208,-0.279462,2.054041,-1.568229
6054.765352,-1.235695,0.788501,-1.358253
6054.774498,-2.040959,-1.015099,-0.761426
6054.783690,-1.932999,-2.795183,-0.206963
6054.792836,-1.207096,-3.596038,0.248878
6054.801936,-0.484414,-2.819816,0.535748
6054.811082,0.175628,-0.898429,0.433374
6054.820589,0.859275,1.001288,0.019752
6054.829735,1.346545,1.928134,-0.379997
6054.847649,1.064687,1.214419,-0.574160
6054.856789,0.570389,0.530777,-0.420190
6054.865935,0.173549,-0.087808,-0.229421
6054.875078,0.042331,-0.452362,-0.040946
6054.884224,0.169882,-0.453371,0.122769
6054.893369,0.404610,-0.212212,0.204449
6054.902515,0.601118,0.079440,0.199518
6054.911697,0.725549,0.289060,0.162647
6054.920843,0.802395,0.359756,0.141620
6054.930531,0.838400,0.324623,0.160817
6054.939677,0.838348,0.268993,0.221617
6054.957800,0.788057,0.239424,0.362449
6054.975768,0.777119,0.148422,0.422495
6054.985230,0.790610,0.060665,0.417568
6054.994376,0.767922,0.003224,0.401756
6055.012248,0.608243,0.129470,0.377070
6055.022183,0.550271,0.282801,0.361292
6055.031329,0.537564,0.445848,0.327609
6055.048836,0.537301,0.625469,0.221747
6055.058841,0.490011,0.570121,0.164675
6055.067987,0.417486,0.432996,0.097972
6055.077189,0.354648,0.272745,0.032691
6055.086335,0.315670,0.128519,-0.013948
6055.103692,0.199765,-0.101404,-0.092476
6055.113065,0.114736,-0.150694,-0.143637
6055.122211,0.037894,-0.171837,-0.180980
6055.140265,-0.069007,-0.183385,-0.231343
6055.149415,-0.076904,-0.159230,-0.259915
6055.158561,-0.045066,-0.125143,-0.274529
6055.167696,0.001007,-0.099449,-0.273743
6055.176842,0.023935,-0.105453,-0.267826
6055.186387,0.002055,-0.144478,-0.264974
6055.195533,-0.042875,-0.190862,-0.261988
6055.213423,-0.090347,-0.172628,-0.255014
6055.222562,-0.097918,-0.104307,-0.242800
6055.231708,-0.110470,-0.023767,-0.224815
6055.240853,-0.141250,0.071368,-0.205777
6055.249999,-0.202459,0.157944,-0.181857
6055.259151,-0.282075,0.165345,-0.146376
6055.268297,-0.344802,0.052176,-0.103660
6055.278096,-0.363557,-0.143864,-0.073072
6055.287242,-0.338107,-0.349739,-0.067242
6055.304865,-0.218564,-0.593016,-0.035236
6055.314486,-0.131191,-0.620463,0.021513
6055.323632,-0.058027,-0.652931,0.061834
6055.341438,-0.038148,-0.829739,0.043751
6055.350579,0.013242,-0.860243,0.023931
6055.359725,0.107054,-0.768383,0.060431
6055.368866,0.170656,-0.564923,0.203079
6055.378012,0.187622,-0.293952,0.426459
6055.387158,0.249387,0.051473,0.652433
6055.396304,0.450631,0.556424,0.819658
6055.405449,0.760396,1.277913,0.899241
6055.414595,1.009784,2.124287,0.905568
6055.424408,1.060790,2.788491,0.888450
6055.433554,0.898087,2.894215,0.892317
6055.451169,0.249742,1.391372,1.063038
6055.460942,0.019548,0.557703,1.123767
6055.470088,-0.025946,0.148781,1.047127
6055.488000,0.283843,0.546931,0.732830
6055.506038,0.376110,0.975624,0.491801
6055.515181,0.209801,0.999279,0.438806
6055.524328,-0.019699,1.027714,0.390612
6055.533632,-0.278920,1.014451,0.314646
6055.542778,-0.539179,0.896332,0.232798
6055.552240,-0.753121,0.767675,0.198158
6055.561386,-0.870174,0.778597,0.225421
6055.579188,-0.823361,1.276442,0.295147
6055.588429,-0.764506,1.576528,0.316373
6055.597575,-0.748540,1.762124,0.360232
6055.606988,-0.791279,1.807622,0.429410
6055.616134,-0.883974,1.788506,0.510050
6055.634055,-1.065843,1.903453,0.616489
6055.643206,-1.099616,2.017861,0.604641
6055.652352,-1.103205,2.078358,0.543794
6055.662184,-1.098952,2.086284,0.457575
6055.671330,-1.078845,2.069844,0.368061
6055.688926,-0.836743,1.932824,0.225171
6055.698584,-0.644334,1.774566,0.194704
6055.707730,-0.495745,1.579708,0.171828
6055.725516,-0.315160,1.277531,0.130050
6055.735543,-0.249786,1.136360,0.139775
6055.744689,-0.199419,0.978248,0.170960
6055.762076,-0.099602,0.572967,0.221371
6055.771218,-0.035906,0.332837,0.198015
6055.780364,0.019835,0.148564,0.148087
6055.790165,0.076770,0.055693,0.097114
6055.799311,0.159980,0.028818,0.064207
6055.816941,0.346151,-0.038004,0.039790
6055.826083,0.353669,-0.094123,0.029797
6055.835229,0.323872,-0.130920,0.005507
6055.844371,0.344136,-0.132383,-0.034631
6055.853517,0.432247,-0.041064,-0.072434
6055.862655,0.540184,0.149267,-0.074838
6055.871801,0.632244,0.296139,-0.014188
6055.882173,0.651679,0.293329,0.099055
6055.891319,0.535382,0.269475,0.205754
6055.908796,0.249113,0.608441,0.138808
6055.926690,0.403693,0.651645,-0.000047
6055.936281,0.503113,0.337889,0.067017
6055.945427,0.460969,0.128917,0.170946
6055.954949,0.281967,0.285152,0.255674
6055.964095,0.102264,0.625622,0.197917
6055.982233,-0.390519,1.251013,-0.491193
6055.999898,-1.527096,0.829011,-0.719856
6056.009918,-1.712122,0.018496,-0.501407
6056.019065,-1.467359,-0.549150,-0.188744
6056.036609,-0.304380,-0.576643,0.234918
6056.054689,0.813404,-0.485120,0.270376
6056.064225,1.143145,-0.720352,0.173244
6056.073371,1.264603,-1.059722,0.060056
6056.082493,1.187811,-1.344498,-0.030909
6056.091639,0.922090,-1.373876,-0.143249
6056.109558,0.193680,-0.599804,-0.251943
6056.118697,0.125500,-0.237137,-0.134417
6056.127843,0.297058,-0.038323,0.009228
6056.136984,0.538903,0.039619,0.102191
6056.146130,0.735008,0.012142,0.123313
6056.155760,0.853426,-0.117029,0.091496
6056.164906,0.894767,-0.339160,0.034952
6056.182710,0.857813,-0.956455,-0.039333
6056.192342,0.829160,-1.238157,-0.054935
6056.201488,0.767888,-1.470012,-0.078113
6056.219284,0.611366,-1.687639,-0.129560
6056.228430,0.587525,-1.682956,-0.149616
6056.237576,0.586929,-1.644170,-0.179550
6056.246722,0.567663,-1.564240,-0.245303
6056.255868,0.494464,-1.428589,-0.343427
6056.266107,0.359252,-1.246714,-0.436044
6056.275253,0.211377,-1.047628,-0.504055
6056.284293,0.112830,-0.886076,-0.551691
6056.293439,0.080532,-0.818057,-0.574811
6056.310726,0.060652,-0.906084,-0.607976
6056.320028,0.019506,-0.924482,-0.612396
6056.329174,-0.021298,-0.858506,-0.577667
6056.338638,-0.040836,-0.704558,-0.518034
6056.347784,-0.049434,-0.525005,-0.459896
6056.365600,-0.035724,-0.378058,-0.366044
6056.374739,-0.023941,-0.385228,-0.349472
6056.383885,-0.026072,-0.365834,-0.363845
6056.393024,-0.046335,-0.305069,-0.382189
6056.402170,-0.080552,-0.219758,-0.372470
6056.411648,-0.125152,-0.125710,-0.330975
6056.420794,-0.180855,-0.002378,-0.281532
6056.438751,-0.293423,0.304787,-0.243498
6056.447908,-0.309883,0.307014,-0.268262
6056.457054,-0.306856,0.089915,-0.291747
6056.466211,-0.291467,-0.310831,-0.264799
6056.475357,-0.240896,-0.765934,-0.179501
6056.484497,-0.148385,-1.117197,-0.071884
6056.493643,-0.050663,-1.282129,0.014722
6056.502754,-0.000656,-1.290238,0.059535
6056.511900,-0.010912,-1.190153,0.083190
6056.521042,-0.014922,-0.992630,0.096284
6056.530188,0.047018,-0.726878,0.087222
6056.539619,0.182513,-0.441327,0.099010
6056.548765,0.363754,-0.141344,0.241481
6056.566772,0.716890,0.653049,0.790845
6056.575914,0.934449,1.305297,0.929223
6056.585060,1.194173,2.072681,0.964741
6056.594722,1.339355,2.658025,0.970732
6056.603868,1.231417,2.802799,0.965777
6056.621633,0.671747,1.443485,1.070964
6056.630923,0.468330,0.286112,1.191951
6056.640069,0.359392,-0.503824,1.197652
6056.649202,0.375203,-0.593981,1.026407
6056.658348,0.465011,-0.238395,0.788575
6056.667584,0.480884,0.056493,0.605863
6056.676730,0.348647,0.143143,0.489551
6056.694786,-0.064858,0.359126,0.303953
6056.704255,-0.313516,0.476391,0.241812
6056.713401,-0.630958,0.552366,0.220402
6056.722565,-0.955098,0.646817,0.228287
6056.731711,-1.211581,0.791464,0.248431
6056.749654,-1.363462,1.277028,0.191320
6056.758794,-1.233635,1.524251,0.128055
6056.767940,-1.059754,1.602466,0.107910
6056.777088,-0.955810,1.474862,0.129193
6056.786234,-0.951112,1.277517,0.140870
6056.795376,-1.007788,1.182237,0.126743
6056.804522,-1.083885,1.231929,0.109826
6056.813658,-1.127284,1.329232,0.094655
6056.822804,-1.097830,1.393763,0.077340
6056.831951,-0.988316,1.420688,0.061458
6056.841097,-0.822730,1.394023,0.034269
6056.850251,-0.644166,1.292769,-0.031029
6056.859397,-0.491668,1.188814,-0.125733
6056.868526,-0.367344,1.166536,-0.209509
6056.877672,-0.253511,1.181056,-0.257110
6056.886814,-0.156084,1.114112,-0.273075
6056.895960,-0.083322,0.936362,-0.267669
6056.905103,-0.041202,0.691633,-0.246096
6056.914249,-0.020052,0.415293,-0.207601
6056.923915,0.016600,0.119579,-0.155942
6056.933061,0.099705,-0.170064,-0.120969
6056.950827,0.294998,-0.572182,-0.167538
6056.960029,0.365989,-0.662419,-0.194977
6056.969175,0.431369,-0.720730,-0.187377
6056.978900,0.491043,-0.775112,-0.139698
6056.988046,0.546494,-0.803717,-0.065171
6057.005722,0.656759,-0.586538,0.107892
6057.014834,0.668654,-0.377653,0.171549
6057.023980,0.642828,-0.176527,0.183470
6057.033261,0.593122,0.049605,0.119656
6057.042407,0.507959,0.321653,0.010566
6057.051944,0.370689,0.536302,-0.100116
6057.061090,0.187799,0.545164,-0.171782
6057.070394,-0.001347,0.331488,-0.172474
6057.079540,-0.117738,0.020896,-0.112055
6057.097134,0.053648,-0.125084,0.047317
6057.106283,0.201063,0.212960,0.067918
6057.115429,0.266796,0.641549,-0.009072
6057.125074,0.163317,1.050890,-0.172773
6057.134220,-0.218104,1.427608,-0.387407
6057.151998,-1.515470,1.115973,-0.645291
6057.161144,-1.997671,0.215057,-0.541957
6057.170290,-2.121937,-0.689195,-0.326111
6057.179442,-1.772096,-1.346235,-0.103495
6057.188588,-1.027197,-1.765099,0.077796
6057.198587,-0.166618,-1.826828,0.231171
6057.207733,0.542330,-1.404296,0.315652
6057.225171,1.285462,-0.391579,0.091326
6057.234295,1.388269,-0.490374,-0.120120
6057.243441,1.186006,-0.749242,-0.301945
6057.252949,0.652358,-0.747148,-0.366873
6057.262095,0.116383,-0.494065,-0.270675
6057.271615,-0.046907,-0.308937,-0.069520
6057.280761,0.151426,-0.315625,0.131856
6057.298309,0.689982,-0.459486,0.311642
6057.307583,0.826534,-0.526452,0.281436
6057.316729,0.898461,-0.653557,0.210765
6057.325998,0.937729,-0.881903,0.137781
6057.335144,0.920056,-1.149388,0.061827
6057.353174,0.690964,-1.464319,-0.112223
6057.362313,0.638947,-1.525812,-0.175113
6057.371459,0.667489,-1.573491,-0.204125
6057.380602,0.678714,-1.590630,-0.218110
6057.389748,0.612403,-1.559224,-0.238380
6057.398893,0.509714,-1.509620,-0.259956
6057.408039,0.426292,-1.478206,-0.274290
6057.426331,0.266476,-1.348666,-0.349741
6057.417185,0.351586,-1.434664,-0.299397
6057.436202,0.196099,-1.254167,-0.408471
6057.445348,0.161904,-1.198515,-0.456219
6057.462922,0.135274,-1.140099,-0.460367
6057.472050,0.092269,-1.076640,-0.436222
6057.481196,0.039824,-0.973078,-0.425491
6057.490336,0.015324,-0.825603,-0.417681
6057.499482,0.025827,-0.643876,-0.402079
6057.508625,0.037839,-0.448841,-0.400789
6057.517771,0.016437,-0.274777,-0.425141
6057.527342,-0.020703,-0.149499,-0.450082
6057.536488,-0.048075,-0.065653,-0.476932
6057.545613,-0.069102,-0.003822,-0.516521
6057.554759,-0.090222,0.032450,-0.551101
6057.572635,-0.140406,-0.018684,-0.529174
6057.581934,-0.185199,-0.070799,-0.475396
6057.591081,-0.239068,-0.091055,-0.394827
6057.600822,-0.277416,-0.108758,-0.302524
6057.609968,-0.281505,-0.177667,-0.222689
6057.627505,-0.203650,-0.436316,-0.112556
6057.636644,-0.126110,-0.570975,-0.047485
6057.645790,-0.059466,-0.697134,0.016332
6057.655276,-0.060096,-0.790753,0.048073
6057.664422,-0.131545,-0.826282,0.042735
6057.673453,-0.199096,-0.786339,0.023551
6057.682599,-0.180719,-0.691313,0.012990
6057.700655,0.154199,-0.404691,0.117529
6057.710574,0.396151,-0.157810,0.315920
6057.719720,0.594488,0.084494,0.568726
6057.737233,0.766997,0.525083,0.947917
6057.747153,0.868548,0.670016,1.075812
6057.756299,0.966656,0.727140,1.196458
6057.773809,1.127415,1.278057,1.326678
6057.783929,1.358398,1.556206,1.298231
6057.793075,1.470142,1.404884,1.238368
6057.810389,0.668663,0.344555,0.954907
6057.819528,0.278390,-0.162488,0.719692
6057.828674,0.123538,-0.655662,0.481449
6057.838468,0.009932,-1.082541,0.298986
6057.847614,-0.183114,-1.340820,0.197355
6057.865250,-0.685600,-1.155342,0.203412
6057.874390,-0.974701,-0.596091,0.264910
6057.883536,-1.218390,0.314024,0.293998
6057.892684,-1.285061,1.367923,0.267975
6057.901830,-1.170628,2.195430,0.231162
6057.911407,-1.000524,2.540548,0.211523
6057.920553,-0.867625,2.428493,0.183018
6057.938406,-0.753195,1.651562,0.067753
6057.947546,-0.807186,1.297865,0.047128
6057.956692,-0.906697,1.073454,0.053441
6057.965839,-0.938169,0.973443,0.052290
6057.974985,-0.846942,0.947962,0.041764
6057.984839,-0.698725,0.953073,0.031946
6057.993985,-0.579570,0.936171,0.020083
6058.011561,-0.469222,0.817809,-0.031895
6058.021550,-0.388317,0.810385,-0.070917
6058.030696,-0.272236,0.837155,-0.110405
6058.039902,-0.174627,0.851794,-0.136738
6058.049048,-0.135363,0.794454,-0.156224
6058.067142,-0.138793,0.379659,-0.214015
6058.084714,0.046320,-0.038163,-0.237969
6058.094210,0.167939,-0.222015,-0.247934
6058.103356,0.262002,-0.395073,-0.274480
6058.112538,0.365983,-0.512129,-0.312302
6058.121684,0.513374,-0.551018,-0.339313
6058.139579,0.744644,-0.605225,-0.316783
6058.148727,0.747190,-0.637754,-0.264511
6058.157874,0.716483,-0.593416,-0.190627
6058.167008,0.673419,-0.449106,-0.108419
6058.176154,0.612048,-0.267022,-0.021882
6058.185300,0.544910,-0.183753,0.052816
6058.194446,0.483513,-0.262838,0.089243
6058.203608,0.428075,-0.359343,0.073947
6058.212754,0.374742,-0.296510,0.013181
6058.221874,0.326597,-0.060745,-0.067262
6058.231020,0.313829,0.215242,-0.157678
6058.240508,0.379561,0.317256,-0.227408
6058.249654,0.494548,0.089712,-0.209728
6058.258916,0.575085,-0.299404,-0.108731
6058.268062,0.564780,-0.481602,-0.019333
6058.286140,0.250008,-0.283033,0.059308
6058.295349,0.035589,-0.190970,0.042209
6058.304495,-0.168259,0.021054,-0.075376
6058.313607,-0.358096,0.339710,-0.283866
6058.322753,-0.557039,0.666676,-0.520743
6058.332372,-0.900870,0.853790,-0.673132
6058.341518,-1.474079,0.568470,-0.696947
6058.359039,-2.213461,-1.143730,-0.462297
6058.368179,-1.859114,-1.773429,-0.166861
6058.377325,-1.168803,-2.134321,0.127141
6058.386472,-0.439358,-2.192628,0.285481
6058.395618,0.162433,-1.916008,0.277481
6058.404762,0.662150,-1.467320,0.159208
6058.413908,1.128409,-1.072489,0.018027
6058.423054,1.465294,-0.825111,-0.083441
6058.432200,1.456245,-0.634036,-0.118630
6058.441342,1.073062,-0.410267,-0.075518
6058.450488,0.603863,-0.249675,0.020408
6058.460437,0.327765,-0.377550,0.113303
6058.469583,0.283144,-0.852564,0.168362
6058.487072,0.568675,-1.890334,0.171311
6058.496386,0.756357,-2.047426,0.134942
6058.505532,0.802123,-1.977356,0.034948
6058.514886,0.625856,-1.826502,-0.123290
6058.524032,0.343836,-1.787905,-0.269401
6058.533268,0.157562,-1.910739,-0.350176
6058.542414,0.144994,-2.026789,-0.384218
6058.560210,0.351260,-1.855772,-0.388974
6058.569357,0.392547,-1.746841,-0.336039
6058.578503,0.344854,-1.698882,-0.262160
6058.588418,0.235517,-1.688903,-0.198331
6058.597564,0.116906,-1.697364,-0.154328
6058.615080,0.013480,-1.601209,-0.142222
6058.624225,0.045172,-1.478120,-0.151952
6058.633371,0.095831,-1.377994,-0.140226
6058.643426,0.123396,-1.314458,-0.125674
6058.652572,0.114027,-1.254881,-0.142848
6058.669945,0.061567,-1.071702,-0.247457
6058.679393,0.039665,-0.950277,-0.304240
6058.688539,0.025016,-0.822734,-0.359929
6058.706526,-0.015152,-0.629428,-0.415131
6058.715872,-0.065022,-0.627051,-0.409152
6058.725018,-0.122421,-0.739150,-0.388874
6058.743100,-0.193375,-1.027898,-0.354756
6058.752237,-0.159154,-1.026693,-0.366641
6058.761383,-0.077771,-0.997313,-0.371872
6058.770858,0.009808,-1.051637,-0.324255
6058.780004,0.070653,-1.206736,-0.215265
6058.797966,0.227595,-1.583905,0.001041
6058.807106,0.370900,-1.708764,0.054059
6058.816252,0.486557,-1.752121,0.093232
6058.825393,0.531247,-1.749525,0.102543
6058.834539,0.497269,-1.661045,0.043803
6058.843885,0.388502,-1.386422,-0.039311
6058.853031,0.241300,-1.077075,-0.027180
6058.871116,0.213497,-0.710780,0.416997
6058.880268,0.463767,-0.027579,0.613937
6058.889414,0.814054,0.991160,0.664090
6058.898552,1.078364,1.783826,0.654481
6058.907698,1.124006,1.940049,0.672657
6058.916840,0.962860,1.472126,0.730247
6058.925986,0.684766,0.669019,0.817866
6058.935126,0.381562,-0.107455,0.887540
6058.944272,0.148450,-0.634701,0.850406
6058.954422,0.060886,-0.958950,0.696210
6058.963568,0.108662,-1.241714,0.509395
6058.981260,0.312155,-1.708304,0.306641
6058.999139,0.068389,-1.417602,0.124541
6059.008282,-0.277465,-1.125831,-0.049091
6059.017428,-0.718580,-0.842576,-0.192926
6059.026570,-1.153091,-0.514805,-0.248804
6059.035716,-1.407877,-0.186314,-0.255533
6059.045410,-1.382391,-0.003481,-0.260032
6059.054556,-1.141239,-0.054070,-0.245823
6059.072295,-0.769889,-0.512333,-0.183601
6059.081437,-0.848229,-0.667018,-0.147456
6059.090583,-0.966715,-0.676741,-0.109337
6059.099872,-1.026019,-0.551399,-0.118895
6059.109018,-1.053672,-0.387441,-0.191486
6059.118634,-1.078339,-0.254129,-0.289689
6059.127780,-1.067059,-0.126685,-0.366667
6059.145442,-0.923021,0.060568,-0.469390
6059.155313,-0.858167,0.018678,-0.551633
6059.164459,-0.769154,-0.112082,-0.627018
6059.182027,-0.457291,-0.453879,-0.622621
6059.191463,-0.326379,-0.532370,-0.558307
6059.200609,-0.228243,-0.539028,-0.494740
6059.218597,-0.059563,-0.538288,-0.439668
6059.228064,-0.010032,-0.591732,-0.428549
6059.237210,0.040470,-0.682868,-0.405206
6059.246642,0.139532,-0.793412,-0.382926
6059.255788,0.277691,-0.889345,-0.373875
6059.273842,0.488645,-0.976598,-0.365081
6059.291766,0.543532,-0.776332,-0.326193
6059.300908,0.562029,-0.499374,-0.289279
6059.310054,0.571730,-0.213803,-0.238288
6059.319200,0.536218,-0.050071,-0.169294
6059.328346,0.472737,-0.046007,-0.093701
6059.338349,0.458180,-0.118744,-0.035034
6059.347495,0.515720,-0.136671,-0.001924
6059.364912,0.459314,0.058383,0.021930
6059.374051,0.212027,0.080956,0.011593
6059.383197,-0.085381,0.112084,0.018963
6059.392341,-0.273305,0.347245,0.065060
6059.401487,-0.238973,0.789939,0.095331
6059.410626,-0.014205,1.233443,0.013106
6059.419772,0.166812,1.633011,-0.236042
6059.429202,0.059020,2.059220,-0.596939
6059.438348,-0.370291,2.108644,-0.891497
6059.447605,-1.028250,1.156538,-0.908709
6059.456751,-1.737190,-0.615752,-0.563727
6059.474640,-1.810520,-3.325385,0.435859
6059.483782,-0.987782,-3.545121,0.660721
6059.492928,-0.011285,-2.966684,0.654365
6059.502626,0.875397,-1.879471,0.410002
6059.511772,1.497157,-0.919387,0.017840
6059.529515,1.410213,-0.697928,-0.349026
6059.539282,0.935295,-1.069976,-0.257634
6059.548428,0.490016,-1.371053,-0.135264
6059.566079,0.178715,-1.326364,0.068994
6059.575489,0.292438,-1.178170,0.137841
6059.584635,0.473575,-1.064188,0.175079
6059.602658,0.837179,-1.059663,0.191933
6059.611831,0.946633,-1.210628,0.182798
6059.620977,0.981404,-1.421636,0.149735
6059.630088,0.950984,-1.626794,0.101412
6059.639234,0.876651,-1.792968,0.063357
6059.648668,0.782423,-1.928558,0.047411
6059.657814,0.687914,-2.039682,0.044165
6059.675811,0.572565,-2.135342,-0.006401
6059.685319,0.541201,-2.100536,-0.072794
6059.694465,0.485568,-2.046281,-0.139355
6059.703967,0.408993,-2.028519,-0.190119
6059.713113,0.325020,-2.048509,-0.234538
6059.730676,0.144707,-1.931239,-0.315703
6059.739823,0.063929,-1.756102,-0.343477
6059.748969,0.004740,-1.584494,-0.359461
6059.758106,-0.031610,-1.465165,-0.364280
6059.767252,-0.069460,-1.405453,-0.354262
6059.777129,-0.123349,-1.388334,-0.330745
6059.786275,-0.173546,-1.376099,-0.309541
6059.803835,-0.193198,-1.206678,-0.301991
6059.812985,-0.155623,-1.050614,-0.303852
6059.822131,-0.106879,-0.887298,-0.317616
6059.831631,-0.104949,-0.735214,-0.354745
6059.840777,-0.167040,-0.613820,-0.404362
6059.858700,-0.289272,-0.536186,-0.420317
6059.867839,-0.327271,-0.484953,-0.403123
6059.876985,-0.352953,-0.360644,-0.396226
6059.886126,-0.338293,-0.255852,-0.403350
6059.895272,-0.295897,-0.286207,-0.399558
6059.904420,-0.273935,-0.446646,-0.344689
6059.913566,-0.282010,-0.647052,-0.245651
6059.923097,-0.265725,-0.820631,-0.151691
6059.932243,-0.196808,-0.933329,-0.080953
6059.941456,-0.133426,-0.958480,-0.037155
6059.950602,-0.142258,-0.901113,-0.022453
6059.968674,-0.262578,-0.764810,-0.015487
6059.978071,-0.208464,-0.732855,0.006446
6059.987217,-0.040168,-0.699086,0.078837
6060.005004,0.494827,-0.519246,0.533353
6060.014145,0.739413,-0.313046,0.837198
6060.023291,0.884941,0.041064,1.060531
6060.032959,0.971597,0.455382,1.198365
6060.042105,1.091408,0.880601,1.317129
6060.059872,1.368432,2.074818,1.385496
6060.069015,1.435235,2.210596,1.264652
6060.078161,1.316081,1.474831,1.178920
6060.087713,0.871188,0.225582,1.132780
6060.096859,0.294142,-0.868806,0.964831
6060.114819,0.048856,-1.950111,0.313508
6060.124719,0.170836,-2.316869,0.119231
6060.133865,0.026278,-2.566098,0.076377
6060.151310,-1.035814,-1.737045,0.254452
6060.160454,-1.556179,-0.672315,0.340185
6060.169600,-1.796302,0.563188,0.365557
6060.178742,-1.635008,1.739452,0.342363
6060.187888,-1.256309,2.573669,0.315516
6060.197032,-0.990187,2.836064,0.289532
6060.206178,-0.937986,2.545735,0.237281
6060.215322,-0.999440,1.968682,0.173209
6060.224468,-1.099799,1.412291,0.112524
6060.233755,-1.198611,1.041013,0.032031
6060.242901,-1.253540,0.864725,-0.062577
6060.261042,-1.136128,0.661962,-0.159617
6060.270185,-0.976061,0.483189,-0.152029
6060.279331,-0.809449,0.340014,-0.110650
6060.288865,-0.690536,0.329693,-0.054164
6060.298011,-0.605299,0.450808,-0.014440
6060.307163,-0.508600,0.611977,-0.001150
6060.316309,-0.401379,0.708310,-0.024896
6060.334201,-0.294701,0.631787,-0.190596
6060.343340,-0.239917,0.533945,-0.254483
6060.352486,-0.151125,0.436567,-0.263004
6060.361626,-0.059669,0.332209,-0.225443
6060.370772,0.020467,0.219433,-0.168886
6060.379915,0.097166,0.104145,-0.121729
6060.389061,0.190262,-0.006444,-0.104155
6060.398205,0.314285,-0.091581,-0.115251
6060.407351,0.469007,-0.139002,-0.144540
6060.417000,0.623700,-0.165698,-0.172886
6060.426146,0.723516,-0.174134,-0.188343
6060.443931,0.682742,-0.134976,-0.154489
6060.453446,0.624078,-0.083367,-0.078268
6060.462592,0.592683,0.014817,0.026855
6060.480505,0.641944,0.403804,0.212249
6060.489647,0.729499,0.669969,0.253854
6060.498793,0.817276,0.907626,0.228541
6060.507951,0.854234,1.037493,0.142040
6060.517097,0.809203,1.009826,0.035100
6060.526229,0.697752,0.834473,-0.082990
6060.535375,0.572358,0.590646,-0.228583
6060.544514,0.487790,0.343389,-0.354170
6060.553660,0.458168,0.089629,-0.381886
6060.562997,0.447955,-0.054823,-0.297638
6060.572143,0.392953,0.054466,-0.166635
6060.582026,0.284268,0.333937,-0.082286
6060.591172,0.213779,0.808665,-0.144169
6060.608632,0.118764,2.167693,-0.784700
6060.618027,-0.460608,1.884017,-0.918234
6060.627173,-1.471921,1.038522,-0.751856
6060.636592,-2.253190,0.304547,-0.566016
6060.645738,-2.224795,-0.253253,-0.519610
6060.654906,-1.525143,-0.897525,-0.487834
6060.664052,-0.719053,-1.699476,-0.380171
6060.673383,-0.267119,-2.532247,-0.219479
6060.682529,-0.272761,-3.097404,0.001682
6060.699992,-0.587727,-2.338633,0.534028
6060.709489,-0.369195,-1.340638,0.618915
6060.718635,0.090751,-0.436783,0.592278
6060.736542,1.128913,0.708479,0.411809
6060.745691,1.440678,0.869979,0.238232
6060.754837,1.460243,0.720082,0.062940
6060.764560,1.223090,0.317660,-0.072344
6060.773706,0.886027,-0.272076,-0.126235
6060.791417,0.415452,-1.699217,0.012564
6060.801031,0.360326,-2.234101,0.049452
6060.810177,0.388938,-2.471899,0.021428
6060.827988,0.516901,-2.319103,-0.123337
6060.837264,0.515890,-2.157512,-0.193600
6060.846410,0.424666,-1.972807,-0.243875
6060.855418,0.291691,-1.789238,-0.270452
6060.864564,0.172713,-1.667599,-0.269220
6060.873703,0.095616,-1.627323,-0.238839
6060.882849,0.072828,-1.636799,-0.193853
6060.892002,0.105977,-1.655953,-0.154776
6060.901148,0.168723,-1.687391,-0.138038
6060.910287,0.217424,-1.776304,-0.144209
6060.919433,0.212928,-1.909256,-0.158020
6060.928989,0.153798,-1.996002,-0.171060
6060.938135,0.087165,-1.981548,-0.175798
6060.956007,0.046729,-1.775561,-0.161542
6060.966113,0.053824,-1.625601,-0.156188
6060.975259,0.058766,-1.465989,-0.163916
6060.992583,0.021731,-1.136028,-0.198269
6061.001728,-0.014476,-0.985064,-0.210528
6061.010874,-0.045814,-0.904773,-0.221993
6061.020386,-0.072257,-0.900036,-0.233786
6061.029532,-0.103472,-0.917270,-0.248859
6061.047452,-0.131504,-0.847015,-0.301506
6061.057080,-0.117653,-0.758202,-0.327322
6061.066226,-0.119646,-0.682801,-0.349412
6061.084026,-0.196631,-0.734360,-0.379329
6061.093378,-0.212367,-0.788021,-0.379863
6061.102524,-0.208887,-0.745311,-0.373279
6061.120607,-0.270944,-0.505320,-0.369981
6061.138898,-0.361825,-0.287829,-0.437146
6061.148031,-0.383417,-0.161226,-0.451519
6061.157177,-0.376300,-0.102665,-0.445124
6061.129752,-0.320058,-0.410584,-0.401627
6061.166541,-0.343963,-0.126829,-0.424864
6061.175687,-0.302007,-0.202124,-0.399323
6061.193759,-0.253252,-0.369854,-0.349149
6061.203773,-0.240363,-0.452537,-0.325820
6061.212919,-0.222744,-0.543698,-0.296506
6061.230332,-0.250289,-0.648264,-0.253964
6061.240096,-0.310126,-0.599514,-0.236694
6061.249242,-0.358491,-0.513963,-0.189196
6061.258463,-0.355382,-0.445132,-0.108587
6061.267609,-0.271505,-0.400333,-0.003105
6061.285204,0.114225,-0.328022,0.284262
6061.294343,0.368519,-0.271689,0.419914
6061.303489,0.664799,-0.032731,0.516822
6061.312639,0.961673,0.453396,0.580239
6061.321785,1.149264,0.999039,0.646755
6061.331743,1.157864,1.392211,0.747250
6061.340889,1.009945,1.593752,0.852629
6061.358351,0.732683,1.516225,0.999220
6061.367493,0.725398,1.258284,1.062341
6061.376639,0.650889,0.881357,1.037306
6061.385785,0.445492,0.430186,0.893071
6061.394931,0.228835,-0.000584,0.707337
6061.404075,0.132754,-0.329716,0.554395
6061.413221,0.107376,-0.532897,0.439974
6061.422363,-0.036326,-0.582567,0.352374
6061.431509,-0.379251,-0.425406,0.272288
6061.441432,-0.757621,-0.119565,0.201201
6061.450578,-0.919334,0.149116,0.154841
6061.459644,-0.771817,0.327089,0.117101
6061.468790,-0.465840,0.569723,0.042887
6061.486375,-0.196111,1.253351,-0.048070
6061.495745,-0.231187,1.375507,0.001341
6061.504891,-0.286270,1.309755,0.025805
6061.522952,-0.452815,0.939893,-0.007368
6061.532305,-0.524430,0.753317,-0.001547
6061.541451,-0.561947,0.561895,-0.001644
6061.559526,-0.498958,0.300878,-0.048354
6061.569129,-0.448217,0.323800,-0.095914
6061.578275,-0.405597,0.357548,-0.161275
6061.587330,-0.375222,0.342566,-0.220156
6061.596476,-0.368298,0.315484,-0.259973
6061.605580,-0.374911,0.361552,-0.292336
6061.614726,-0.366968,0.525852,-0.327257
6061.632682,-0.366472,0.875414,-0.358376
6061.641869,-0.392729,0.884151,-0.321848
6061.651015,-0.395080,0.822381,-0.266871
6061.660345,-0.343920,0.746055,-0.217745
6061.669491,-0.240135,0.658717,-0.189841
6061.687549,-0.071501,0.376359,-0.183451
6061.696691,-0.064358,0.207039,-0.173279
6061.705837,-0.039782,0.101378,-0.128478
6061.715330,0.034038,0.099562,-0.062554
6061.724476,0.127378,0.174519,-0.003446
6061.742528,0.287672,0.299906,0.100951
6061.751556,0.363859,0.339546,0.168757
6061.760702,0.418995,0.488956,0.254233
6061.769989,0.427817,0.889366,0.344027
6061.779135,0.429485,1.467221,0.366931
6061.789015,0.502879,1.827051,0.216386
6061.798161,0.623892,1.600747,-0.106899
6061.815563,0.292862,-0.217280,-0.474765
6061.824709,-0.211245,-0.994736,-0.313805
6061.833855,-0.595460,-1.201180,-0.098269
6061.843556,-0.653410,-0.894316,0.052902
6061.852702,-0.465095,-0.399686,0.143592
6061.870429,0.014841,0.157538,0.211700
6061.879573,0.300201,0.256337,0.140350
6061.888719,0.607208,0.381646,0.020283
6061.897861,0.759913,0.467718,-0.088383
6061.907007,0.648570,0.412155,-0.157111
6061.916561,0.394555,0.218844,-0.188567
6061.925707,0.201677,-0.028928,-0.184145
6061.943588,0.115329,-0.395416,-0.108997
6061.952737,0.082956,-0.497563,-0.067652
6061.961883,0.042103,-0.549771,-0.028038
6061.980226,0.015450,-0.343495,0.022756
6061.971080,0.019528,-0.506921,0.005735
6061.989866,0.020396,-0.096148,0.012848
6061.999012,0.028346,0.149792,-0.024184
6062.016979,0.053004,0.360116,-0.104496
6062.035026,0.060294,0.139974,-0.043017
6062.044181,0.072742,0.013570,0.002046
6062.053327,0.106355,-0.059354,0.020500
6062.062456,0.151330,-0.100722,0.017335
6062.071602,0.191702,-0.134871,0.002300
6062.081115,0.204417,-0.161848,-0.024554
6062.090261,0.188209,-0.165798,-0.061045
6062.099454,0.158501,-0.153883,-0.090609
6062.108600,0.124779,-0.149160,-0.102387
6062.126466,0.073622,-0.156510,-0.092754
6062.135611,0.072256,-0.143057,-0.085826
