"Date","Bitcoin market price (USD) 2010-2016"
"2010-08-17",0.077
"2010-08-18",0.074
"2010-08-19",0.069
"2010-08-20",0.067
"2010-08-21",0.067
"2010-08-22",0.066
"2010-08-23",0.066
"2010-08-24",0.067
"2010-08-25",0.067
"2010-08-26",0.066
"2010-08-27",0.065
"2010-08-28",0.065
"2010-08-29",0.065
"2010-08-30",0.069
"2010-08-31",0.065
"2010-09-01",0.065
"2010-09-02",0.063
"2010-09-03",0.063
"2010-09-04",0.061
"2010-09-05",0.063
"2010-09-06",0.064
"2010-09-07",0.062
"2010-09-08",0.062
"2010-09-09",0.062
"2010-09-10",0.062
"2010-09-11",0.062
"2010-09-12",0.065
"2010-09-13",0.062
"2010-09-14",0.064
"2010-09-15",0.175
"2010-09-16",0.062
"2010-09-17",0.061
"2010-09-18",0.061
"2010-09-19",0.063
"2010-09-20",0.063
"2010-09-21",0.063
"2010-09-22",0.063
"2010-09-23",0.063
"2010-09-24",0.063
"2010-09-25",0.062
"2010-09-26",0.062
"2010-09-27",0.062
"2010-09-28",0.063
"2010-09-29",0.062
"2010-09-30",0.062
"2010-10-01",0.062
"2010-10-02",0.062
"2010-10-03",0.061
"2010-10-04",0.062
"2010-10-05",0.063
"2010-10-06",0.063
"2010-10-07",0.064
"2010-10-08",0.088
"2010-10-09",0.12
"2010-10-10",0.12
"2010-10-11",0.13
"2010-10-12",0.099
"2010-10-13",0.095
"2010-10-14",0.105
"2010-10-15",0.119
"2010-10-16",0.109
"2010-10-17",0.105
"2010-10-18",0.103
"2010-10-19",0.102
"2010-10-20",0.103
"2010-10-21",0.109
"2010-10-22",0.107
"2010-10-23",0.109
"2010-10-24",0.19
"2010-10-25",0.15
"2010-10-26",0.19
"2010-10-27",0.19
"2010-10-28",0.19
"2010-10-29",0.191
"2010-10-30",0.192
"2010-10-31",0.199
"2010-11-01",0.198
"2010-11-02",0.196
"2010-11-03",0.275
"2010-11-04",0.236
"2010-11-05",0.24
"2010-11-06",0.29
"2010-11-07",0.5
"2010-11-08",0.37
"2010-11-09",0.337
"2010-11-10",0.267
"2010-11-11",0.24
"2010-11-12",0.251
"2010-11-13",0.3
"2010-11-14",0.299
"2010-11-15",0.283
"2010-11-16",0.283
"2010-11-17",0.28
"2010-11-18",0.29
"2010-11-19",0.283
"2010-11-20",0.289
"2010-11-21",0.29
"2010-11-22",0.282
"2010-11-23",0.288
"2010-11-24",0.283
"2010-11-25",0.283
"2010-11-26",0.289
"2010-11-27",0.284
"2010-11-28",0.285
"2010-11-29",0.279
"2010-11-30",0.275
"2010-12-01",0.225
"2010-12-02",0.25
"2010-12-03",0.255
"2010-12-04",0.259
"2010-12-05",0.235
"2010-12-06",0.225
"2010-12-07",0.226
"2010-12-08",0.248
"2010-12-09",0.239
"2010-12-10",0.204
"2010-12-11",0.228
"2010-12-12",0.228
"2010-12-13",0.227
"2010-12-14",0.23
"2010-12-15",0.247
"2010-12-16",0.246
"2010-12-17",0.255
"2010-12-18",0.249
"2010-12-19",0.25
"2010-12-20",0.275
"2010-12-21",0.269
"2010-12-22",0.267
"2010-12-23",0.25
"2010-12-24",0.25
"2010-12-25",0.25
"2010-12-26",0.27
"2010-12-27",0.265
"2010-12-28",0.28
"2010-12-29",0.301
"2010-12-30",0.3
"2010-12-31",0.3
"2011-01-01",0.3
"2011-01-02",0.3
"2011-01-03",0.3
"2011-01-04",0.3
"2011-01-05",0.299
"2011-01-06",0.299
"2011-01-07",0.322
"2011-01-08",0.323
"2011-01-09",0.323
"2011-01-10",0.329
"2011-01-11",0.329
"2011-01-12",0.35
"2011-01-13",0.405
"2011-01-14",0.45
"2011-01-15",0.4
"2011-01-16",0.4
"2011-01-17",0.4
"2011-01-18",0.387
"2011-01-19",0.34
"2011-01-20",0.368
"2011-01-21",0.44
"2011-01-22",0.43
"2011-01-23",0.444
"2011-01-24",0.443
"2011-01-25",0.425
"2011-01-26",0.425
"2011-01-27",0.417
"2011-01-28",0.45
"2011-01-29",0.446
"2011-01-30",0.48
"2011-01-31",0.5
"2011-02-01",0.95
"2011-02-02",0.84
"2011-02-03",0.75
"2011-02-04",0.88
"2011-02-05",0.917
"2011-02-06",0.92
"2011-02-07",0.906
"2011-02-08",0.9
"2011-02-09",0.935
"2011-02-10",1.1
"2011-02-11",1.007
"2011-02-12",1.09
"2011-02-13",1.08
"2011-02-14",1.08
"2011-02-15",1.085
"2011-02-16",1.05
"2011-02-17",1.05
"2011-02-18",1.05
"2011-02-19",1.02
"2011-02-20",0.955
"2011-02-21",0.88
"2011-02-22",0.869
"2011-02-23",0.95
"2011-02-24",0.95
"2011-02-25",1
"2011-02-26",0.989
"2011-02-27",0.96
"2011-02-28",0.949
"2011-03-01",0.97
"2011-03-02",0.95
"2011-03-03",0.94
"2011-03-04",0.939
"2011-03-05",0.919
"2011-03-06",0.91
"2011-03-07",0.909
"2011-03-08",0.907
"2011-03-09",0.884
"2011-03-10",0.87
"2011-03-11",0.933
"2011-03-12",0.92
"2011-03-13",0.92
"2011-03-14",0.9
"2011-03-15",0.9
"2011-03-16",0.89
"2011-03-17",0.88
"2011-03-18",0.851
"2011-03-19",0.824
"2011-03-20",0.79
"2011-03-21",0.788
"2011-03-22",0.8
"2011-03-23",0.85
"2011-03-24",0.9
"2011-03-25",0.89
"2011-03-26",0.905
"2011-03-27",0.896
"2011-03-28",0.858
"2011-03-29",0.8
"2011-03-30",0.795
"2011-03-31",0.801
"2011-04-01",0.8
"2011-04-02",0.797
"2011-04-03",0.8
"2011-04-04",0.79
"2011-04-05",0.71
"2011-04-06",0.748
"2011-04-07",0.768
"2011-04-08",0.799
"2011-04-09",0.768
"2011-04-10",0.759
"2011-04-11",0.781
"2011-04-12",0.897
"2011-04-13",1
"2011-04-14",0.94
"2011-04-15",1.09
"2011-04-16",1.095
"2011-04-17",1.085
"2011-04-18",1.2
"2011-04-19",1.19
"2011-04-20",1.198
"2011-04-21",1.198
"2011-04-22",1.332
"2011-04-23",1.549
"2011-04-24",1.95
"2011-04-25",1.701
"2011-04-26",1.73
"2011-04-27",1.95
"2011-04-28",2.65
"2011-04-29",2.7
"2011-04-30",4.15
"2011-05-01",4.09
"2011-05-02",3.495
"2011-05-03",3.49
"2011-05-04",3.58
"2011-05-05",3.5
"2011-05-06",3.6
"2011-05-07",3.7
"2011-05-08",3.9
"2011-05-09",3.937
"2011-05-10",5.2
"2011-05-11",6.065
"2011-05-12",5.95
"2011-05-13",8.45
"2011-05-14",8.9
"2011-05-15",8.55
"2011-05-16",8.5
"2011-05-17",8.389
"2011-05-18",7.874
"2011-05-19",7.34
"2011-05-20",7.1
"2011-05-21",6.604
"2011-05-22",6.61
"2011-05-23",7.45
"2011-05-24",7.2
"2011-05-25",7.51
"2011-05-26",9.33
"2011-05-27",8.92
"2011-05-28",8.735
"2011-05-29",8.499
"2011-05-30",9
"2011-05-31",9.5
"2011-06-01",9.391
"2011-06-02",10.57
"2011-06-03",14.3
"2011-06-04",17.41
"2011-06-05",18.998
"2011-06-06",19.23
"2011-06-07",19.06
"2011-06-08",31.91
"2011-06-09",31.5
"2011-06-10",35
"2011-06-11",30
"2011-06-12",24.99
"2011-06-13",24.5
"2011-06-14",20.99
"2011-06-15",20
"2011-06-16",19.96
"2011-06-17",19.39
"2011-06-18",17.2
"2011-06-19",18.877
"2011-06-20",17.35
"2011-06-21",15.5
"2011-06-22",15.05
"2011-06-23",16
"2011-06-24",16.75
"2011-06-25",17.6
"2011-06-26",17.51
"2011-06-27",18
"2011-06-28",17.52
"2011-06-29",17.3
"2011-06-30",17.5
"2011-07-01",17
"2011-07-02",16.49
"2011-07-03",15.7
"2011-07-04",15.85
"2011-07-05",15
"2011-07-06",16.5
"2011-07-07",16.25
"2011-07-08",15.643
"2011-07-09",15
"2011-07-10",15.68
"2011-07-11",15.2
"2011-07-12",14.64
"2011-07-13",14.15
"2011-07-14",14.1
"2011-07-15",14.3
"2011-07-16",14.1
"2011-07-17",13.96
"2011-07-18",13.69
"2011-07-19",14.7
"2011-07-20",14.04
"2011-07-21",13.939
"2011-07-22",13.939
"2011-07-23",13.92
"2011-07-24",13.98
"2011-07-25",14.74
"2011-07-26",14.4
"2011-07-27",14.13
"2011-07-28",14
"2011-07-29",13.8
"2011-07-30",13.8
"2011-07-31",14.9
"2011-08-01",13.55
"2011-08-02",13.45
"2011-08-03",13.1
"2011-08-04",11.488
"2011-08-05",11.55
"2011-08-06",11
"2011-08-07",9.8
"2011-08-08",8.89
"2011-08-09",12.1
"2011-08-10",10.7
"2011-08-11",10.496
"2011-08-12",9.895
"2011-08-13",10.05
"2011-08-14",11.24
"2011-08-15",11.89
"2011-08-16",11.38
"2011-08-17",11.3
"2011-08-18",11.67
"2011-08-19",11.81
"2011-08-20",11.798
"2011-08-21",11.59
"2011-08-22",11.501
"2011-08-23",11.49
"2011-08-24",11.4
"2011-08-25",10.966
"2011-08-26",10.3
"2011-08-27",9.11
"2011-08-28",9.48
"2011-08-29",9.481
"2011-08-30",9.15
"2011-08-31",9
"2011-09-01",8.449
"2011-09-02",8.499
"2011-09-03",8.714
"2011-09-04",8.594
"2011-09-05",8.467
"2011-09-06",7.657
"2011-09-07",7.599
"2011-09-08",7.315
"2011-09-09",6.94
"2011-09-10",6.209
"2011-09-11",7.4
"2011-09-12",7.081
"2011-09-13",6.25
"2011-09-14",5.99
"2011-09-15",5.69
"2011-09-16",5.23
"2011-09-17",5.022
"2011-09-18",5
"2011-09-19",5.6
"2011-09-20",6.795
"2011-09-21",6.287
"2011-09-22",5.83
"2011-09-23",5.707
"2011-09-24",5.66
"2011-09-25",5.5
"2011-09-26",5.46
"2011-09-27",5.13
"2011-09-28",4.989
"2011-09-29",4.809
"2011-09-30",5.35
"2011-10-01",5.3
"2011-10-02",5.16
"2011-10-03",5.075
"2011-10-04",5.03
"2011-10-05",5.025
"2011-10-06",4.93
"2011-10-07",4.85
"2011-10-08",4.594
"2011-10-09",4.389
"2011-10-10",4.259
"2011-10-11",4.14
"2011-10-12",4.206
"2011-10-13",4.45
"2011-10-14",4.115
"2011-10-15",4.05
"2011-10-16",3.901
"2011-10-17",3.76
"2011-10-18",2.9
"2011-10-19",2.65
"2011-10-20",2.42
"2011-10-21",2.72
"2011-10-22",3.3
"2011-10-23",3.36
"2011-10-24",3.2
"2011-10-25",3.04
"2011-10-26",2.876
"2011-10-27",3.05
"2011-10-28",3.255
"2011-10-29",3.827
"2011-10-30",3.65
"2011-10-31",3.388
"2011-11-01",3.35
"2011-11-02",3.44
"2011-11-03",3.299
"2011-11-04",3.219
"2011-11-05",3.21
"2011-11-06",3.05
"2011-11-07",3.029
"2011-11-08",3.21
"2011-11-09",3.114
"2011-11-10",3
"2011-11-11",3
"2011-11-12",3.11
"2011-11-13",3.099
"2011-11-14",3.03
"2011-11-15",2.69
"2011-11-16",2.6
"2011-11-17",2.6
"2011-11-18",2.39
"2011-11-19",2.3
"2011-11-20",2.499
"2011-11-21",2.29
"2011-11-22",2.35
"2011-11-23",2.38
"2011-11-24",2.46
"2011-11-25",2.56
"2011-11-26",2.531
"2011-11-27",2.497
"2011-11-28",2.539
"2011-11-29",2.981
"2011-11-30",2.959
"2011-12-01",3.14
"2011-12-02",3.138
"2011-12-03",3.13
"2011-12-04",2.99
"2011-12-05",2.93
"2011-12-06",3.05
"2011-12-07",3.082
"2011-12-08",3.1
"2011-12-09",3.039
"2011-12-10",3.04
"2011-12-11",3.38
"2011-12-12",3.342
"2011-12-13",3.3
"2011-12-14",3.277
"2011-12-15",3.193
"2011-12-16",3.23
"2011-12-17",3.23
"2011-12-18",3.25
"2011-12-19",3.7
"2011-12-20",4.5
"2011-12-21",4.11
"2011-12-22",3.992
"2011-12-23",3.95
"2011-12-24",3.95
"2011-12-25",4.39
"2011-12-26",4.313
"2011-12-27",4.06
"2011-12-28",4.189
"2011-12-29",4.33
"2011-12-30",4.3
"2011-12-31",4.995
"2012-01-01",5.2
"2012-01-02",5.5
"2012-01-03",5.29
"2012-01-04",5.606
"2012-01-05",6.399
"2012-01-06",7.22
"2012-01-07",7.016
"2012-01-08",7.2
"2012-01-09",7.2
"2012-01-10",6.89
"2012-01-11",7.138
"2012-01-12",6.997
"2012-01-13",6.858
"2012-01-14",6.75
"2012-01-15",6.99
"2012-01-16",7.189
"2012-01-17",6.98
"2012-01-18",6.95
"2012-01-19",6.3
"2012-01-20",6.58
"2012-01-21",6.55
"2012-01-22",6.39
"2012-01-23",6.455
"2012-01-24",6.515
"2012-01-25",6.45
"2012-01-26",6.2
"2012-01-27",5.689
"2012-01-28",5.748
"2012-01-29",5.76
"2012-01-30",5.6
"2012-01-31",5.65
"2012-02-01",5.638
"2012-02-02",6.2
"2012-02-03",6.148
"2012-02-04",6
"2012-02-05",5.963
"2012-02-06",5.79
"2012-02-07",5.71
"2012-02-08",5.849
"2012-02-09",5.8
"2012-02-10",5.925
"2012-02-11",6
"2012-02-12",5.85
"2012-02-13",5.72
"2012-02-14",5.6
"2012-02-15",4.88
"2012-02-16",4.734
"2012-02-17",4.77
"2012-02-18",4.497
"2012-02-19",4.333
"2012-02-20",4.52
"2012-02-21",4.435
"2012-02-22",4.54
"2012-02-23",4.925
"2012-02-24",5.198
"2012-02-25",5.07
"2012-02-26",5.001
"2012-02-27",5.1
"2012-02-28",5
"2012-02-29",4.9
"2012-03-01",4.984
"2012-03-02",4.989
"2012-03-03",4.78
"2012-03-04",4.9
"2012-03-05",5.04
"2012-03-06",5.05
"2012-03-07",5.07
"2012-03-08",5
"2012-03-09",4.95
"2012-03-10",4.94
"2012-03-11",4.99
"2012-03-12",4.959
"2012-03-13",5.41
"2012-03-14",5.444
"2012-03-15",5.45
"2012-03-16",5.4
"2012-03-17",5.4
"2012-03-18",5.38
"2012-03-19",5.31
"2012-03-20",4.98
"2012-03-21",4.87
"2012-03-22",4.88
"2012-03-23",4.83
"2012-03-24",4.749
"2012-03-25",4.683
"2012-03-26",4.738
"2012-03-27",4.74
"2012-03-28",4.846
"2012-03-29",4.861
"2012-03-30",4.83
"2012-03-31",4.95
"2012-04-01",4.929
"2012-04-02",5.08
"2012-04-03",5.01
"2012-04-04",4.97
"2012-04-05",4.945
"2012-04-06",4.96
"2012-04-07",4.98
"2012-04-08",4.8
"2012-04-09",4.8
"2012-04-10",4.9
"2012-04-11",4.894
"2012-04-12",4.98
"2012-04-13",4.945
"2012-04-14",5.03
"2012-04-15",4.984
"2012-04-16",4.98
"2012-04-17",5.022
"2012-04-18",5.178
"2012-04-19",5.19
"2012-04-20",5.17
"2012-04-21",5.48
"2012-04-22",5.329
"2012-04-23",5.218
"2012-04-24",5.2
"2012-04-25",5.16
"2012-04-26",5.18
"2012-04-27",5.137
"2012-04-28",5.118
"2012-04-29",5.018
"2012-04-30",5
"2012-05-01",5
"2012-05-02",5.179
"2012-05-03",5.184
"2012-05-04",5.15
"2012-05-05",5.15
"2012-05-06",5.099
"2012-05-07",5.095
"2012-05-08",5.1
"2012-05-09",5.096
"2012-05-10",5.125
"2012-05-11",5.032
"2012-05-12",5
"2012-05-13",4.999
"2012-05-14",5.036
"2012-05-15",5.09
"2012-05-16",5.09
"2012-05-17",5.135
"2012-05-18",5.13
"2012-05-19",5.143
"2012-05-20",5.15
"2012-05-21",5.148
"2012-05-22",5.12
"2012-05-23",5.16
"2012-05-24",5.232
"2012-05-25",5.15
"2012-05-26",5.149
"2012-05-27",5.148
"2012-05-28",5.16
"2012-05-29",5.159
"2012-05-30",5.173
"2012-05-31",5.19
"2012-06-01",5.27
"2012-06-02",5.279
"2012-06-03",5.265
"2012-06-04",5.279
"2012-06-05",5.5
"2012-06-06",5.47
"2012-06-07",5.529
"2012-06-08",5.66
"2012-06-09",5.7
"2012-06-10",5.62
"2012-06-11",5.545
"2012-06-12",5.7
"2012-06-13",5.96
"2012-06-14",5.95
"2012-06-15",6.165
"2012-06-16",6.599
"2012-06-17",6.53
"2012-06-18",6.467
"2012-06-19",6.533
"2012-06-20",6.65
"2012-06-21",6.8
"2012-06-22",6.8
"2012-06-23",6.651
"2012-06-24",6.592
"2012-06-25",6.45
"2012-06-26",6.451
"2012-06-27",6.556
"2012-06-28",6.669
"2012-06-29",6.662
"2012-06-30",6.693
"2012-07-01",6.694
"2012-07-02",6.75
"2012-07-03",6.765
"2012-07-04",6.55
"2012-07-05",6.77
"2012-07-06",6.734
"2012-07-07",6.75
"2012-07-08",6.87
"2012-07-09",6.896
"2012-07-10",7.239
"2012-07-11",7.257
"2012-07-12",7.32
"2012-07-13",7.9
"2012-07-14",7.689
"2012-07-15",7.649
"2012-07-16",8.29
"2012-07-17",9.49
"2012-07-18",9.399
"2012-07-19",9.275
"2012-07-20",9.234
"2012-07-21",9.7
"2012-07-22",9
"2012-07-23",9.2
"2012-07-24",8.96
"2012-07-25",8.77
"2012-07-26",8.9
"2012-07-27",8.95
"2012-07-28",8.93
"2012-07-29",8.889
"2012-07-30",9.15
"2012-07-31",9.44
"2012-08-01",9.54
"2012-08-02",9.8
"2012-08-03",11.119
"2012-08-04",11.3
"2012-08-05",11.187
"2012-08-06",11.291
"2012-08-07",11.04
"2012-08-08",11.15
"2012-08-09",12
"2012-08-10",11.6
"2012-08-11",11.598
"2012-08-12",11.765
"2012-08-13",11.87
"2012-08-14",12.179
"2012-08-15",12.67
"2012-08-16",13.841
"2012-08-17",15.4
"2012-08-18",15.26
"2012-08-19",12
"2012-08-20",10.5
"2012-08-21",10.3
"2012-08-22",10.26
"2012-08-23",10.25
"2012-08-24",10.25
"2012-08-25",10.25
"2012-08-26",10.619
"2012-08-27",12.15
"2012-08-28",11.381
"2012-08-29",11.21
"2012-08-30",10.937
"2012-08-31",10.836
"2012-09-01",10.42
"2012-09-02",10.19
"2012-09-03",10.5
"2012-09-04",10.593
"2012-09-05",10.579
"2012-09-06",11.17
"2012-09-07",11.29
"2012-09-08",11.21
"2012-09-09",11.143
"2012-09-10",11.127
"2012-09-11",11.194
"2012-09-12",11.379
"2012-09-13",11.399
"2012-09-14",11.75
"2012-09-15",11.799
"2012-09-16",11.99
"2012-09-17",11.963
"2012-09-18",12.09
"2012-09-19",12.61
"2012-09-20",12.687
"2012-09-21",12.57
"2012-09-22",12.443
"2012-09-23",12.275
"2012-09-24",12.299
"2012-09-25",12.229
"2012-09-26",12.28
"2012-09-27",12.46
"2012-09-28",12.444
"2012-09-29",12.49
"2012-09-30",12.475
"2012-10-01",12.481
"2012-10-02",12.88
"2012-10-03",12.9
"2012-10-04",13.09
"2012-10-05",12.99
"2012-10-06",12.9
"2012-10-07",12.737
"2012-10-08",12.08
"2012-10-09",12.35
"2012-10-10",12.15
"2012-10-11",12.19
"2012-10-12",12.15
"2012-10-13",12.137
"2012-10-14",12
"2012-10-15",12.03
"2012-10-16",11.99
"2012-10-17",11.99
"2012-10-18",11.96
"2012-10-19",11.967
"2012-10-20",11.85
"2012-10-21",11.797
"2012-10-22",11.81
"2012-10-23",12
"2012-10-24",11.82
"2012-10-25",11.71
"2012-10-26",11.1
"2012-10-27",10.839
"2012-10-28",10.61
"2012-10-29",10.95
"2012-10-30",10.85
"2012-10-31",11.14
"2012-11-01",11.279
"2012-11-02",11.21
"2012-11-03",10.601
"2012-11-04",10.68
"2012-11-05",10.9
"2012-11-06",10.89
"2012-11-07",11.216
"2012-11-08",11.098
"2012-11-09",11.07
"2012-11-10",10.959
"2012-11-11",10.939
"2012-11-12",11.18
"2012-11-13",11.129
"2012-11-14",11.05
"2012-11-15",11.114
"2012-11-16",11.8
"2012-11-17",11.8
"2012-11-18",11.832
"2012-11-19",11.8
"2012-11-20",11.84
"2012-11-21",11.784
"2012-11-22",12.28
"2012-11-23",12.43
"2012-11-24",12.411
"2012-11-25",12.6
"2012-11-26",12.652
"2012-11-27",12.53
"2012-11-28",12.407
"2012-11-29",12.599
"2012-11-30",12.65
"2012-12-01",12.688
"2012-12-02",12.68
"2012-12-03",12.679
"2012-12-04",12.967
"2012-12-05",13.5
"2012-12-06",13.689
"2012-12-07",13.68
"2012-12-08",13.55
"2012-12-09",13.53
"2012-12-10",13.55
"2012-12-11",13.64
"2012-12-12",13.64
"2012-12-13",13.8
"2012-12-14",13.901
"2012-12-15",13.772
"2012-12-16",13.665
"2012-12-17",13.498
"2012-12-18",13.399
"2012-12-19",13.399
"2012-12-20",13.72
"2012-12-21",13.648
"2012-12-22",13.59
"2012-12-23",13.485
"2012-12-24",13.45
"2012-12-25",13.45
"2012-12-26",13.399
"2012-12-27",13.47
"2012-12-28",13.65
"2012-12-29",13.67
"2012-12-30",13.57
"2012-12-31",13.59
"2013-01-01",13.561
"2013-01-02",13.4
"2013-01-03",13.464
"2013-01-04",13.49
"2013-01-05",13.548
"2013-01-06",13.53
"2013-01-07",13.535
"2013-01-08",13.83
"2013-01-09",13.88
"2013-01-10",14.32
"2013-01-11",14.3
"2013-01-12",14.35
"2013-01-13",14.315
"2013-01-14",14.3
"2013-01-15",14.479
"2013-01-16",14.689
"2013-01-17",15.39
"2013-01-18",15.985
"2013-01-19",15.843
"2013-01-20",15.89
"2013-01-21",16.98
"2013-01-22",17.59
"2013-01-23",17.589
"2013-01-24",19.19
"2013-01-25",18.835
"2013-01-26",17.619
"2013-01-27",18
"2013-01-28",18.45
"2013-01-29",19.8
"2013-01-30",19.7
"2013-01-31",21.43
"2013-02-01",21.3
"2013-02-02",21.1
"2013-02-03",20.68
"2013-02-04",21.05
"2013-02-05",20.79
"2013-02-06",21.334
"2013-02-07",22.15
"2013-02-08",22.15
"2013-02-09",23.7
"2013-02-10",23.615
"2013-02-11",24.196
"2013-02-12",25.77
"2013-02-13",26.1
"2013-02-14",26.531
"2013-02-15",26.999
"2013-02-16",27.07
"2013-02-17",25.608
"2013-02-18",26.816
"2013-02-19",28.79
"2013-02-20",29.812
"2013-02-21",29.8
"2013-02-22",30.901
"2013-02-23",29.28
"2013-02-24",30.298
"2013-02-25",30.25
"2013-02-26",31.179
"2013-02-27",31.402
"2013-02-28",33.5
"2013-03-01",34.878
"2013-03-02",34.181
"2013-03-03",34.1
"2013-03-04",36.35
"2013-03-05",40.04
"2013-03-06",47.5
"2013-03-07",42.493
"2013-03-08",42.98
"2013-03-09",46.011
"2013-03-10",46.5
"2013-03-11",47.74
"2013-03-12",45.018
"2013-03-13",46.8
"2013-03-14",47.276
"2013-03-15",47.25
"2013-03-16",47.11
"2013-03-17",47.442
"2013-03-18",47.65
"2013-03-19",57.76
"2013-03-20",63.41
"2013-03-21",73.8
"2013-03-22",71.5
"2013-03-23",63
"2013-03-24",70.1
"2013-03-25",73.888
"2013-03-26",78
"2013-03-27",88.9
"2013-03-28",93.567
"2013-03-29",89.05
"2013-03-30",91
"2013-03-31",92.5
"2013-04-01",102.51
"2013-04-02",108.73
"2013-04-03",138.79
"2013-04-04",131.999
"2013-04-05",143.8
"2013-04-06",142.498
"2013-04-07",160.1
"2013-04-08",184
"2013-04-09",237.99
"2013-04-10",198
"2013-04-11",123.401
"2013-04-12",76.488
"2013-04-13",109.5
"2013-04-14",91
"2013-04-15",91
"2013-04-16",91
"2013-04-17",85.6
"2013-04-18",96.5
"2013-04-19",119.62
"2013-04-20",123.86
"2013-04-21",125
"2013-04-22",123.515
"2013-04-23",136.081
"2013-04-24",153.2
"2013-04-25",151.12
"2013-04-26",135.601
"2013-04-27",128
"2013-04-28",135.99
"2013-04-29",141.5
"2013-04-30",139.109
"2013-05-01",124.3
"2013-05-02",105
"2013-05-03",93.15
"2013-05-04",111.99
"2013-05-05",117.89
"2013-05-06",120.95
"2013-05-07",106.81
"2013-05-08",113.95
"2013-05-09",109.562
"2013-05-10",117.68
"2013-05-11",115.4
"2013-05-12",114.32
"2013-05-13",117.503
"2013-05-14",119
"2013-05-15",114.985
"2013-05-16",115.09
"2013-05-17",124.49
"2013-05-18",123.75
"2013-05-19",121.056
"2013-05-20",122.65
"2013-05-21",122.5
"2013-05-22",122.64
"2013-05-23",125.67
"2013-05-24",131.5
"2013-05-25",132.69
"2013-05-26",134.047
"2013-05-27",132.61
"2013-05-28",128.321
"2013-05-29",129.98
"2013-05-30",130.996
"2013-05-31",127.341
"2013-06-01",129.199
"2013-06-02",120.603
"2013-06-03",120
"2013-06-04",120.567
"2013-06-05",122.405
"2013-06-06",120.69
"2013-06-07",110.295
"2013-06-08",107.8
"2013-06-09",98.47
"2013-06-10",104.969
"2013-06-11",108
"2013-06-12",108.162
"2013-06-13",109
"2013-06-14",100
"2013-06-15",101.97
"2013-06-16",100
"2013-06-17",100.525
"2013-06-18",107.39
"2013-06-19",107.835
"2013-06-20",111.97
"2013-06-21",111
"2013-06-22",109.09
"2013-06-23",107.684
"2013-06-24",101.969
"2013-06-25",103.867
"2013-06-26",104.406
"2013-06-27",102.79
"2013-06-28",96.635
"2013-06-29",95.853
"2013-06-30",96.5
"2013-07-01",90.998
"2013-07-02",89.55
"2013-07-03",82.8
"2013-07-04",79.8
"2013-07-05",67.858
"2013-07-06",69.346
"2013-07-07",70.942
"2013-07-08",77.64
"2013-07-09",76.328
"2013-07-10",78.589
"2013-07-11",87.15
"2013-07-12",97.8
"2013-07-13",95.995
"2013-07-14",94.75
"2013-07-15",98.375
"2013-07-16",97.01
"2013-07-17",97.97
"2013-07-18",90.4
"2013-07-19",93.411
"2013-07-20",91.878
"2013-07-21",88.94
"2013-07-22",91.788
"2013-07-23",95.396
"2013-07-24",93.622
"2013-07-25",96.2
"2013-07-26",96.395
"2013-07-27",95.205
"2013-07-28",99
"2013-07-29",101.042
"2013-07-30",101.9
"2013-07-31",104.956
"2013-08-01",104.19
"2013-08-02",105.5
"2013-08-03",103.8
"2013-08-04",104.675
"2013-08-05",106.4
"2013-08-06",106.884
"2013-08-07",105.6
"2013-08-08",101.9
"2013-08-09",102.3
"2013-08-10",102.618
"2013-08-11",103.85
"2013-08-12",104.995
"2013-08-13",107.299
"2013-08-14",100.03
"2013-08-15",98.28
"2013-08-16",98.51
"2013-08-17",98.39
"2013-08-18",99.02
"2013-08-19",102.07
"2013-08-20",104.59
"2013-08-21",109.75
"2013-08-22",111.01
"2013-08-23",107.48
"2013-08-24",108.79
"2013-08-25",112.9
"2013-08-26",111.8
"2013-08-27",117.52
"2013-08-28",119.25
"2013-08-29",119.48
"2013-08-30",124.79
"2013-08-31",132.75
"2013-09-01",130.82
"2013-09-02",131.03
"2013-09-03",130.45
"2013-09-04",126.74
"2013-09-05",124.51
"2013-09-06",122.44
"2013-09-07",120.15
"2013-09-08",118.51
"2013-09-09",121.66
"2013-09-10",123.39
"2013-09-11",124.1
"2013-09-12",128.45
"2013-09-13",128.29
"2013-09-14",124.32
"2013-09-15",125.46
"2013-09-16",126.02
"2013-09-17",127.56
"2013-09-18",127.23
"2013-09-19",124.1
"2013-09-20",123.98
"2013-09-21",123.5
"2013-09-22",122.78
"2013-09-23",123.02
"2013-09-24",122.59
"2013-09-25",124.18
"2013-09-26",123.85
"2013-09-27",125.6
"2013-09-28",126.5
"2013-09-29",128.1
"2013-09-30",125.8
"2013-10-01",127.11
"2013-10-02",104.47
"2013-10-03",116.95
"2013-10-04",122
"2013-10-05",121.51
"2013-10-06",121.6
"2013-10-07",123.6
"2013-10-08",123.84
"2013-10-09",126.08
"2013-10-10",126.43
"2013-10-11",126.84
"2013-10-12",127.53
"2013-10-13",129.74
"2013-10-14",135.69
"2013-10-15",139.24
"2013-10-16",141.83
"2013-10-17",143.33
"2013-10-18",150.59
"2013-10-19",165.05
"2013-10-20",165.71
"2013-10-21",177.07
"2013-10-22",191.78
"2013-10-23",199.95
"2013-10-24",195.78
"2013-10-25",172.81
"2013-10-26",179.71
"2013-10-27",189.06
"2013-10-28",196.25
"2013-10-29",202.09
"2013-10-30",203.39
"2013-10-31",201.61
"2013-11-01",203.24
"2013-11-02",204.15
"2013-11-03",206.85
"2013-11-04",225.1
"2013-11-05",246.63
"2013-11-06",258.23
"2013-11-07",292.32
"2013-11-08",325.56
"2013-11-09",359.76
"2013-11-10",296.91
"2013-11-11",339.38
"2013-11-12",353.95
"2013-11-13",391.64
"2013-11-14",416.5
"2013-11-15",428.24
"2013-11-16",433.53
"2013-11-17",463
"2013-11-18",583.16
"2013-11-19",559.99
"2013-11-20",595
"2013-11-21",694.95
"2013-11-22",761
"2013-11-23",837.99
"2013-11-24",833.16
"2013-11-25",814
"2013-11-26",844.9
"2013-11-27",961
"2013-11-28",1009
"2013-11-29",1083.9
"2013-11-30",1119.96
"2013-12-01",970
"2013-12-02",992.27
"2013-12-03",1060
"2013-12-04",1151
"2013-12-05",1028.34
"2013-12-06",894
"2013-12-07",727.29
"2013-12-08",722.99
"2013-12-09",871
"2013-12-10",936.98
"2013-12-11",886.2
"2013-12-12",845.75
"2013-12-13",874
"2013-12-14",864.7
"2013-12-15",848.17
"2013-12-16",709
"2013-12-17",702.05
"2013-12-18",576.16
"2013-12-19",653
"2013-12-20",660
"2013-12-21",612.5
"2013-12-22",637
"2013-12-23",639.9
"2013-12-24",647.27
"2013-12-25",658.07
"2013-12-26",734.42
"2013-12-27",715.51
"2013-12-28",701.61
"2013-12-29",714.79
"2013-12-30",739.1
"2013-12-31",731
"2014-01-01",746.9
"2014-01-02",758.01
"2014-01-03",806.21
"2014-01-04",822.38
"2014-01-05",896
"2014-01-06",934.21
"2014-01-07",867.38
"2014-01-08",825.29
"2014-01-09",809.17
"2014-01-10",827.46
"2014-01-11",891.85
"2014-01-12",851
"2014-01-13",807.83
"2014-01-14",820.75
"2014-01-15",847.7
"2014-01-16",830.9
"2014-01-17",793
"2014-01-18",801.53
"2014-01-19",833
"2014-01-20",831.72
"2014-01-21",822.56
"2014-01-22",813.05
"2014-01-23",813.02
"2014-01-24",789.1
"2014-01-25",806
"2014-01-26",826.77
"2014-01-27",777
"2014-01-28",800.2
"2014-01-29",803.6
"2014-01-30",799.37
"2014-01-31",802.5
"2014-02-01",815.99
"2014-02-02",819.57
"2014-02-03",813.8
"2014-02-04",809.05
"2014-02-05",800
"2014-02-06",778
"2014-02-07",742.78
"2014-02-08",707
"2014-02-09",710
"2014-02-10",665
"2014-02-11",670
"2014-02-12",667.01
"2014-02-13",633.99
"2014-02-14",672.1
"2014-02-15",651.42
"2014-02-16",623.5
"2014-02-17",642
"2014-02-18",626.77
"2014-02-19",623.93
"2014-02-20",582.7
"2014-02-21",566.16
"2014-02-22",603.98
"2014-02-23",626.77
"2014-02-24",545
"2014-02-25",528
"2014-02-26",585.38
"2014-02-27",585.17
"2014-02-28",577.97
"2014-03-01",571.5
"2014-03-02",559.88
"2014-03-03",666.5
"2014-03-04",677.61
"2014-03-05",664.85
"2014-03-06",657.02
"2014-03-07",621.3
"2014-03-08",609
"2014-03-09",637.99
"2014-03-10",621.99
"2014-03-11",622.9
"2014-03-12",642.1
"2014-03-13",642.61
"2014-03-14",636.47
"2014-03-15",636.29
"2014-03-16",634.94
"2014-03-17",624.7
"2014-03-18",627
"2014-03-19",608.41
"2014-03-20",590
"2014-03-21",579.99
"2014-03-22",557
"2014-03-23",567.13
"2014-03-24",572
"2014-03-25",580.02
"2014-03-26",585.7
"2014-03-27",520.2
"2014-03-28",503
"2014-03-29",499.94
"2014-03-30",449.02
"2014-03-31",457
"2014-04-01",479.51
"2014-04-02",445
"2014-04-03",446.31
"2014-04-04",446.01
"2014-04-05",451.84
"2014-04-06",459.67
"2014-04-07",447.74
"2014-04-08",454.07
"2014-04-09",443.1
"2014-04-10",401
"2014-04-11",427.99
"2014-04-12",424.98
"2014-04-13",405
"2014-04-14",453.14
"2014-04-15",489.91
"2014-04-16",511.5
"2014-04-17",495
"2014-04-18",479.98
"2014-04-19",499.9
"2014-04-20",500.19
"2014-04-21",496.5
"2014-04-22",493.33
"2014-04-23",487.3
"2014-04-24",491.6
"2014-04-25",459.15
"2014-04-26",463.88
"2014-04-27",440.1
"2014-04-28",447
"2014-04-29",447.7
"2014-04-30",449
"2014-05-01",460.01
"2014-05-02",447.51
"2014-05-03",434.5
"2014-05-04",436.21
"2014-05-05",427.83
"2014-05-06",430.33
"2014-05-07",446.65
"2014-05-08",441.5
"2014-05-09",452.02
"2014-05-10",452.42
"2014-05-11",435
"2014-05-12",441.5
"2014-05-13",438.95
"2014-05-14",447.49
"2014-05-15",448.99
"2014-05-16",449.51
"2014-05-17",449.08
"2014-05-18",447.14
"2014-05-19",446.42
"2014-05-20",485.01
"2014-05-21",494.87
"2014-05-22",523.84
"2014-05-23",527.47
"2014-05-24",521.52
"2014-05-25",575
"2014-05-26",584
"2014-05-27",581.87
"2014-05-28",574.33
"2014-05-29",568
"2014-05-30",609.03
"2014-05-31",620.45
"2014-06-01",674.98
"2014-06-02",631.49
"2014-06-03",673.9
"2014-06-04",644.66
"2014-06-05",658.72
"2014-06-06",655.75
"2014-06-07",654.3
"2014-06-08",652
"2014-06-09",650.93
"2014-06-10",649.89
"2014-06-11",639.99
"2014-06-12",617
"2014-06-13",582
"2014-06-14",557.92
"2014-06-15",560.49
"2014-06-16",595
"2014-06-17",597.65
"2014-06-18",604.6
"2014-06-19",604.32
"2014-06-20",593.33
"2014-06-21",590.99
"2014-06-22",596.08
"2014-06-23",591.5
"2014-06-24",585.54
"2014-06-25",567
"2014-06-26",569
"2014-06-27",588.97
"2014-06-28",597.08
"2014-06-29",596
"2014-06-30",620
"2014-07-01",654.45
"2014-07-02",654
"2014-07-03",644.04
"2014-07-04",635.49
"2014-07-05",632.78
"2014-07-06",634.49
"2014-07-07",621.98
"2014-07-08",623.7
"2014-07-09",624.84
"2014-07-10",619.78
"2014-07-11",630.31
"2014-07-12",631.98
"2014-07-13",630.9
"2014-07-14",622.8
"2014-07-15",623.17
"2014-07-16",619.48
"2014-07-17",626
"2014-07-18",629.86
"2014-07-19",630.92
"2014-07-20",623.77
"2014-07-21",619.14
"2014-07-22",621.03
"2014-07-23",622.01
"2014-07-24",601.18
"2014-07-25",602.59
"2014-07-26",595.88
"2014-07-27",592.51
"2014-07-28",586.96
"2014-07-29",581.5
"2014-07-30",573.48
"2014-07-31",586
"2014-08-01",601.94
"2014-08-02",591.59
"2014-08-03",589.79
"2014-08-04",593.94
"2014-08-05",580.21
"2014-08-06",581.6
"2014-08-07",587.24
"2014-08-08",589.3
"2014-08-09",588.61
"2014-08-10",588.99
"2014-08-11",578.97
"2014-08-12",569.54
"2014-08-13",550.14
"2014-08-14",521.66
"2014-08-15",498.16
"2014-08-16",509
"2014-08-17",491.88
"2014-08-18",468.19
"2014-08-19",487.5
"2014-08-20",507.3
"2014-08-21",525.78
"2014-08-22",518.25
"2014-08-23",503.88
"2014-08-24",510.75
"2014-08-25",503.79
"2014-08-26",512.79
"2014-08-27",514.84
"2014-08-28",509.39
"2014-08-29",511.99
"2014-08-30",503.88
"2014-08-31",477.98
"2014-09-01",482.59
"2014-09-02",483.65
"2014-09-03",472.76
"2014-09-04",486
"2014-09-05",485.91
"2014-09-06",481.09
"2014-09-07",480.62
"2014-09-08",476.61
"2014-09-09",466.48
"2014-09-10",485.03
"2014-09-11",469
"2014-09-12",470.43
"2014-09-13",479.86
"2014-09-14",475.49
"2014-09-15",475.3
"2014-09-16",468
"2014-09-17",448
"2014-09-18",428.19
"2014-09-19",398.89
"2014-09-20",415.56
"2014-09-21",406.3
"2014-09-22",400.98
"2014-09-23",423
"2014-09-24",431.91
"2014-09-25",408.08
"2014-09-26",405.14
"2014-09-27",400.74
"2014-09-28",380
"2014-09-29",381.94
"2014-09-30",382.67
"2014-10-01",385.27
"2014-10-02",375.85
"2014-10-03",363.75
"2014-10-04",336
"2014-10-05",293.67
"2014-10-06",331.2
"2014-10-07",330.7
"2014-10-08",346.26
"2014-10-09",378.94
"2014-10-10",358.97
"2014-10-11",359.99
"2014-10-12",364.83
"2014-10-13",381.46
"2014-10-14",411.89
"2014-10-15",394
"2014-10-16",378.02
"2014-10-17",382.83
"2014-10-18",389.68
"2014-10-19",388.99
"2014-10-20",384.95
"2014-10-21",387
"2014-10-22",385.1
"2014-10-23",363.99
"2014-10-24",358.46
"2014-10-25",348.89
"2014-10-26",355.43
"2014-10-27",356.5
"2014-10-28",354.94
"2014-10-29",343.53
"2014-10-30",337
"2014-10-31",340.95
"2014-11-01",327.39
"2014-11-02",326.41
"2014-11-03",325.81
"2014-11-04",328.72
"2014-11-05",341.99
"2014-11-06",347.96
"2014-11-07",342.26
"2014-11-08",345.84
"2014-11-09",356.34
"2014-11-10",375.87
"2014-11-11",365.04
"2014-11-12",430.07
"2014-11-13",406.56
"2014-11-14",396.56
"2014-11-15",373.14
"2014-11-16",383.65
"2014-11-17",378.48
"2014-11-18",379.91
"2014-11-19",374.77
"2014-11-20",361.7
"2014-11-21",356.9
"2014-11-22",359.8
"2014-11-23",362.99
"2014-11-24",384
"2014-11-25",381.03
"2014-11-26",371.44
"2014-11-27",372.62
"2014-11-28",376.12
"2014-11-29",377.22
"2014-11-30",375.96
"2014-12-01",381.72
"2014-12-02",381.93
"2014-12-03",378.25
"2014-12-04",371.67
"2014-12-05",373.98
"2014-12-06",374.05
"2014-12-07",375.73
"2014-12-08",367.01
"2014-12-09",350.29
"2014-12-10",350.97
"2014-12-11",356.1
"2014-12-12",355.08
"2014-12-13",350.31
"2014-12-14",353.28
"2014-12-15",352.15
"2014-12-16",336.73
"2014-12-17",318.2
"2014-12-18",317.7
"2014-12-19",317.63
"2014-12-20",325.7
"2014-12-21",326.93
"2014-12-22",332.53
"2014-12-23",336.96
"2014-12-24",327.59
"2014-12-25",319.31
"2014-12-26",328.09
"2014-12-27",314.45
"2014-12-28",317.5
"2014-12-29",314.49
"2014-12-30",313.09
"2014-12-31",317.4
"2015-01-01",315.7
"2015-01-02",316.15
"2015-01-03",302.33
"2015-01-04",270.93
"2015-01-05",276.8
"2015-01-06",276.8
"2015-01-07",276.8
"2015-01-08",276.8
"2015-01-09",276.8
"2015-01-10",278
"2015-01-11",272.25
"2015-01-12",270
"2015-01-13",230.89
"2015-01-14",176.5
"2015-01-15",218.11
"2015-01-16",205.35
"2015-01-17",197.12
"2015-01-18",211.18
"2015-01-19",212.39
"2015-01-20",212.99
"2015-01-21",215.2
"2015-01-22",233.9
"2015-01-23",233.03
"2015-01-24",244.64
"2015-01-25",247.11
"2015-01-26",271.47
"2015-01-27",266.03
"2015-01-28",249.25
"2015-01-29",233.19
"2015-01-30",230.11
"2015-01-31",229.7
"2015-02-01",220.72
"2015-02-02",223
"2015-02-03",236.51
"2015-02-04",222.56
"2015-02-05",217.37
"2015-02-06",220.47
"2015-02-07",225.16
"2015-02-08",223.5
"2015-02-09",220.39
"2015-02-10",220.16
"2015-02-11",221.99
"2015-02-12",221.83
"2015-02-13",239.94
"2015-02-14",245.31
"2015-02-15",243.99
"2015-02-16",235.86
"2015-02-17",244
"2015-02-18",234.87
"2015-02-19",241.59
"2015-02-20",243.56
"2015-02-21",245.66
"2015-02-22",236
"2015-02-23",237.09
"2015-02-24",240.1
"2015-02-25",238.59
"2015-02-26",237.5
"2015-02-27",254
"2015-02-28",252.98
"2015-03-01",247.56
"2015-03-02",263.81
"2015-03-03",275.8
"2015-03-04",281.65
"2015-03-05",265.63
"2015-03-06",272.12
"2015-03-07",275.83
"2015-03-08",273.87
"2015-03-09",287.48
"2015-03-10",294.06
"2015-03-11",293.29
"2015-03-12",297.39
"2015-03-13",289.51
"2015-03-14",284.21
"2015-03-15",283.57
"2015-03-16",290.88
"2015-03-17",287.02
"2015-03-18",265.85
"2015-03-19",260.62
"2015-03-20",259.8
"2015-03-21",257.83
"2015-03-22",260.5
"2015-03-23",266.07
"2015-03-24",247.83
"2015-03-25",245.68
"2015-03-26",251.98
"2015-03-27",248.63
"2015-03-28",251.52
"2015-03-29",244.05
"2015-03-30",245.18
"2015-03-31",242.92
"2015-04-01",242.7
"2015-04-02",252.44
"2015-04-03",254.39
"2015-04-04",253.77
"2015-04-05",257.03
"2015-04-06",254.7
"2015-04-07",255.48
"2015-04-08",245.89
"2015-04-09",244.98
"2015-04-10",235.71
"2015-04-11",236.7
"2015-04-12",236.76
"2015-04-13",225.99
"2015-04-14",216
"2015-04-15",218.96
"2015-04-16",229.62
"2015-04-17",222.67
"2015-04-18",222.32
"2015-04-19",225.72
"2015-04-20",224.63
"2015-04-21",224.88
"2015-04-22",237.34
"2015-04-23",235.48
"2015-04-24",230.93
"2015-04-25",228.6
"2015-04-26",218.42
"2015-04-27",222.59
"2015-04-28",222.66
"2015-04-29",225.69
"2015-04-30",235.13
"2015-05-01",233.43
"2015-05-02",234.13
"2015-05-03",240.51
"2015-05-04",236.17
"2015-05-05",234.66
"2015-05-06",235.79
"2015-05-07",233.99
"2015-05-08",244.72
"2015-05-09",241.08
"2015-05-10",239.35
"2015-05-11",244.19
"2015-05-12",241.51
"2015-05-13",242.72
"2015-05-14",238.32
"2015-05-15",237.6
"2015-05-16",236.63
"2015-05-17",235.78
"2015-05-18",236.45
"2015-05-19",232.04
"2015-05-20",234.6
"2015-05-21",236
"2015-05-22",240.5
"2015-05-23",238.77
"2015-05-24",240.46
"2015-05-25",235.65
"2015-05-26",235.94
"2015-05-27",235
"2015-05-28",236.48
"2015-05-29",235.87
"2015-05-30",231.12
"2015-05-31",231.95
"2015-06-01",222.4
"2015-06-02",224.83
"2015-06-03",226.29
"2015-06-04",225.54
"2015-06-05",224.15
"2015-06-06",224.49
"2015-06-07",222.6
"2015-06-08",228
"2015-06-09",230.1
"2015-06-10",228.01
"2015-06-11",229
"2015-06-12",229.98
"2015-06-13",230.22
"2015-06-14",232.05
"2015-06-15",236.46
"2015-06-16",245.35
"2015-06-17",249.96
"2015-06-18",248.25
"2015-06-19",246.45
"2015-06-20",244.08
"2015-06-21",242.47
"2015-06-22",246.35
"2015-06-23",243.92
"2015-06-24",240.64
"2015-06-25",241.92
"2015-06-26",241.19
"2015-06-27",248.5
"2015-06-28",248.76
"2015-06-29",253.8
"2015-06-30",262.53
"2015-07-01",257.85
"2015-07-02",255.06
"2015-07-03",255.1
"2015-07-04",257.92
"2015-07-05",270.92
"2015-07-06",273.37
"2015-07-07",267.26
"2015-07-08",269.68
"2015-07-09",270.68
"2015-07-10",286.98
"2015-07-11",293.5
"2015-07-12",309.3
"2015-07-13",289.9
"2015-07-14",292.87
"2015-07-15",290.95
"2015-07-16",275.76
"2015-07-17",277.99
"2015-07-18",278.08
"2015-07-19",276.09
"2015-07-20",278.26
"2015-07-21",278.97
"2015-07-22",277.54
"2015-07-23",276.64
"2015-07-24",287.3
"2015-07-25",287.12
"2015-07-26",292.33
"2015-07-27",290.79
"2015-07-28",295.24
"2015-07-29",290.7
"2015-07-30",287.56
"2015-07-31",284.78
"2015-08-01",280.72
"2015-08-02",280.69
"2015-08-03",284.39
"2015-08-04",285
"2015-08-05",282.69
"2015-08-06",277.1
"2015-08-07",279.39
"2015-08-08",269.89
"2015-08-09",265.42
"2015-08-10",264.07
"2015-08-11",265.85
"2015-08-12",267.89
"2015-08-13",265.97
"2015-08-14",266.99
"2015-08-15",265.41
"2015-08-16",257.47
"2015-08-17",257.45
"2015-08-18",253.91
"2015-08-19",233.29
"2015-08-20",233.23
"2015-08-21",233.59
"2015-08-22",226.04
"2015-08-23",228.68
"2015-08-24",213.24
"2015-08-25",222.02
"2015-08-26",228.84
"2015-08-27",228.27
"2015-08-28",234.17
"2015-08-29",228.22
"2015-08-30",226.47
"2015-08-31",230.94
"2015-09-01",228.32
"2015-09-02",230.68
"2015-09-03",227.42
"2015-09-04",230.8
"2015-09-05",234.67
"2015-09-06",240.2
"2015-09-07",241.31
"2015-09-08",243.08
"2015-09-09",240.08
"2015-09-10",239.68
"2015-09-11",239.93
"2015-09-12",235.13
"2015-09-13",229.86
"2015-09-14",230.88
"2015-09-15",230
"2015-09-16",227.86
"2015-09-17",234
"2015-09-18",232.99
"2015-09-19",230.71
"2015-09-20",230.2
"2015-09-21",226.56
"2015-09-22",229.43
"2015-09-23",229.95
"2015-09-24",233.9
"2015-09-25",235.79
"2015-09-26",233.76
"2015-09-27",232.85
"2015-09-28",238.94
"2015-09-29",237.68
"2015-09-30",237.91
"2015-10-01",238.98
"2015-10-02",237.78
"2015-10-03",239.17
"2015-10-04",239.47
"2015-10-05",239.22
"2015-10-06",246.67
"2015-10-07",245.25
"2015-10-08",243.91
"2015-10-09",244.78
"2015-10-10",245.79
"2015-10-11",248.08
"2015-10-12",246.63
"2015-10-13",249.58
"2015-10-14",254.6
"2015-10-15",254.73
"2015-10-16",262.31
"2015-10-17",269.07
"2015-10-18",262.44
"2015-10-19",264.16
"2015-10-20",269.8
"2015-10-21",269.1
"2015-10-22",273.95
"2015-10-23",277.43
"2015-10-24",279.9
"2015-10-25",295.01
"2015-10-26",284.95
"2015-10-27",294.73
"2015-10-28",298.95
"2015-10-29",310.36
"2015-10-30",329.2
"2015-10-31",310.92
"2015-11-01",311.5
"2015-11-02",340.69
"2015-11-03",409
"2015-11-04",437.05
"2015-11-05",400
"2015-11-06",388.38
"2015-11-07",387.38
"2015-11-08",381.51
"2015-11-09",378.8
"2015-11-10",353.58
"2015-11-11",309.9
"2015-11-12",331.6
"2015-11-13",332.2
"2015-11-14",331.9
"2015-11-15",322.33
"2015-11-16",329.32
"2015-11-17",335.95
"2015-11-18",334.46
"2015-11-19",329
"2015-11-20",320.62
"2015-11-21",325.56
"2015-11-22",322.33
"2015-11-23",324.49
"2015-11-24",321.1
"2015-11-25",325
"2015-11-26",348
"2015-11-27",359.54
"2015-11-28",353.88
"2015-11-29",363.98
"2015-11-30",372.53
"2015-12-01",359.32
"2015-12-02",360.98
"2015-12-03",362.49
"2015-12-04",360.88
"2015-12-05",377.72
"2015-12-06",390.04
"2015-12-07",395.58
"2015-12-08",394.99
"2015-12-09",414.01
"2015-12-10",415.64
"2015-12-11",444.29
"2015-12-12",426.06
"2015-12-13",438.79
"2015-12-14",445.6
"2015-12-15",459.48
"2015-12-16",454.43
"2015-12-17",453.39
"2015-12-18",458.95
"2015-12-19",461.16
"2015-12-20",434.98
"2015-12-21",438.7
"2015-12-22",435.98
"2015-12-23",441.4
"2015-12-24",453.95
"2015-12-25",454.98
"2015-12-26",417.99
"2015-12-27",418.46
"2015-12-28",423.98
"2015-12-29",431.13
"2015-12-30",428
"2015-12-31",429.34
"2016-01-01",432.33
"2016-01-02",433.94
"2016-01-03",428.13
"2016-01-04",433
"2016-01-05",431.9
"2016-01-06",430.75
"2016-01-07",453.71
"2016-01-08",447.04
"2016-01-09",450.15
"2016-01-10",446.24
"2016-01-11",447.11
"2016-01-12",446.66
"2016-01-13",429.57
"2016-01-14",431.9
"2016-01-15",391.62
"2016-01-16",370.4
"2016-01-17",385.45
"2016-01-18",385.28
"2016-01-19",378.66
"2016-01-20",408.33
"2016-01-21",408
"2016-01-22",385.7
"2016-01-23",388.5
"2016-01-24",404.75
"2016-01-25",387.09
"2016-01-26",394.12
"2016-01-27",394.45
"2016-01-28",382.44
"2016-01-29",377.26
"2016-01-30",378.24
"2016-01-31",376.86
"2016-02-01",372
"2016-02-02",373.48
"2016-02-03",368.38
"2016-02-04",385.06
"2016-02-05",386.49
"2016-02-06",373.04
"2016-02-07",373.74
"2016-02-08",375.8
"2016-02-09",372.61
"2016-02-10",378.98
"2016-02-11",376.75
"2016-02-12",381.46
"2016-02-13",388.6
"2016-02-14",402.38
"2016-02-15",402.64
"2016-02-16",406.69
"2016-02-17",418.04
"2016-02-18",418.97
"2016-02-19",418.02
"2016-02-20",439.48
"2016-02-21",434.67
"2016-02-22",438.5
"2016-02-23",417
"2016-02-24",423.1
"2016-02-25",421.4
"2016-02-26",424.34
"2016-02-27",432
"2016-02-28",433.47
"2016-02-29",436.18
"2016-03-01",431.87
"2016-03-02",429.99
"2016-03-03",421.44
"2016-03-04",416.48
"2016-03-05",401
"2016-03-06",408.86
"2016-03-07",411.94
"2016-03-08",412.39
"2016-03-09",413.1
"2016-03-10",416
"2016-03-11",421.22
"2016-03-12",410
"2016-03-13",412.44
"2016-03-14",413.89
"2016-03-15",414.78
"2016-03-16",415.99
"2016-03-17",418.64
"2016-03-18",408.87
"2016-03-19",405.59
"2016-03-20",410.77
"2016-03-21",410.49
"2016-03-22",415.35
"2016-03-23",417.8
"2016-03-24",416.47
"2016-03-25",416.44
"2016-03-26",415.71
"2016-03-27",426.8
"2016-03-28",422.96
"2016-03-29",414
"2016-03-30",412.35
"2016-03-31",416.94
"2016-04-01",416.25
"2016-04-02",418.07
"2016-04-03",418.07
"2016-04-04",418.99
"2016-04-05",421.77
"2016-04-06",421.09
"2016-04-07",420.33
"2016-04-08",422.2
"2016-04-09",417.73
"2016-04-10",421.63
"2016-04-11",420.69
"2016-04-12",425.89
"2016-04-13",424.61
"2016-04-14",423.76
"2016-04-15",429.09
"2016-04-16",429.43
"2016-04-17",425.71
"2016-04-18",427.28
"2016-04-19",429.51
"2016-04-20",439.59
"2016-04-21",447.93
"2016-04-22",448.7
"2016-04-23",447.75
"2016-04-24",450.98
"2016-04-25",463.07
"2016-04-26",468.47
"2016-04-27",454.59
"2016-04-28",448.37
"2016-04-29",454
"2016-04-30",450.85
"2016-05-01",450.59
"2016-05-02",442.5
"2016-05-03",447.67
"2016-05-04",446.73
"2016-05-05",447.28
"2016-05-06",455.03
"2016-05-07",459.08
"2016-05-08",458.1
"2016-05-09",462.73
"2016-05-10",453.27
"2016-05-11",452
"2016-05-12",451.29
"2016-05-13",455.97
"2016-05-14",455.92
"2016-05-15",457.71
"2016-05-16",457.11
"2016-05-17",453.93
"2016-05-18",454.34
"2016-05-19",448.55
"2016-05-20",443.09
"2016-05-21",442.81
"2016-05-22",438.31
"2016-05-23",442.87
"2016-05-24",445.29
"2016-05-25",448.39
"2016-05-26",452.5
"2016-05-27",473.51
"2016-05-28",493.55
"2016-05-29",519.99
"2016-05-30",531.56
"2016-05-31",532.59
"2016-06-01",536.98
"2016-06-02",535.55
"2016-06-03",569.99
"2016-06-04",561.2
"2016-06-05",574.91
"2016-06-06",584.15
"2016-06-07",573.05
"2016-06-08",578.73
"2016-06-09",573.04
"2016-06-10",576.26
"2016-06-11",583.96
"2016-06-12",642.21
"2016-06-13",693.76
"2016-06-14",680.85
"2016-06-15",694.92
"2016-06-16",748.64
"2016-06-17",748.72
"2016-06-18",770.79
"2016-06-19",759.01
"2016-06-20",739.99
"2016-06-21",666
"2016-06-22",618.1
"2016-06-23",613.62
"2016-06-24",646.87
"2016-06-25",651
"2016-06-26",631.95
"2016-06-27",636.51
"2016-06-28",647.95
"2016-06-29",634
"2016-06-30",667.89
"2016-07-01",679.8
"2016-07-02",694.05
"2016-07-03",661.29
"2016-07-04",668.38
"2016-07-05",670.33
"2016-07-06",675.99
"2016-07-07",677.04