5867.887833,0.017883,-0.967804,-0.132050
5867.898632,0.018005,-0.968781,-0.136887
5867.909526,0.016296,-0.976501,-0.138885
5867.919454,0.019165,-0.981354,-0.131058
5867.930438,0.014374,-0.979370,-0.135040
5867.940754,0.012466,-0.981247,-0.134109
5867.953354,0.016113,-0.975510,-0.131119
5867.963149,0.016342,-0.979401,-0.136932
5867.973497,0.022385,-0.988235,-0.138763
5867.984937,0.023376,-0.991135,-0.135818
5867.995340,0.022583,-0.998871,-0.134872
5868.005441,0.020752,-0.999817,-0.138809
5868.015752,0.019760,-1.001694,-0.134918
5868.026952,0.016739,-0.999710,-0.131119
5868.038714,0.019394,-0.989105,-0.132996
5868.047586,0.024307,-0.990173,-0.135803
5868.059063,0.017288,-0.987106,-0.127228
5868.068730,0.016525,-0.990997,-0.132080
5868.079466,0.013885,-0.998718,-0.135056
5868.090176,0.010712,-0.988007,-0.135132
5868.100478,-0.000198,-0.982925,-0.126633
5868.110493,-0.001541,-0.975128,-0.118896
5868.121612,-0.003296,-0.976089,-0.125748
5868.133223,-0.003052,-0.984802,-0.127686
5868.142671,-0.000946,-0.998367,-0.118896
5868.155896,-0.005112,-0.991486,-0.113159
5868.163781,-0.010941,-0.986557,-0.117172
5868.173696,-0.013199,-0.976837,-0.113342
5868.185326,-0.014313,-0.973892,-0.110428
5868.195400,-0.016571,-0.961258,-0.109528
5868.205796,-0.014084,-0.949692,-0.103638
5868.217281,-0.002502,-0.946991,-0.106293
5868.228413,-0.001282,-0.946121,-0.119843
5868.237866,-0.000076,-0.951004,-0.125671
5868.248036,-0.006104,-0.946991,-0.119949
5868.259279,-0.013657,-0.946884,-0.127914
5868.270057,-0.020538,-0.936157,-0.135818
5868.280422,-0.030548,-0.927246,-0.129257
5868.291786,-0.043182,-0.924103,-0.129532
5868.301337,-0.050232,-0.938553,-0.146194
5868.311714,-0.060699,-0.974213,-0.156158
5868.321942,-0.065506,-1.015717,-0.153336
5868.332505,-0.079117,-1.052231,-0.150742
5868.342869,-0.090607,-1.058777,-0.149063
5868.354399,-0.099518,-1.037399,-0.164795
5868.363791,-0.108200,-1.037231,-0.164978
5868.374190,-0.112305,-1.019806,-0.175766
5868.385753,-0.111389,-1.009201,-0.185455
5868.395831,-0.112228,-0.998627,-0.204880
5868.406497,-0.120819,-0.996567,-0.211884
5868.417419,-0.116211,-0.999481,-0.198166
5868.428283,-0.111786,-0.996613,-0.181580
5868.437375,-0.099640,-0.996948,-0.207535
5868.448012,-0.096512,-0.997040,-0.218124
5868.458876,-0.092743,-0.997101,-0.213196
5868.469052,-0.082047,-0.997299,-0.216843
5868.479574,-0.068024,-1.001480,-0.233994
5868.489535,-0.066757,-1.009247,-0.239792
5868.500863,-0.075256,-1.021667,-0.234177
5868.510640,-0.107285,-1.029724,-0.217407
5868.521967,-0.131516,-1.035065,-0.209198
5868.533860,-0.145874,-1.046371,-0.201767
5868.544122,-0.152466,-1.052063,-0.202881
5868.554544,-0.138443,-1.055298,-0.221985
5868.565414,-0.137863,-1.035034,-0.228760
5868.575645,-0.137665,-1.005035,-0.227783
5868.586580,-0.143173,-0.980728,-0.225006
5868.596906,-0.132706,-0.963577,-0.238358
5868.607766,-0.147629,-0.948761,-0.235779
5868.618448,-0.147766,-0.938141,-0.241592
5868.628935,-0.148819,-0.931366,-0.245529
5868.639195,-0.152969,-0.922577,-0.243652
5868.649983,-0.152573,-0.920731,-0.264038
5868.659496,-0.156158,-0.924561,-0.272858
5868.669493,-0.150192,-0.935303,-0.266907
5868.679824,-0.135376,-0.954880,-0.258804
5868.690354,-0.109665,-0.968948,-0.270828
5868.701433,-0.098373,-0.959457,-0.266708
5868.711469,-0.100235,-0.928467,-0.261917
5868.721810,-0.098877,-0.901398,-0.266724
5868.732133,-0.092758,-0.895798,-0.288925
5868.742205,-0.088135,-0.916245,-0.299484
5868.752862,-0.093109,-0.948074,-0.300568
5868.762388,-0.104538,-0.967178,-0.286255
5868.774595,-0.124039,-0.973526,-0.271164
5868.783889,-0.146408,-0.968277,-0.270691
5868.794937,-0.160019,-0.953568,-0.283630
5868.806093,-0.166245,-0.943756,-0.276016
5868.817724,-0.158630,-0.945801,-0.267090
5868.827132,-0.128525,-0.948288,-0.271255
5868.837744,-0.101349,-0.940125,-0.287186
5868.847949,-0.085861,-0.929840,-0.300415
5868.859371,-0.077103,-0.926147,-0.307022
5868.868844,-0.079269,-0.916443,-0.307068
5868.879934,-0.109070,-0.908218,-0.325195
5868.890537,-0.138580,-0.897964,-0.313248
5868.900704,-0.155334,-0.887970,-0.309738
5868.910792,-0.165985,-0.886810,-0.310944
5868.921404,-0.169693,-0.891586,-0.311996
5868.931996,-0.165573,-0.894608,-0.320648
5868.943275,-0.161011,-0.881134,-0.323456
5868.953572,-0.152420,-0.865875,-0.337830
5868.963632,-0.146530,-0.860229,-0.348389
5868.974539,-0.141907,-0.848724,-0.353119
5868.985800,-0.157516,-0.849365,-0.344742
5868.996111,-0.170441,-0.839447,-0.339188
5869.007056,-0.178925,-0.843170,-0.345215
5869.016403,-0.193466,-0.852524,-0.331955
5869.027115,-0.201843,-0.873611,-0.322433
5869.037630,-0.209808,-0.899612,-0.325531
5869.048994,-0.215729,-0.927597,-0.332474
5869.061242,-0.224579,-0.950699,-0.343338
5869.070790,-0.230835,-0.968979,-0.344452
5869.083399,-0.246979,-0.985107,-0.338989
5869.092248,-0.255722,-0.994583,-0.325607
5869.104117,-0.256714,-0.998398,-0.319794
5869.114284,-0.249969,-0.999481,-0.316711
5869.126040,-0.233978,-0.987167,-0.311508
5869.137719,-0.215546,-0.973068,-0.331482
5869.147148,-0.206985,-0.958740,-0.341965
5869.158706,-0.233475,-0.964172,-0.362976
5869.168818,-0.256546,-0.974380,-0.356674
5869.180012,-0.276855,-0.981705,-0.347427
5869.190743,-0.281128,-1.002914,-0.348495
5869.200456,-0.272797,-1.021469,-0.355118
5869.212182,-0.261353,-1.024536,-0.343201
5869.222088,-0.256195,-1.020660,-0.317841
5869.232508,-0.223587,-1.049316,-0.317108
5869.242119,-0.183228,-1.123535,-0.308441
5869.253217,-0.103806,-1.232056,-0.231903
5869.264856,0.072189,-1.479782,-0.168762
5869.274347,0.285568,-1.842667,-0.180511
5869.285013,0.464951,-1.984421,-0.220184
5869.296146,0.611465,-1.833328,-0.245041
5869.305615,0.466278,-1.455383,-0.507507
5869.316125,0.122589,-0.946976,-0.495743
5869.326152,-0.267609,-0.580536,-0.397659
5869.336760,-0.561188,-0.316544,-0.312973
5869.348132,-0.666107,-0.257401,-0.267731
5869.360185,-0.404160,-0.471420,-0.102646
5869.370035,-0.071045,-0.755005,-0.067017
5869.380968,0.206375,-0.988174,-0.018097
5869.392179,0.421341,-1.206436,0.088623
5869.403498,0.489044,-1.260208,0.013428
5869.413606,0.478897,-1.117264,-0.089676
5869.425062,0.388885,-0.915756,-0.189743
5869.435626,0.243973,-0.639175,-0.157043
5869.447711,0.122025,-0.709335,-0.111252
5869.457727,0.150040,-0.854218,-0.165985
5869.469015,0.158707,-0.971619,-0.206558
5869.479111,0.119446,-1.013336,-0.173462
5869.491078,0.070282,-0.994781,-0.110504
5869.502364,0.022690,-0.955185,-0.099915
5869.513221,-0.014038,-0.913879,-0.103622
5869.526024,-0.057846,-0.871460,-0.093918
5869.534855,-0.108307,-0.852966,-0.061096
5869.545145,-0.150787,-0.864746,-0.048447
5869.555529,-0.186874,-0.887314,-0.052170
5869.567753,-0.174622,-0.891327,-0.032486
5869.579514,-0.141586,-0.902542,-0.026871
5869.589839,-0.074951,-0.892197,-0.037033
5869.600096,-0.019348,-0.873840,-0.037720
5869.610328,0.009659,-0.888062,-0.067169
5869.620457,0.020142,-0.902832,-0.088303
5869.631126,0.006821,-0.919006,-0.078888
5869.642375,-0.074539,-0.912689,-0.077805
5869.653616,-0.120682,-0.921539,-0.079819
5869.664062,-0.136337,-0.941437,-0.046188
5869.673237,-0.145294,-0.963547,-0.053192
5869.683471,-0.153183,-0.996292,-0.051437
5869.693472,-0.152496,-1.023392,-0.051422
5869.705140,-0.200928,-1.033096,-0.035019
5869.716160,-0.206711,-1.026245,-0.043900
5869.727026,-0.198792,-0.995438,-0.044678
5869.739426,-0.193970,-0.958755,-0.042633
5869.749357,-0.181122,-0.941513,-0.030685
5869.760234,-0.153015,-0.927414,-0.005783
5869.770358,-0.097183,-0.934158,0.012924
5869.781496,-0.027817,-0.958664,0.007690
5869.792357,0.036255,-0.998581,-0.004456
5869.803794,0.073196,-1.024506,-0.028870
5869.814961,0.083908,-1.047043,-0.051941
5869.824896,0.058167,-1.075714,-0.080658
5869.835291,0.020935,-1.082825,-0.093155
5869.847361,-0.023514,-1.068359,-0.065018
5869.856808,-0.086716,-1.016891,-0.062561
5869.867760,-0.156036,-0.967377,-0.089355
5869.878266,-0.216370,-0.917877,-0.083908
5869.888640,-0.256119,-0.878235,-0.033325
5869.898822,-0.233810,-0.866959,-0.005630
5869.908834,-0.163620,-0.890640,-0.050674
5869.919500,-0.050552,-0.953705,-0.065613
5869.929473,0.075821,-1.031784,-0.145325
5869.942139,0.186005,-1.116364,-0.227325
5869.950751,0.235107,-1.110474,-0.226227
5869.961574,0.230164,-1.147171,0.008621
5869.971462,0.232269,-1.250641,0.032913
5869.982700,0.414032,-1.404282,-0.061066
5869.992416,0.492889,-1.462982,-0.108795
5870.003314,0.508636,-1.405182,-0.100693
5870.013531,0.459137,-1.313385,-0.109543
5870.024410,0.362778,-1.221970,-0.187439
5870.036350,0.246872,-1.165970,-0.258026
5870.045947,0.090485,-1.109833,-0.242096
5870.056843,-0.076767,-1.035797,-0.145844
5870.068110,-0.197739,-0.974487,-0.120377
5870.077342,-0.252228,-0.945511,-0.137146
5870.088304,-0.219864,-0.920761,-0.097565
5870.098082,-0.150894,-0.891861,-0.057190
5870.109712,-0.066620,-0.900162,-0.056274
5870.119249,0.026947,-0.931076,-0.102722
5870.129568,0.082428,-0.938110,-0.158752
5870.140166,0.076843,-0.929398,-0.179276
5870.152246,0.045822,-0.909378,-0.153763
5870.161745,0.014862,-0.910736,-0.149582
5870.171153,-0.023331,-0.939987,-0.135880
5870.181894,-0.053772,-0.973221,-0.119095
5870.191825,-0.063095,-0.985626,-0.120285
5870.202254,-0.061554,-0.979019,-0.156174
5870.213460,-0.063782,-0.947159,-0.180481
5870.223655,-0.077942,-0.922714,-0.179840
5870.235494,-0.082809,-0.899338,-0.159561
5870.245588,-0.081787,-0.890701,-0.173126
5870.256003,-0.075089,-0.873459,-0.191406
5870.266420,-0.066055,-0.857132,-0.180527
5870.276286,-0.072418,-0.829956,-0.186508
5870.287368,-0.069717,-0.804932,-0.206833
5870.297880,-0.065323,-0.765457,-0.233917
5870.309570,-0.072739,-0.744980,-0.227264
5870.320052,-0.087845,-0.726303,-0.220825
5870.330210,-0.094147,-0.724350,-0.245239
5870.341037,-0.091400,-0.717804,-0.291779
5870.350554,-0.093918,-0.713989,-0.315140
5870.362739,-0.119293,-0.749283,-0.306000
5870.372317,-0.160965,-0.756027,-0.247711
5870.382740,-0.188705,-0.803909,-0.249313
5870.392659,-0.204391,-0.828995,-0.300140
5870.403455,-0.217926,-0.843369,-0.328613
5870.415147,-0.237946,-0.861359,-0.321320
5870.424602,-0.258377,-0.916214,-0.339233
5870.436424,-0.260086,-1.073120,-0.391724
5870.446005,-0.361511,-1.103088,-0.358078
5870.457296,-0.440948,-1.122620,-0.280243
5870.468553,-0.472214,-1.140106,-0.197449
5870.478108,-0.422607,-1.203827,-0.180817
5870.489344,-0.311386,-1.259338,-0.255005
5870.499627,-0.219055,-1.261276,-0.322861
5870.510985,-0.173447,-1.255402,-0.338348
5870.522377,-0.177475,-1.328659,-0.287933
5870.531906,-0.161255,-1.462952,-0.163300
5870.542829,-0.073853,-1.582077,-0.039978
5870.552446,0.080139,-1.690598,-0.108383
5870.564293,0.336380,-1.764938,-0.116241
5870.574368,0.620224,-1.757477,-0.109863
5870.585152,0.765518,-1.574356,-0.345444
5870.595073,0.719727,-1.074234,-0.333801
5870.606352,0.490463,-0.542953,-0.136932
5870.618334,0.255402,-0.190033,-0.047028
5870.627582,0.102112,-0.123581,-0.099991
5870.638863,-0.005249,-0.239075,-0.186874
5870.647981,-0.043579,-0.457535,-0.076096
5870.658731,-0.001236,-0.817749,0.044220
5870.670446,0.042694,-1.082947,-0.025681
5870.680465,0.165207,-1.196396,-0.015152
5870.692635,0.282455,-1.114609,-0.082428
5870.702351,0.368439,-0.943268,-0.149414
5870.713290,0.401260,-0.835648,-0.184601
5870.722953,0.350601,-0.815399,-0.189621
5870.733377,0.230728,-0.836334,-0.163193
5870.743722,0.101257,-0.869614,-0.125336
5870.753559,0.029495,-0.862335,-0.077408
5870.764787,0.007614,-0.840637,-0.073044
5870.774130,0.009521,-0.824295,-0.091446
5870.785545,-0.022461,-0.833527,-0.122253
5870.795972,-0.071091,-0.942703,-0.068008
5870.807173,-0.127869,-0.976578,-0.084839
5870.818488,-0.133392,-0.983276,-0.089813
5870.829454,-0.137726,-0.999649,-0.093781
5870.840505,-0.127319,-0.995956,-0.087753
5870.850975,-0.132156,-0.968704,-0.074249
5870.861408,-0.165771,-0.945816,-0.066269
5870.872092,-0.189713,-0.925018,-0.056122
5870.883109,-0.225266,-0.935989,-0.052048
5870.894042,-0.257156,-0.949844,-0.035309
5870.903453,-0.258514,-0.949753,-0.016891
5870.913909,-0.238342,-0.943359,-0.019348
5870.924171,-0.203033,-0.949844,-0.035065
5870.934599,-0.158539,-0.964325,-0.065140
5870.944773,-0.127441,-0.960114,-0.078995
5870.955917,-0.109116,-0.953690,-0.085388
5870.968081,-0.102982,-0.957733,-0.095932
5870.977045,-0.121368,-0.973740,-0.074982
5870.988275,-0.137711,-0.989655,-0.014175
5870.998248,-0.132034,-1.012833,0.019897
5871.008808,-0.123154,-0.998581,-0.006073
5871.020270,-0.110870,-0.965073,-0.033005
5871.029432,-0.088043,-0.924011,-0.065475
5871.040015,-0.064621,-0.913879,-0.088257
5871.051130,-0.063400,-0.912033,-0.101837
5871.061271,-0.082458,-0.914627,-0.112946
5871.072727,-0.122467,-0.935364,-0.161423
5871.083196,-0.127518,-0.978928,-0.190659
5871.093416,-0.088928,-1.025055,-0.177185
5871.103511,-0.027313,-1.068665,-0.159286
5871.115423,-0.023697,-1.078323,-0.135910
5871.125115,0.024643,-1.113312,0.042831
5871.135923,0.126328,-1.483322,0.156738
5871.147457,0.564743,-1.628174,-0.201401
5871.156854,0.798386,-1.670822,-0.367050
5871.167629,0.854401,-1.560730,-0.406555
5871.177808,0.737869,-1.373505,-0.330505
5871.187804,0.554031,-1.257919,-0.321030
5871.198334,0.553848,-1.222260,-0.355988
5871.209095,0.239212,-1.235718,-0.314499
5871.220455,0.114487,-1.245773,-0.256134
5871.229956,0.044250,-1.197815,-0.190704
5871.240327,0.005615,-1.102020,-0.122620
5871.250261,-0.011948,-1.013489,-0.083206
5871.261617,0.018066,-0.950317,-0.116516
5871.272020,0.079437,-0.934357,-0.204468
5871.282660,0.138062,-0.935547,-0.233246
5871.293794,0.126892,-0.922562,-0.178146
5871.303204,0.076660,-0.930313,-0.169586
5871.314057,-0.004089,-0.928940,-0.190811
5871.323733,-0.077026,-0.940033,-0.156525
5871.335284,-0.106995,-0.965332,-0.079514
5871.345849,-0.099792,-0.941269,-0.083221
5871.357236,-0.074615,-0.888794,-0.149658
5871.368308,-0.045364,-0.827545,-0.188812
5871.377994,-0.025284,-0.794952,-0.171860
5871.387942,-0.004333,-0.807785,-0.141266
5871.399262,0.028030,-0.846191,-0.164825
5871.410186,0.054169,-0.870163,-0.229309
5871.422024,0.045990,-0.894363,-0.271255
5871.431756,0.018784,-0.887100,-0.271851
5871.442726,-0.014313,-0.870880,-0.234726
5871.453315,-0.053375,-0.857574,-0.230743
5871.463520,-0.069824,-0.854370,-0.234024
5871.474523,-0.045029,-0.865540,-0.250946
5871.486291,0.028976,-0.870850,-0.271637
5871.497688,0.084351,-0.876709,-0.278137
5871.507258,0.076340,-0.874588,-0.267624
5871.518500,0.038452,-0.883499,-0.248108
5871.529916,0.000748,-0.887619,-0.241180
5871.539894,-0.037750,-0.892731,-0.242050
5871.550372,-0.057678,-0.887451,-0.220154
5871.561174,-0.055664,-0.884430,-0.182236
5871.573062,-0.080292,-0.858856,-0.191544
5871.582649,-0.123169,-0.821442,-0.218704
5871.593379,-0.177017,-0.765259,-0.208267
5871.604893,-0.179703,-0.747742,-0.192780
5871.614274,-0.136948,-0.749512,-0.202499
5871.625337,-0.108643,-0.794556,-0.206726
5871.635690,-0.079544,-0.887711,-0.145889
5871.647156,-0.065933,-0.998886,-0.061111
5871.657481,-0.022934,-1.133957,-0.013550
5871.668120,0.066238,-1.280792,-0.033905
5871.679195,0.155563,-1.381226,-0.069778
5871.689375,0.266754,-1.410400,-0.082809
5871.699492,0.369049,-1.334991,-0.119354
5871.711004,0.428955,-1.181656,-0.211197
5871.721679,0.434372,-1.016495,-0.253784
5871.733481,0.393097,-0.873505,-0.255676
5871.742512,0.349838,-0.782700,-0.239151
5871.753430,0.301270,-0.764435,-0.249954
5871.764293,0.248322,-0.807037,-0.254074
5871.774799,0.197525,-1.003174,-0.176575
5871.786165,0.171570,-1.068390,-0.149979
5871.795932,0.171646,-1.084763,-0.134445
5871.806895,0.147644,-1.071655,-0.111679
5871.816696,0.128418,-1.049026,-0.098511
5871.827686,0.109467,-1.022552,-0.101852
5871.837180,0.088730,-1.002823,-0.104248
5871.847793,0.047943,-0.984741,-0.117783
5871.858776,0.011856,-0.972458,-0.115677
5871.869945,-0.016983,-0.974854,-0.120209
5871.881289,-0.017593,-0.978775,-0.131882
5871.891988,-0.006622,-0.987701,-0.137451
5871.901735,0.021637,-0.986328,-0.151382
5871.912367,0.046860,-0.981033,-0.163437
5871.922446,0.059311,-0.969666,-0.170929
5871.933435,0.069687,-0.969818,-0.158066
5871.943379,0.072464,-0.960205,-0.163849
5871.954515,0.076309,-0.964127,-0.158905
5871.963664,0.068970,-0.981400,-0.156143
5871.974249,0.056976,-0.999603,-0.161285
5871.984736,0.045303,-1.000320,-0.156693
5871.994522,0.042252,-0.991577,-0.160629
5872.005863,0.055817,-0.984116,-0.171005
5872.014948,0.073456,-0.982544,-0.184219
5872.025494,0.073715,-0.990311,-0.187119
5872.036779,0.075745,-0.993256,-0.188049
5872.048202,0.069382,-0.986298,-0.169739
5872.058037,0.052994,-0.966583,-0.149719
5872.069116,0.039673,-0.934418,-0.152939
5872.081347,0.035599,-0.911194,-0.170486
5872.090474,0.050507,-0.886307,-0.174042
5872.102668,0.061264,-0.887497,-0.177673
5872.112724,0.083893,-0.926682,-0.196609
5872.124526,0.098679,-0.976288,-0.196274
5872.133742,0.110291,-1.015213,-0.196014
5872.145088,0.094833,-1.027451,-0.181808
5872.156704,0.067841,-1.000793,-0.170746
5872.166534,0.036911,-0.988693,-0.186005
5872.177034,0.012436,-0.975662,-0.186539
5872.187439,0.015701,-0.983490,-0.193268
5872.197976,0.022156,-1.002991,-0.201874
5872.208174,0.013260,-1.029922,-0.205963
5872.218954,0.022552,-1.054276,-0.203812
5872.230086,0.038055,-1.063232,-0.195694
5872.239571,0.049057,-1.039261,-0.197388
5872.250320,0.058762,-1.001694,-0.198120
5872.260360,0.070541,-0.966141,-0.202728
5872.270776,0.083878,-0.953812,-0.208237
5872.282345,0.093903,-0.973328,-0.202194
5872.291825,0.089127,-0.983856,-0.192596
5872.302775,0.082718,-0.969177,-0.181107
5872.312494,0.068527,-0.949539,-0.173630
5872.322736,0.050690,-0.939514,-0.165283
5872.333287,0.039413,-0.957657,-0.157791
5872.343347,0.030701,-0.971924,-0.140503
5872.354735,0.015366,-0.963791,-0.109772
5872.364675,0.013687,-0.947250,-0.096237
5872.375595,0.033035,-0.962234,-0.124939
5872.385958,0.063248,-0.999619,-0.137848
5872.397179,0.072647,-1.027832,-0.137634
5872.407430,0.074051,-1.046234,-0.135651
5872.417563,0.065918,-1.041183,-0.122238
5872.427908,0.059677,-1.026550,-0.119476
5872.437988,0.060135,-1.012985,-0.111694
5872.449681,0.064911,-1.008255,-0.114487
5872.459790,0.059540,-1.009201,-0.134033
5872.470335,0.044220,-1.002197,-0.148926
5872.481033,0.015656,-0.990036,-0.138916
5872.491577,0.000259,-0.990738,-0.139252
5872.501894,-0.004776,-1.005234,-0.158783
5872.512948,0.004623,-1.021896,-0.171204
5872.522794,0.013733,-1.011368,-0.158371
5872.532451,0.016296,-1.004608,-0.150543
5872.543588,0.015198,-1.002640,-0.146667
5872.554402,0.014191,-1.008392,-0.137955
5872.564581,0.011719,-1.018066,-0.146759
5872.575239,0.007706,-1.010254,-0.148773
5872.585891,0.001175,-0.983032,-0.146988
5872.597397,-0.009033,-0.966370,-0.140442
5872.608592,-0.012741,-0.964417,-0.150223
5872.618744,-0.008728,-0.973175,-0.147202
5872.628650,-0.010437,-0.984741,-0.143372
5872.638822,-0.015076,-0.998184,-0.136688
5872.650117,-0.016937,-1.002014,-0.135742
5872.659772,-0.014008,-1.000137,-0.139572
5872.670009,-0.011047,-0.998291,-0.144363
5872.680259,-0.015076,-0.999130,-0.134735
5872.690717,-0.018997,-1.008682,-0.121231
5872.700564,-0.018692,-1.015488,-0.128036
5872.711121,-0.016602,-1.009781,-0.142548
5872.721959,-0.010803,-1.005081,-0.148224
5872.731787,-0.001205,-0.998489,-0.151901
5872.742999,-0.002960,-0.998505,-0.160690
5872.752558,0.000534,-0.990784,-0.151855
5872.763604,-0.007217,-0.990631,-0.152039
5872.774872,-0.015106,-0.985657,-0.150269
5872.784469,-0.021622,-0.998108,-0.147507
5872.795157,-0.024704,-0.990311,-0.147568
5872.805244,-0.034119,-0.997894,-0.150711
5872.815694,-0.060211,-0.997437,-0.151291
5872.826419,-0.077789,-0.992249,-0.149750
5872.837523,-0.084824,-0.991119,-0.137268
5872.848432,-0.096222,-0.996719,-0.140457
5872.857952,-0.096573,-1.005508,-0.158905
5872.869906,-0.095779,-1.005493,-0.151108
5872.880476,-0.086517,-0.996918,-0.142181
5872.890985,-0.070572,-0.997299,-0.164154
5872.901104,-0.048279,-0.988068,-0.179184
5872.911230,-0.030945,-0.984512,-0.179749
5872.922725,-0.011292,-0.998428,-0.178360
5872.932401,0.001373,-0.998672,-0.181946
5872.944145,0.006439,-0.983215,-0.167267
5872.953383,0.003326,-0.974442,-0.167328
5872.964602,0.003510,-0.971588,-0.178970
5872.974975,0.002716,-0.974503,-0.183853
5872.986555,0.003372,-0.980240,-0.162476
5872.996929,0.014542,-0.988251,-0.178726
5873.007578,0.032578,-0.999298,-0.196793
5873.018364,0.043976,-0.991760,-0.196533
5873.030710,0.043777,-0.984009,-0.196533
5873.039346,0.029297,-0.979904,-0.201706
5873.050327,0.020432,-0.976807,-0.197052
5873.059903,0.005814,-0.976517,-0.190582
5873.071021,-0.006653,-0.984024,-0.186981
5873.080389,-0.010193,-0.990768,-0.193848
5873.091824,-0.006897,-0.999557,-0.201553
5873.103169,-0.002884,-0.999664,-0.209229
5873.114169,0.004425,-0.983337,-0.209061
5873.125773,0.005173,-0.969833,-0.213898
5873.134485,-0.000626,-0.969727,-0.214020
5873.146563,-0.015533,-0.959747,-0.206604
5873.157135,-0.021942,-0.968369,-0.213531
5873.166779,-0.024521,-0.984756,-0.209717
5873.177375,-0.024399,-0.998276,-0.199051
5873.187374,-0.025650,-0.986633,-0.199066
5873.198627,-0.019760,-0.986740,-0.202820
5873.208023,-0.008331,-0.981140,-0.202560
5873.219710,-0.010254,-0.979202,-0.204529
5873.229451,-0.009399,-0.978226,-0.200638
5873.239964,-0.004578,-0.976379,-0.202469
5873.250116,-0.004623,-0.975418,-0.201492
5873.261284,-0.004471,-0.975449,-0.209259
5873.271121,0.002426,-0.974625,-0.215897
5873.280591,0.001541,-0.981369,-0.211060
5873.291249,0.004425,-0.983337,-0.209061
5873.301695,0.007080,-0.976608,-0.205124
5873.312399,0.007767,-0.965988,-0.205109
5873.322271,0.004883,-0.959183,-0.212952
5873.332854,0.000275,-0.967804,-0.213058
5873.343265,-0.009430,-0.968582,-0.210327
5873.354189,-0.017914,-0.980988,-0.206650
5873.365227,-0.026642,-0.980820,-0.204910
5873.374157,-0.028595,-0.983673,-0.200089
5873.384546,-0.029755,-0.976883,-0.199158
5873.394981,-0.034409,-0.978760,-0.205078
5873.405388,-0.032288,-0.985580,-0.206970
5873.419688,-0.035370,-0.983551,-0.200241
5873.426160,-0.031616,-0.976868,-0.203079
5873.438018,-0.038284,-0.977737,-0.207108
5873.448601,-0.037537,-0.974808,-0.200287
5873.459500,-0.030502,-0.982681,-0.203049
5873.471831,-0.022583,-0.988647,-0.204819
5873.480732,-0.028000,-0.998245,-0.210754
5873.491804,-0.031128,-0.998154,-0.201141
5873.501570,-0.044312,-0.982376,-0.190735
5873.512064,-0.045486,-0.966934,-0.198547
5873.521993,-0.042725,-0.959229,-0.201385
5873.532813,-0.046646,-0.956284,-0.202438
5873.543364,-0.050354,-0.965866,-0.198654
5873.554183,-0.049164,-0.976517,-0.195694
5873.566141,-0.053101,-0.977417,-0.191910
5873.576137,-0.058975,-0.976318,-0.189133
5873.588056,-0.053925,-0.977417,-0.198715
5873.599665,-0.053543,-0.984207,-0.208420
5873.609167,-0.049194,-0.997879,-0.215134
5873.620430,-0.035797,-0.999054,-0.207062
5873.630376,-0.022415,-1.003113,-0.196060
5873.641561,-0.016541,-0.998444,-0.204681
5873.651410,-0.021942,-0.978958,-0.200912
5873.661927,-0.026138,-0.970169,-0.196136
5873.673088,-0.022308,-0.970230,-0.194107
5873.683235,-0.032394,-0.978821,-0.209885
5873.693923,-0.044220,-0.963150,-0.217926
5873.704676,-0.064880,-0.962708,-0.200912
5873.714160,-0.092957,-0.965088,-0.195709
5873.725480,-0.120712,-0.975220,-0.196335
5873.735153,-0.115875,-0.983002,-0.187485
5873.746399,-0.076263,-0.979858,-0.190475
5873.755754,-0.040787,-0.997971,-0.201355
5873.766810,-0.017319,-1.004227,-0.206635
5873.776511,-0.010818,-0.998520,-0.200684
5873.787776,-0.008331,-0.981140,-0.202560
5873.796951,-0.003311,-0.978409,-0.215057
5873.807226,-0.001526,-0.973572,-0.213089
5873.818041,-0.005417,-0.971573,-0.214127
5873.827931,-0.009811,-0.956955,-0.206467
5873.838536,-0.007950,-0.955048,-0.205460
5873.848383,0.003906,-0.964935,-0.206161
5873.860195,0.015732,-0.971939,-0.208801
5873.869862,0.018219,-0.984604,-0.220398
5873.880881,0.016037,-0.985474,-0.206863
5873.891040,0.008835,-0.975647,-0.198288
5873.901117,0.002777,-0.964890,-0.198425
5873.913610,-0.015121,-0.946167,-0.196869
5873.922676,-0.027756,-0.946884,-0.193283
5873.933540,-0.038895,-0.951599,-0.209061
5873.945008,-0.041580,-0.959290,-0.210098
5873.954694,-0.041382,-0.968002,-0.209106
5873.965815,-0.040543,-0.971817,-0.197433
5873.976288,-0.038727,-0.968002,-0.197403
5873.986377,-0.030701,-0.969177,-0.209839
5873.997455,-0.028702,-0.968246,-0.213684
5874.007510,-0.020905,-0.975143,-0.209625
5874.018849,-0.013031,-0.976257,-0.214310
5874.029095,-0.011551,-0.970444,-0.199707
5874.040999,-0.009048,-0.961731,-0.191895
5874.050281,-0.004608,-0.953094,-0.184021
5874.061166,0.004608,-0.961044,-0.198395
5874.070904,0.005966,-0.973663,-0.201248
5874.082231,0.004990,-0.986160,-0.185760
5874.093128,-0.006821,-0.991669,-0.169525
5874.102500,-0.015701,-0.978973,-0.175537
5874.114786,-0.038116,-0.957169,-0.147873
5874.123802,-0.038803,-0.962799,-0.108078
5874.134836,-0.051361,-0.962570,-0.108353
5874.145327,-0.049194,-0.955750,-0.082092
5874.156591,-0.050491,-0.975082,-0.089890
5874.167918,-0.050156,-1.010956,-0.107361
5874.177607,-0.040878,-1.025681,-0.116867
5874.188517,-0.004532,-1.020676,-0.151016
5874.199206,0.040939,-1.016876,-0.205338
5874.209552,0.056290,-0.974594,-0.204971
5874.220272,0.068405,-0.944687,-0.173630
5874.230749,0.055740,-0.925964,-0.145752
5874.242368,0.061661,-0.944382,-0.129120
5874.252518,0.044739,-0.976135,-0.159607
5874.262424,0.013474,-0.993027,-0.168091
5874.272666,0.002655,-0.987000,-0.165405
5874.284661,0.018982,-0.977661,-0.172806
5874.295436,0.039139,-0.970291,-0.175262
5874.305773,0.039581,-0.947098,-0.178162
5874.316685,0.009628,-0.954254,-0.170105
5874.327059,-0.031113,-0.959259,-0.155502
5874.337062,-0.075653,-0.939972,-0.130264
5874.347572,-0.095856,-0.927902,-0.102570
5874.359150,-0.101974,-0.940414,-0.118225
5874.368721,-0.090271,-0.955276,-0.150986
5874.378626,-0.083496,-0.944809,-0.164429
5874.388691,-0.088257,-0.954361,-0.156784
5874.399014,-0.104355,-0.969528,-0.154205
5874.409855,-0.121750,-0.973068,-0.150726
5874.421151,-0.116364,-0.960571,-0.145752
5874.431645,-0.093170,-0.960022,-0.146210
5874.443770,-0.039764,-0.979523,-0.179947
5874.455110,-0.028656,-0.999069,-0.178741
5874.465868,-0.031036,-0.997986,-0.159378
5874.475635,-0.059525,-0.991608,-0.145462
5874.486868,-0.097321,-0.982239,-0.151138
5874.498044,-0.133987,-0.970810,-0.122833
5874.508239,-0.163452,-0.995407,-0.116730
5874.518433,-0.198425,-1.028625,-0.114578
5874.529115,-0.229538,-1.065750,-0.105576
5874.539582,-0.248764,-1.114716,-0.098236
5874.549620,-0.259995,-1.133850,-0.092667
5874.560826,-0.260193,-1.137665,-0.079086
5874.572825,-0.264008,-1.117188,-0.059753
5874.582910,-0.250427,-1.079529,-0.015762
5874.593739,-0.193512,-1.030289,-0.024155
5874.605034,-0.101822,-0.996490,-0.104660
5874.614311,-0.006409,-0.975235,-0.162689
5874.625286,0.036194,-0.961563,-0.184082
5874.635444,0.015320,-0.982437,-0.175797
5874.646171,-0.072601,-1.019379,-0.133118
5874.656517,-0.166992,-1.064911,-0.094452
5874.667411,-0.216125,-1.112366,-0.090729
5874.676960,-0.246002,-1.156326,-0.087509
5874.686978,-0.262894,-1.155945,-0.066528
5874.698460,-0.256500,-1.120163,-0.045990
5874.708449,-0.179489,-1.151352,0.006210
5874.719749,-0.019409,-1.225433,0.112717
5874.730771,0.193954,-1.307602,0.130112
5874.740036,0.390823,-1.336685,0.042282
5874.750356,0.518524,-1.318375,-0.122787
5874.761566,0.579987,-1.275497,-0.247620
5874.772938,0.569489,-1.198105,-0.301285
5874.783263,0.493942,-1.119125,-0.251480
5874.793582,0.405472,-1.113235,-0.141815
5874.804893,0.287918,-1.159500,-0.149323
5874.815168,0.237488,-1.206879,-0.131027
5874.826171,0.201477,-1.256439,-0.104660
5874.836353,0.169266,-1.253876,-0.093735
5874.846474,0.144180,-1.209915,-0.102051
5874.856201,0.106003,-1.101700,-0.070862
5874.866399,0.075119,-0.992767,-0.067673
5874.876513,0.057983,-0.917038,-0.079681
5874.887430,0.050934,-0.871414,-0.074020
5874.897118,0.053925,-0.869553,-0.080750
5874.908418,0.038300,-0.882919,-0.103424
5874.919089,0.017960,-0.876755,-0.108734
5874.929394,0.002106,-0.861008,-0.108124
5874.940394,-0.008453,-0.819229,-0.115158
5874.951383,-0.004395,-0.775848,-0.131561
5874.962345,0.009186,-0.732559,-0.140976
5874.972716,0.001526,-0.710297,-0.170258
5874.983659,-0.017761,-0.698410,-0.186234
5874.993514,-0.029266,-0.716507,-0.169006
5875.005444,-0.021011,-0.732147,-0.174652
5875.014763,0.006607,-0.751236,-0.224518
5875.027434,0.022888,-0.761322,-0.251343
5875.035933,0.031204,-0.777954,-0.259903
5875.046999,0.045197,-0.774261,-0.240173
5875.057721,0.066071,-0.749527,-0.251343
5875.068575,0.096237,-0.729889,-0.284668
5875.080505,0.095154,-0.715408,-0.297302
5875.090179,0.068024,-0.706238,-0.305679
5875.101000,0.026581,-0.709366,-0.306610
5875.110676,-0.030762,-0.733475,-0.306931
5875.122295,-0.095840,-0.769012,-0.294800
5875.132558,-0.174850,-0.807297,-0.306274
5875.144026,-0.252274,-0.874420,-0.266266
5875.154997,-0.336670,-0.931946,-0.274963
5875.167053,-0.318253,-1.018539,-0.310501
5875.176442,-0.298752,-1.095352,-0.317825
5875.187791,-0.308609,-1.153259,-0.331650
5875.197423,-0.336548,-1.156631,-0.331299
5875.208326,-0.367844,-1.123871,-0.262085
5875.218082,-0.404343,-1.073593,-0.195908
5875.228897,-0.417923,-1.074295,-0.192337
5875.239783,-0.382965,-1.115768,-0.241089
5875.251053,-0.342056,-1.146606,-0.265427
5875.261021,-0.357544,-1.101822,-0.272537
5875.272151,-0.374634,-1.034775,-0.274857
5875.283973,-0.323105,-1.040405,-0.236816
5875.294931,-0.159698,-1.150818,-0.245789
5875.306271,0.073059,-1.382172,-0.189117
5875.316927,0.383545,-1.673904,-0.124878
5875.327717,0.664078,-1.917969,-0.117630
5875.338747,0.911179,-1.992645,-0.012085
5875.349517,1.103302,-1.995895,0.048523
5875.360389,1.076157,-1.421097,0.186813
5875.370986,0.663528,-0.712067,-0.027252
5875.381266,0.439651,-0.221176,-0.222534
5875.392120,0.199554,0.005234,-0.339554
5875.403008,0.010468,0.031891,-0.341858
5875.413534,-0.069595,-0.060852,-0.191223
5875.425075,-0.019669,-0.318375,-0.001755
5875.435007,0.126740,-0.670151,0.030594
5875.447587,0.321655,-0.957382,-0.021347
5875.456659,0.465652,-1.124588,-0.049194
5875.466934,0.482086,-1.157608,-0.009018
5875.478306,0.359650,-1.086731,-0.017578
5875.487696,0.210953,-1.005722,-0.030624
5875.498277,0.072800,-0.939331,-0.022064
5875.508868,-0.005936,-0.888519,-0.014130
5875.519772,0.017548,-0.863022,-0.059235
5875.529327,0.055069,-0.835144,-0.176849
5875.541058,0.054138,-0.811050,-0.207916
5875.551001,0.020081,-0.797684,-0.165970
5875.561623,0.003647,-0.825317,-0.132355
5875.572705,-0.005829,-0.893723,-0.105392
5875.582320,-0.025452,-0.970703,-0.090302
5875.592807,-0.053970,-1.016525,-0.057953
5875.603697,-0.055557,-1.000961,-0.047287
5875.613673,-0.065750,-0.963120,-0.067902
5875.623728,-0.082840,-0.924179,-0.082840
5875.635940,-0.111496,-0.903305,-0.077667
5875.645499,-0.129684,-0.905914,-0.083893
5875.655664,-0.143356,-0.930847,-0.092957
5875.667117,-0.166458,-0.947784,-0.076965
5875.677776,-0.185730,-0.953232,-0.073532
5875.687880,-0.210739,-0.946060,-0.087662
5875.699014,-0.237762,-0.945587,-0.089249
5875.709419,-0.247452,-0.939606,-0.095291
5875.721322,-0.262222,-0.920044,-0.106308
5875.729662,-0.289932,-0.884766,-0.118576
5875.739767,-0.335190,-0.863571,-0.106003
5875.749987,-0.377258,-0.860779,-0.085571
5875.760687,-0.420059,-0.866699,-0.065170
5875.771926,-0.450180,-0.881348,0.005981
5875.782793,-0.425934,-1.008911,0.156036
5875.794693,-0.357498,-1.097687,0.042023
5875.803764,-0.243362,-1.161331,-0.115585
5875.814853,-0.152390,-1.203796,-0.162125
5875.825669,-0.110733,-1.208237,-0.114578
5875.836253,-0.111374,-1.192520,-0.057297
5875.846160,-0.104309,-1.171341,-0.051300
5875.856874,-0.081635,-1.131210,-0.075073
5875.866755,-0.059113,-1.091232,-0.136703
5875.877156,-0.011642,-1.063217,-0.175461
5875.887650,0.052139,-1.065338,-0.174026
5875.897715,0.126160,-1.065826,-0.199554
5875.909434,0.185242,-1.066742,-0.158417
5875.919823,0.192017,-1.055710,-0.034943
5875.930556,0.186752,-1.010101,-0.023392
5875.939802,0.281967,-1.053848,-0.131958
5875.951441,0.480850,-1.223526,-0.284790
5875.961950,0.685837,-1.419174,-0.374405
5875.971315,0.715744,-1.423203,-0.274704
5875.981909,0.568192,-1.306656,-0.109039
5875.992955,0.437347,-1.258011,-0.150833
5876.003670,0.305054,-1.274658,-0.319824
5876.014036,0.095337,-1.254135,-0.254639
5876.025679,-0.134003,-1.232834,-0.082077
5876.035241,-0.319687,-1.197311,-0.027008
5876.045604,-0.442169,-1.144745,-0.011322
5876.055945,-0.393204,-1.020599,0.038300
5876.066937,-0.263718,-0.963058,0.015991
5876.077121,-0.076920,-0.903885,-0.067154
5876.088996,0.073166,-0.862564,-0.177399
5876.099307,0.163849,-0.812164,-0.229736
5876.111689,0.161514,-0.781052,-0.202591
5876.121026,0.119370,-0.746307,-0.170532
5876.131531,0.072800,-0.744446,-0.163803
5876.143248,0.009567,-0.783081,-0.189499
5876.152738,-0.053787,-0.855377,-0.168610
5876.163318,-0.118515,-0.930634,-0.171051
5876.173341,-0.159073,-0.981140,-0.157394
5876.183558,-0.182297,-0.999008,-0.135574
5876.193679,-0.184845,-0.978622,-0.129822
5876.204460,-0.137909,-0.938934,-0.157883
5876.214229,-0.063202,-0.886246,-0.189209
5876.225074,0.020157,-0.828873,-0.224228
5876.235448,0.073395,-0.763245,-0.261871
5876.244671,0.078644,-0.712204,-0.297684
5876.255119,0.020203,-0.676407,-0.318405
5876.265980,-0.073792,-0.682358,-0.299133
5876.275874,-0.163040,-0.701874,-0.260391
5876.286574,-0.220276,-0.724869,-0.221848
5876.297385,-0.228928,-0.774963,-0.209427
5876.308556,-0.214951,-0.896042,-0.178070
5876.318038,-0.176834,-0.896622,-0.150024
5876.328637,-0.137619,-0.952484,-0.154953
5876.339298,-0.132629,-0.945877,-0.171356
5876.348921,-0.149033,-0.945587,-0.173660
5876.361136,-0.175095,-0.943207,-0.177170
5876.370553,-0.175125,-0.915863,-0.116974
5876.381148,-0.163712,-0.889664,-0.047775
5876.391552,-0.137726,-0.887039,0.000381
5876.402726,-0.099716,-0.948624,0.013840
5876.412891,-0.062332,-1.073227,-0.005692
5876.423515,0.006607,-1.196396,-0.009995
5876.434237,0.086517,-1.368530,-0.110168
5876.445996,0.196640,-1.759415,-0.096085
5876.455299,0.228363,-1.980774,-0.142960
5876.467646,0.396423,-1.983795,-0.133362
5876.477432,0.514328,-1.527908,-0.039383
5876.489058,0.475220,-0.570236,-0.251846
5876.498426,0.327057,-0.130219,-0.493027
5876.508657,0.158691,-0.027435,-0.470596
5876.519209,0.087769,-0.135483,-0.231384
5876.530439,0.208130,-0.562668,-0.062683
5876.540577,0.389023,-1.056702,-0.116943
5876.551927,0.474411,-1.350388,-0.101456
5876.563255,0.393814,-1.322495,-0.024612
5876.573702,0.244980,-1.152313,-0.000748
5876.585251,0.108185,-1.037888,-0.067886
5876.595079,0.000031,-0.952957,-0.128571
5876.606801,-0.039520,-0.863113,-0.101303
5876.617688,-0.020218,-0.818787,-0.062012
5876.627102,0.031616,-0.820633,-0.044342
5876.637615,0.069199,-0.865952,-0.076508
5876.649314,0.028976,-0.867035,-0.047333
5876.658966,-0.009827,-0.870163,-0.035568
5876.670093,-0.050705,-0.911133,-0.064636
5876.680609,-0.079361,-0.948410,-0.080826
5876.692773,-0.107117,-0.972031,-0.065903
5876.701459,-0.114487,-0.996048,-0.054443
5876.712522,-0.106766,-0.996185,-0.053284
5876.723028,-0.087311,-0.977112,-0.035370
5876.732759,-0.068878,-0.963989,-0.055359
5876.742786,-0.077728,-0.973602,-0.082733
5876.753274,-0.080704,-0.955063,-0.055634
5876.763334,-0.097397,-0.927567,-0.029770
5876.774834,-0.119003,-0.917480,-0.025406
5876.785131,-0.124649,-0.929916,-0.017776
5876.796348,-0.120285,-0.953201,-0.013779
5876.806824,-0.095490,-0.974960,-0.018082
5876.816990,-0.084106,-0.980118,-0.046951
5876.827219,-0.098022,-0.988647,-0.064758
5876.838674,-0.136108,-0.995605,-0.038422
5876.849894,-0.181671,-1.005325,-0.019058
5876.860541,-0.225845,-1.018051,-0.018097
5876.870929,-0.242722,-1.042892,-0.012650
5876.881891,-0.248932,-1.065033,-0.012787
5876.892343,-0.249207,-1.072678,0.009491
5876.902740,-0.252808,-1.061874,0.029816
5876.913062,-0.230835,-1.051468,0.074966
5876.923349,-0.164658,-1.026367,0.116257
5876.933556,-0.060471,-0.999313,0.093369
5876.944545,0.026703,-0.974945,0.052597
5876.955145,0.078964,-1.006714,0.088730
5876.965450,0.091583,-1.057404,0.055023
5876.977414,0.080338,-1.081696,-0.024826
5876.987140,0.067947,-1.042023,-0.080444
5876.998615,0.062454,-0.999451,-0.099991
5877.008136,0.026611,-0.938721,-0.077469
5877.019793,-0.041351,-0.898544,-0.018799
5877.028914,-0.102997,-0.892456,0.009888
5877.040624,-0.094131,-0.916870,-0.243317
5877.050146,-0.031158,-0.903000,-0.359390
5877.060074,0.050964,-0.904480,-0.357544
5877.072260,0.014694,-0.963791,-0.353516
5877.081803,0.063034,-1.174942,-0.192215
5877.091980,0.282791,-1.428131,-0.088257
5877.102064,0.540848,-1.552917,-0.120361
5877.112495,0.697006,-1.604904,-0.313980
5877.122672,0.761658,-1.620438,-0.518372
5877.134519,0.645798,-1.601425,-0.640396
5877.145598,0.413635,-1.546387,-0.513550
5877.155229,0.150726,-1.512009,-0.370911
5877.166542,-0.052368,-1.529312,-0.297775
5877.176212,-0.225754,-1.500885,-0.267685
5877.187649,-0.308929,-1.325729,-0.154953
5877.198248,-0.261673,-1.051300,-0.020859
5877.207979,-0.143997,-0.826767,0.041977
5877.219335,0.013000,-0.644089,-0.014664
5877.229191,0.116852,-0.574005,-0.166702
5877.240473,0.145645,-0.591248,-0.227219
5877.250451,0.116730,-0.615570,-0.156982
5877.261541,0.086014,-0.675903,-0.139236
5877.271698,0.069901,-0.729019,-0.183289
5877.281631,0.028030,-0.730301,-0.212402
5877.293709,-0.035339,-0.723083,-0.147781
5877.303133,-0.092163,-0.703430,-0.089844
5877.314247,-0.127426,-0.693268,-0.125580
5877.324457,-0.128052,-0.682724,-0.153748
5877.334791,-0.081863,-0.691391,-0.179901
5877.344561,-0.022552,-0.734314,-0.237793
5877.355361,0.029312,-0.778885,-0.260910
5877.366863,0.070099,-0.806824,-0.282333
5877.376460,0.078018,-0.822571,-0.318085
5877.386543,0.051788,-0.779541,-0.317688
5877.397241,-0.003464,-0.771744,-0.317978
5877.407965,-0.061188,-0.791168,-0.353256
5877.420485,-0.116150,-0.812531,-0.379715
5877.430195,-0.181046,-0.794006,-0.395752
5877.442331,-0.251770,-0.769394,-0.371124
5877.451813,-0.305893,-0.768417,-0.372345
5877.463074,-0.367661,-0.852234,-0.322281
5877.472869,-0.363190,-0.910187,-0.280426
5877.483374,-0.337479,-0.975464,-0.275955
5877.494927,-0.297089,-1.063538,-0.343994
5877.504404,-0.308777,-1.151489,-0.371460
5877.515220,-0.377853,-1.174057,-0.276886
5877.525743,-0.441620,-1.149246,-0.170547
5877.536030,-0.448364,-1.163574,-0.153214
5877.545933,-0.353165,-1.178085,-0.205460
5877.556519,-0.219391,-1.121826,-0.291794
5877.567776,-0.091644,-1.102997,-0.321915
5877.578316,0.051239,-1.284760,-0.372147
5877.587936,0.246216,-1.575134,-0.238647
5877.599133,0.475845,-1.877457,-0.040298
5877.609463,0.731628,-1.989990,-0.162720
5877.620189,1.022781,-1.995667,-0.259109
5877.629948,1.022919,-1.418884,-0.225067
5877.641023,0.805084,-0.588165,-0.335724
5877.651213,0.542053,-0.084351,-0.385269
5877.662353,0.218536,-0.001175,-0.406128
5877.672070,-0.027191,-0.261230,-0.265030
5877.682535,-0.082260,-0.814926,-0.104187
5877.692775,-0.050095,-1.349258,-0.024872
5877.702840,0.024445,-1.629639,0.122406
5877.714205,0.051804,-1.493500,0.173508
5877.724547,0.112061,-1.206039,-0.004700
5877.735059,0.171646,-0.947678,-0.207245
5877.745583,0.190399,-0.754608,-0.228180
5877.755415,0.190430,-0.639099,-0.139801
5877.767894,0.212921,-0.591827,-0.070343
5877.777058,0.261353,-0.620834,-0.087708
5877.790186,0.283218,-0.701630,-0.110535
5877.798735,0.287262,-0.795502,-0.097839
5877.808775,0.258392,-0.854889,-0.078110
5877.819148,0.196304,-0.868164,-0.051346
5877.829802,0.131851,-0.820450,-0.031403
5877.840301,0.098694,-0.801514,-0.039932
5877.849671,0.059174,-0.807556,-0.037903
5877.861410,0.002151,-0.832535,-0.007141
5877.871645,-0.069580,-0.866989,-0.001007
5877.882680,-0.125320,-0.903793,-0.017776
5877.893066,-0.170258,-0.923294,-0.017822
5877.903141,-0.213516,-0.954514,-0.037231
5877.913423,-0.239670,-0.952103,-0.037827
5877.923552,-0.280365,-0.924210,-0.020294
5877.934386,-0.282913,-0.934814,-0.023254
5877.945740,-0.300751,-0.965393,-0.011993
5877.955296,-0.308380,-1.000137,-0.020920
5877.966533,-0.297699,-0.994553,-0.030380
5877.977182,-0.278046,-0.951477,-0.051315
5877.987585,-0.267700,-0.907104,-0.046219
5877.998123,-0.261566,-0.882065,-0.046082
5878.007870,-0.232849,-0.898132,-0.059036
5878.018206,-0.182526,-0.938904,-0.104507
5878.028237,-0.167908,-0.964417,-0.125534
5878.038221,-0.152664,-0.995453,-0.077637
5878.049637,-0.111877,-1.062653,-0.005829
5878.059401,-0.060425,-1.063446,0.030243
5878.070145,-0.045044,-1.108353,-0.003372
5878.081566,-0.060287,-1.152969,-0.098877
5878.090997,-0.115433,-1.177979,-0.066116
5878.103330,-0.236740,-1.181458,-0.037781
5878.112633,-0.255280,-1.157013,-0.058578
5878.123134,-0.242294,-1.100342,-0.100998
5878.135312,-0.166245,-1.052734,-0.190567
5878.145963,-0.130829,-1.024780,-0.298508
5878.156171,-0.104172,-1.042358,-0.213440
5878.166325,-0.113190,-1.023102,-0.037903
5878.177128,-0.072159,-1.002975,0.100861
5878.186970,0.065842,-1.068954,0.189407
5878.197497,0.293823,-1.227234,0.110977
5878.209648,0.532272,-1.297134,-0.068100
5878.218693,0.740463,-1.331543,-0.228516
5878.229438,0.784775,-1.315704,-0.423630
5878.239138,0.645905,-1.294174,-0.510254
5878.249405,0.405472,-1.250824,-0.436035
5878.259526,0.233490,-1.260666,-0.289398
5878.269410,0.146072,-1.310806,-0.162216
5878.282425,0.091110,-1.351059,-0.074127
5878.292072,0.038498,-1.416824,-0.066589
5878.302791,-0.006424,-1.454803,-0.089920
5878.313190,-0.072815,-1.408234,-0.113754
5878.322940,-0.123978,-1.290085,-0.076035
5878.333356,-0.143311,-1.085281,-0.001709
5878.344646,-0.146667,-0.895676,-0.024078
5878.356158,-0.119247,-0.772461,-0.051590
5878.365549,-0.080978,-0.731674,-0.081802
5878.375849,-0.052765,-0.757431,-0.105469
5878.386264,-0.060165,-0.765076,-0.112442
5878.396486,-0.101364,-0.739166,-0.114334
5878.406739,-0.150726,-0.681274,-0.134842
5878.417644,-0.184280,-0.600433,-0.153061
5878.428222,-0.165115,-0.523346,-0.146790
5878.438208,-0.129532,-0.465988,-0.161530
5878.448758,-0.082855,-0.459198,-0.182800
5878.460543,-0.042603,-0.512421,-0.241150
5878.470161,0.003860,-0.575241,-0.260498
5878.480383,0.035614,-0.630096,-0.280167
5878.491450,0.066299,-0.684875,-0.295029
5878.503134,0.088318,-0.698914,-0.312988
5878.512645,0.077423,-0.688263,-0.359833
5878.524424,0.036743,-0.658630,-0.390839
5878.535291,-0.134872,-0.695084,-0.366547
5878.544568,-0.132889,-0.781174,-0.356796
5878.557093,-0.304871,-0.898788,-0.310181
5878.565846,-0.398560,-0.983963,-0.256943
5878.577353,-0.428329,-1.114960,-0.245010
5878.587002,-0.469589,-1.241333,-0.338196
5878.597610,-0.479858,-1.307831,-0.320938
5878.608829,-0.471924,-1.272018,-0.281937
5878.618754,-0.411789,-1.224808,-0.302887
5878.630795,-0.298660,-1.225906,-0.303268
5878.640349,-0.198059,-1.182297,-0.313644
5878.650862,-0.150543,-1.072876,-0.314499
5878.662595,-0.090942,-1.110672,-0.299561
5878.673140,0.044937,-1.420700,-0.276169
5878.685017,0.204086,-1.845154,-0.208542
5878.694803,0.389282,-1.983780,-0.161682
5878.705859,0.642090,-1.988251,-0.135605
5878.716055,0.725998,-1.645676,-0.218170
5878.727158,0.678619,-0.888199,-0.211395
5878.739049,0.532806,-0.348053,-0.317535
5878.749618,0.313828,-0.172043,-0.366119
5878.760350,0.115555,-0.284943,-0.223007
5878.770232,0.027298,-0.590225,-0.024033
5878.780447,0.029907,-1.022797,-0.041504
5878.791884,0.068039,-1.341644,0.000122
5878.801862,0.061142,-1.407928,0.086349
5878.812989,0.215271,-1.069031,-0.113052
5878.823750,0.281570,-0.868378,-0.197983
5878.835567,0.294693,-0.739899,-0.196701
5878.844399,0.277969,-0.697769,-0.141724
5878.854462,0.251495,-0.716476,-0.100555
5878.865346,0.218124,-0.754486,-0.076065
5878.875999,0.170273,-0.782608,-0.065506
5878.886482,0.130295,-0.763321,-0.026596
5878.897670,0.100830,-0.735748,-0.036972
5878.908529,0.083038,-0.708389,-0.050949
5878.919324,0.068588,-0.696396,-0.022141
5878.929552,0.082458,-0.722717,-0.006287
5878.941704,0.107498,-0.774551,-0.030991
5878.951726,0.106277,-0.838562,-0.080551
5878.962108,0.069290,-0.904648,-0.080399
5878.972290,0.002426,-0.957520,-0.052780
5878.982385,-0.089294,-0.958771,-0.056778
5878.993717,-0.168060,-0.971893,-0.064377
5879.004125,-0.267395,-0.999023,-0.041351
5879.015503,-0.355606,-1.023361,0.000320
5879.026463,-0.410110,-1.018463,0.011719
5879.036759,-0.420151,-0.990295,-0.004044
5879.047902,-0.386124,-0.936844,-0.032364
5879.057759,-0.325668,-0.899139,-0.009644
5879.069653,-0.241745,-0.901596,-0.000015
5879.079845,-0.137466,-0.956955,-0.064651
5879.091244,-0.090912,-0.990158,-0.170425
5879.101276,-0.113739,-1.022568,-0.149582
5879.111567,-0.110168,-1.039902,-0.114548
5879.122874,-0.087372,-1.034286,-0.056732
5879.133646,-0.084503,-1.018539,0.018066
5879.144842,-0.116669,-1.011185,0.021225
5879.154703,-0.177628,-1.034485,-0.038376
5879.164930,-0.257965,-1.056503,-0.098434
5879.175731,-0.327209,-1.089035,-0.076721
5879.185965,-0.366180,-1.124847,-0.018356
5879.197794,-0.360916,-1.138504,-0.022125
5879.208448,-0.302567,-1.126328,-0.099442
5879.218749,-0.257370,-1.088776,-0.179993
5879.231157,-0.162735,-1.130127,-0.172043
5879.240650,-0.069809,-1.129730,-0.133057
5879.253254,0.060928,-1.070358,0.058212
5879.261824,0.231277,-1.056580,0.166901
5879.273304,0.409927,-1.089203,0.076721
5879.284334,0.623016,-1.149139,-0.148575
5879.294509,0.853424,-1.316788,-0.378403
5879.305755,0.948166,-1.465958,-0.474365
5879.315940,0.855759,-1.538116,-0.314285
5879.326766,0.612823,-1.493469,-0.168274
5879.337459,0.430283,-1.459976,-0.121872
5879.347684,0.289581,-1.457504,-0.144440
5879.358782,-0.033371,-1.265671,-0.093414
5879.369543,-0.198868,-1.208542,-0.105865
5879.380861,-0.369324,-1.166687,-0.094162
5879.392245,-0.443359,-1.039154,0.010010
5879.402918,-0.412582,-0.938812,0.079636
5879.413754,-0.255447,-0.836258,0.067642
5879.423795,-0.096619,-0.760223,-0.039444
5879.435350,0.001450,-0.713181,-0.162491
5879.445355,0.024933,-0.700165,-0.194016
5879.456566,0.022003,-0.681625,-0.167862
5879.466849,-0.004349,-0.679184,-0.157761
5879.476908,-0.009735,-0.683975,-0.171494
5879.487396,-0.015961,-0.684921,-0.196869
5879.497440,-0.013474,-0.694702,-0.211380
5879.508870,-0.026978,-0.700241,-0.204895
5879.519259,-0.071381,-0.716797,-0.188400
5879.530181,-0.110214,-0.712204,-0.186371
5879.541503,-0.125443,-0.746826,-0.201279
5879.551614,-0.104095,-0.766647,-0.227005
5879.563840,-0.076599,-0.769165,-0.244843
5879.574276,-0.049911,-0.736847,-0.265610
5879.585316,-0.034790,-0.605911,-0.361374
5879.595729,-0.030228,-0.578979,-0.380692
5879.605758,-0.046921,-0.605774,-0.382050
5879.618360,-0.127365,-0.667236,-0.388718
5879.627738,-0.193192,-0.751129,-0.375626
5879.639090,-0.291290,-0.805283,-0.333160
5879.650190,-0.389984,-0.885696,-0.322784
5879.660312,-0.448151,-1.018234,-0.338669
5879.672366,-0.485306,-1.129898,-0.367661
5879.682163,-0.527939,-1.184174,-0.343384
5879.692695,-0.532150,-1.213684,-0.245407
5879.702715,-0.459946,-1.239792,-0.154465
5879.711383,-0.344299,-1.271851,-0.146042
5879.722900,-0.232208,-1.275986,-0.185272
5879.732125,-0.140076,-1.268250,-0.255051
5879.743573,-0.053284,-1.406830,-0.401688
5879.753377,0.024948,-1.665466,-0.362076
5879.765623,0.131805,-1.867401,-0.054825
5879.774533,0.267227,-1.979050,-0.016830
5879.785244,0.524521,-1.907471,-0.066391
5879.795807,0.771164,-1.679199,-0.166687
5879.805816,0.907990,-1.569290,-0.370407
5879.817773,0.768936,-1.298996,-0.425934
5879.827052,0.476089,-0.766830,-0.056686
5879.838106,0.204239,-0.389938,0.051773
5879.849154,-0.004089,-0.152496,-0.070328
5879.859611,-0.140030,-0.103119,-0.190857
5879.869222,-0.118179,-0.204895,-0.142807
5879.880160,0.004974,-0.461777,0.055069
5879.891270,0.240082,-0.784302,0.064194
5879.901285,0.512878,-1.053207,-0.128723
5879.911568,0.794876,-1.174530,-0.155426
5879.921533,0.865570,-1.090546,-0.125656
5879.931811,0.777832,-0.962921,-0.059647
5879.942723,0.538162,-0.862900,-0.089294
5879.953589,0.277863,-0.834671,-0.017456
5879.965005,-0.007935,-0.886353,0.032410
5879.974580,-0.212296,-0.889145,0.101608
5879.985765,-0.307220,-0.875656,0.140259
5879.995815,-0.298325,-0.881821,0.092896
5880.006573,-0.269470,-0.893463,-0.023926
5880.017186,-0.246002,-0.877563,-0.055435
5880.028170,-0.237991,-0.909531,-0.030975
5880.040891,-0.193146,-0.932739,-0.066864
5880.051901,-0.173172,-0.944778,-0.082932
5880.060812,-0.152084,-0.929520,-0.047516
5880.072063,-0.155441,-0.909164,-0.049530
5880.081633,-0.182556,-0.905777,-0.051086
5880.092363,-0.223984,-0.911804,-0.051071
5880.103290,-0.263885,-0.910065,-0.039337
5880.114320,-0.293701,-0.916290,-0.039032
5880.123930,-0.310410,-0.911133,-0.031647
5880.134311,-0.295975,-0.896927,-0.045898
5880.145200,-0.264389,-0.904373,-0.068466
5880.154467,-0.218124,-0.929443,-0.078125
5880.165513,-0.166962,-0.948822,-0.097366
5880.176513,-0.155518,-0.961700,-0.120422
5880.188212,-0.157715,-0.980087,-0.132111
5880.197544,-0.155701,-0.995544,-0.117508
5880.208403,-0.145447,-0.987778,-0.062897
5880.219109,-0.142136,-0.971954,0.036194
5880.229027,-0.160080,-0.971344,0.107635
5880.239269,-0.188583,-1.002884,0.075928
5880.249569,-0.222504,-1.077301,-0.059784
5880.261116,-0.253662,-1.165054,-0.126511
5880.272151,-0.272964,-1.226318,-0.054123
5880.281511,-0.310913,-1.250641,-0.012268
5880.293367,-0.325180,-1.201920,0.009720
5880.303273,-0.243851,-1.094238,-0.035019
5880.315289,-0.160919,-1.018845,-0.162292
5880.324927,-0.036880,-1.034637,-0.159500
5880.335334,0.067978,-1.031631,-0.140656
5880.345744,0.134171,-0.951294,-0.076035
5880.356338,0.184799,-0.877396,0.000854
5880.368304,0.278000,-0.904205,0.014557
5880.377944,0.449509,-1.018860,-0.052460
5880.388110,0.691650,-1.200821,-0.178116
5880.399495,0.854263,-1.626358,-0.365799
5880.409566,0.886734,-1.652878,-0.315536
5880.420562,0.449661,-1.603760,-0.181641
5880.430382,0.447815,-1.567749,-0.137009
5880.442698,0.076981,-1.473892,-0.126892
5880.453014,-0.089722,-1.335251,-0.087906
5880.464429,-0.278168,-1.232132,-0.075623
5880.474570,-0.471695,-1.185074,-0.075089
5880.485572,-0.583725,-1.096634,-0.001877
5880.498690,-0.616379,-1.060104,0.035248
5880.508496,-0.528152,-0.987854,0.118774
5880.519261,-0.364014,-0.806915,0.138992
5880.531717,-0.196075,-0.684723,0.003952
5880.539736,-0.070450,-0.639206,-0.142746
5880.550335,0.003052,-0.603790,-0.142075
5880.561326,0.051346,-0.596771,-0.104065
5880.572156,0.063080,-0.607773,-0.142670
5880.583502,0.084824,-0.620972,-0.195572
5880.593103,0.108887,-0.633118,-0.222214
5880.603992,0.089340,-0.653137,-0.233337
5880.613751,0.046539,-0.673492,-0.196442
5880.625972,-0.020905,-0.716599,-0.153290
5880.635254,-0.045227,-0.726120,-0.225677
5880.647198,-0.069443,-0.757629,-0.231094
5880.655977,-0.081039,-0.757416,-0.231354
5880.666211,-0.077332,-0.732422,-0.253586
5880.677669,-0.078644,-0.680344,-0.301208
5880.687641,-0.090881,-0.624161,-0.337387
5880.698627,-0.145111,-0.667816,-0.371628
5880.709817,-0.212585,-0.721695,-0.361496
5880.720136,-0.306519,-0.782730,-0.325745
5880.731021,-0.407608,-0.844528,-0.269760
5880.741132,-0.499268,-0.933777,-0.262115
5880.751966,-0.546753,-1.065735,-0.327286
5880.763324,-0.587555,-1.184113,-0.358307
5880.773565,-0.590225,-1.248627,-0.291367
5880.784239,-0.540359,-1.264679,-0.207718
5880.794405,-0.384201,-1.266449,-0.185776
5880.805934,-0.196991,-1.253586,-0.232071
5880.815427,-0.035629,-1.221832,-0.269211
5880.827076,0.036423,-1.248474,-0.308380
5880.836425,0.102631,-1.426880,-0.346710
5880.847265,0.179993,-1.751144,-0.278976
5880.857604,0.282181,-1.981506,-0.080582
5880.867746,0.358078,-1.982971,-0.103165
5880.878457,0.520569,-1.985748,-0.059692
5880.888945,0.598694,-1.723755,0.000351
5880.899444,0.554718,-1.019165,-0.136505
5880.910745,0.411499,-0.446625,-0.359116
5880.921186,0.222046,-0.041779,-0.386612
5880.931599,0.059387,0.147705,-0.188293
5880.942423,-0.025024,0.180664,-0.072708
5880.955082,-0.038620,0.015533,-0.055542
5880.964794,0.027390,-0.377304,-0.010422
5880.974409,0.089203,-0.868179,-0.059555
5880.985620,0.206512,-1.266174,-0.102585
5880.996044,0.330704,-1.479340,-0.097885
5881.006810,0.485611,-1.363815,-0.019623
5881.018022,0.503693,-0.831528,-0.142502
5881.029232,0.431625,-0.734436,-0.142151
5881.038859,0.321014,-0.699265,-0.072769
5881.049932,0.230881,-0.739944,-0.011719
5881.060417,0.161118,-0.839340,-0.021057
5881.069919,0.073486,-0.894806,-0.016220
5881.080971,-0.034119,-0.938232,0.007568
5881.090660,-0.117355,-0.961746,0.040619
5881.102083,-0.179214,-0.968323,0.049927
5881.111949,-0.198029,-0.969055,0.025223
5881.121900,-0.195908,-0.980865,-0.016464
5881.135406,-0.196442,-0.971313,-0.047531
5881.143967,-0.224472,-0.932098,-0.049133
5881.154957,-0.221207,-0.887573,-0.027695
5881.165716,-0.218430,-0.887619,-0.022781
5881.175950,-0.236359,-0.892181,-0.037750
5881.186305,-0.255981,-0.933365,-0.019730
5881.197207,-0.260269,-0.956467,-0.017914
5881.208054,-0.262482,-0.965240,-0.040268
5881.217825,-0.256836,-0.953766,-0.045975
5881.229241,-0.239700,-0.935730,-0.055298
5881.238311,-0.194763,-0.928909,-0.086334
5881.249821,-0.139526,-0.928970,-0.092865
5881.260452,-0.100449,-0.924957,-0.118195
5881.270780,-0.109390,-0.918198,-0.160156
5881.281572,-0.132355,-0.929367,-0.157776
5881.291376,-0.171402,-0.964233,-0.097473
5881.303623,-0.193893,-0.994400,-0.002838
5881.312913,-0.216965,-1.010193,0.054886
5881.323075,-0.245819,-1.036835,0.034821
5881.333373,-0.245895,-1.069351,-0.105942
5881.343517,-0.231064,-1.093307,-0.229874
5881.354587,-0.233658,-1.106628,-0.183350
5881.364819,-0.275909,-1.110168,-0.054184
5881.375344,-0.320709,-1.082169,-0.026062
5881.385703,-0.326096,-1.037674,-0.053375
5881.396562,-0.258896,-0.986023,-0.139236
5881.406620,-0.196198,-0.956497,-0.214523
5881.417282,-0.082626,-1.011612,-0.172180
5881.429388,0.001511,-1.033356,-0.146973
5881.439043,0.059601,-0.973022,-0.042755
5881.450049,0.125763,-0.913864,0.048996
5881.461537,0.258698,-1.089249,-0.131516
5881.471815,0.686432,-1.304581,-0.264648
5881.483944,0.820877,-1.532837,-0.361664
5881.492835,0.805084,-1.709259,-0.272720
5881.504013,0.615570,-1.690826,-0.152679
5881.513327,0.435577,-1.632095,-0.075165
5881.524393,0.275925,-1.571228,-0.094284
5881.536133,0.096130,-1.415115,-0.098312
5881.545841,-0.091064,-1.266617,-0.106369
5881.557608,-0.283066,-1.174088,-0.097076
5881.566849,-0.474228,-1.095978,-0.062515
5881.577834,-0.589905,-1.000763,-0.008820
5881.588888,-0.587357,-0.920090,0.095139
5881.599182,-0.421173,-0.822205,0.163910
5881.609654,-0.186432,-0.746887,-0.012329
5881.619229,-0.000717,-0.747147,-0.202362
5881.630224,0.095001,-0.758713,-0.238068
5881.640097,0.118713,-0.745377,-0.186066
5881.649995,0.115662,-0.701782,-0.186142
5881.661370,0.084518,-0.643219,-0.199463
5881.672098,0.060669,-0.594528,-0.227173
5881.683820,0.009491,-0.583984,-0.241928
5881.692603,-0.055237,-0.614609,-0.205505
5881.702684,-0.104019,-0.660980,-0.174576
5881.713513,-0.124954,-0.735184,-0.192535
5881.724725,-0.107224,-0.797546,-0.225143
5881.735125,-0.068146,-0.833206,-0.247574
5881.745149,-0.021896,-0.826294,-0.249451
5881.756208,-0.000183,-0.767853,-0.294586
5881.765664,0.013153,-0.689880,-0.334091
5881.776820,-0.000320,-0.641312,-0.348969
5881.787479,-0.045486,-0.648254,-0.352875
5881.797925,-0.096420,-0.702454,-0.347244
5881.808468,-0.154510,-0.775909,-0.346603
5881.818960,-0.234848,-0.847794,-0.299866
5881.830869,-0.308456,-0.908234,-0.265594
5881.839840,-0.362228,-0.999359,-0.310501
5881.850460,-0.391418,-1.091949,-0.374283
5881.861821,-0.431274,-1.144516,-0.391693
5881.871438,-0.439346,-1.148926,-0.323929
5881.882556,-0.438156,-1.168839,-0.219009
5881.893191,-0.363968,-1.254089,-0.151321
5881.903490,-0.248596,-1.257202,-0.164276
5881.914364,-0.105804,-1.296097,-0.289246
5881.925639,0.102097,-1.474304,-0.355484
5881.936561,0.195999,-1.752136,-0.212601
5881.947612,0.313110,-1.982071,-0.079880
5881.958466,0.425980,-1.984070,-0.067642
5881.967816,0.638947,-1.977020,0.000244
5881.979147,0.683502,-1.445648,-0.231735
5881.988439,0.733963,-0.998596,-0.228622
5881.999410,0.497696,-0.685410,-0.400894
5882.009341,0.309036,-0.441162,-0.180817
5882.020452,0.081589,-0.315338,0.003418
5882.032300,-0.074112,-0.285553,-0.026291
5882.042962,-0.089844,-0.397812,-0.109161
5882.053918,-0.004166,-0.535797,-0.109207
5882.063814,0.116394,-0.673080,-0.024948
5882.074227,0.290741,-0.845551,-0.019104
5882.086474,0.489532,-1.031372,-0.102066
5882.095137,0.634766,-1.159958,-0.142502
5882.106679,0.660385,-1.168991,-0.108917
5882.116044,0.562332,-1.085724,-0.050888
5882.127869,0.363144,-1.004532,-0.007797
5882.137633,0.155914,-0.926025,0.054535
5882.148657,0.001190,-0.836945,0.089890
5882.160898,-0.100861,-0.796295,0.113831
5882.170194,-0.111633,-0.824005,0.153397
5882.180723,-0.073395,-0.873306,0.096008
5882.193144,-0.032822,-0.884033,0.018250
5882.203097,0.052750,-0.844101,-0.009888
5882.213572,0.062363,-0.823074,-0.032959
5882.224417,0.038223,-0.838242,-0.061676
5882.233780,-0.031052,-0.885376,-0.064194
5882.245209,-0.113312,-0.941803,-0.036911
5882.254953,-0.203873,-0.994354,-0.034134
5882.265594,-0.296539,-1.015808,-0.013855
5882.275431,-0.356232,-1.011688,0.015839
5882.285680,-0.370255,-0.992096,0.015518
5882.296470,-0.336548,-0.939529,0.003677
5882.306854,-0.263184,-0.900391,-0.038330
5882.316807,-0.191467,-0.902893,-0.091110
5882.327980,-0.152023,-0.943405,-0.125168
5882.337901,-0.144073,-0.981323,-0.135681
5882.347966,-0.158585,-0.987793,-0.127289
5882.360312,-0.179581,-0.970901,-0.114136
5882.369254,-0.203171,-0.962723,-0.104996
5882.379740,-0.234619,-0.951447,-0.095001
5882.390050,-0.284119,-0.955338,-0.080582
5882.400839,-0.310226,-0.981827,-0.048157
5882.411729,-0.287643,-1.005402,-0.035995
5882.422208,-0.242386,-1.021774,-0.053436
5882.433153,-0.194824,-1.031342,-0.051376
5882.442699,-0.172211,-1.035477,-0.019806
5882.454196,-0.168625,-1.031662,-0.010971
5882.464586,-0.181931,-1.029709,-0.069534
5882.474812,-0.179779,-1.038834,-0.160782
5882.484950,-0.178436,-1.054520,-0.205414
5882.495163,-0.190613,-1.083069,-0.144531
5882.506436,-0.222900,-1.094742,-0.065613
5882.515866,-0.257523,-1.072769,-0.053772
5882.528659,-0.255066,-1.048843,-0.107117
5882.537517,-0.217041,-1.018784,-0.159683
5882.548532,-0.122986,-1.041733,-0.145905
5882.559741,-0.042587,-1.077881,-0.112076
5882.570996,0.008682,-1.070740,-0.030319
5882.581007,0.041885,-1.007324,0.013138
5882.591979,0.094315,-0.923965,0.040527
5882.602330,0.227234,-0.907211,-0.005005
5882.612759,0.428040,-1.006271,-0.149078
5882.624206,0.633514,-1.166214,-0.259048
5882.633979,0.761642,-1.345749,-0.298904
5882.644755,0.729919,-1.452454,-0.270508
5882.655977,0.583710,-1.490204,-0.212616
5882.667266,0.422195,-1.439728,-0.176422
5882.677460,0.063385,-1.371979,-0.108734
5882.688833,-0.131027,-1.297592,-0.052887
5882.698349,-0.290817,-1.270584,-0.071045
5882.708288,-0.394730,-1.231842,-0.048141
5882.719515,-0.454437,-1.139572,0.013626
5882.729684,-0.435806,-1.052551,0.080063
5882.740329,-0.345993,-0.899368,0.083084
5882.750610,-0.230484,-0.798355,-0.016251
5882.761215,-0.117508,-0.751633,-0.159348
5882.771507,-0.076569,-0.731247,-0.200195
5882.783410,-0.060272,-0.707275,-0.176514
5882.793766,-0.066391,-0.696518,-0.174713
5882.803961,-0.072327,-0.671326,-0.198135
5882.815212,-0.045258,-0.653534,-0.219849
5882.826077,-0.036270,-0.649902,-0.238083
5882.835067,-0.035751,-0.659637,-0.250702
5882.846573,-0.051086,-0.678650,-0.233582
5882.856391,-0.066574,-0.684128,-0.226151
5882.867315,-0.078217,-0.718750,-0.228363
5882.876741,-0.048050,-0.716461,-0.241272
5882.886698,-0.018143,-0.696777,-0.261978
5882.896929,-0.001053,-0.659470,-0.291687
5882.907018,-0.000214,-0.627670,-0.324661
5882.917992,-0.021515,-0.606094,-0.348465
5882.929339,-0.064499,-0.616028,-0.361084
5882.938743,-0.134705,-0.656219,-0.329636
5882.949937,-0.209427,-0.728165,-0.274033
5882.959588,-0.278687,-0.821518,-0.224152
5882.970250,-0.333954,-0.914261,-0.195297
5882.980234,-0.404724,-0.991302,-0.184280
5882.991947,-0.462173,-1.061020,-0.218567
5883.003035,-0.493439,-1.146042,-0.329971
5883.012463,-0.488937,-1.251160,-0.462906
5883.023035,-0.442383,-1.297272,-0.414291
5883.032786,-0.409180,-1.259460,-0.246521
5883.043033,-0.379593,-1.155014,-0.124481
5883.053837,-0.337189,-1.075485,-0.122559
5883.063721,-0.262939,-1.028839,-0.216995
5883.075049,-0.171967,-1.039536,-0.301376
5883.084965,-0.135422,-1.090591,-0.322906
5883.096050,-0.130875,-1.182465,-0.291748
5883.108206,-0.105026,-1.335739,-0.278549
5883.117511,-0.079590,-1.470474,-0.222641
5883.128377,0.089752,-1.638412,-0.076126
5883.137867,0.208893,-1.806946,-0.069595
5883.150499,0.353714,-1.890594,-0.007126
5883.159225,0.565399,-1.796432,0.061707
5883.169612,0.685822,-1.381897,-0.005432
5883.181521,0.722290,-1.014923,-0.251190
5883.191746,0.675888,-0.557007,-0.388153
5883.202784,0.465729,-0.454422,-0.124863
5883.212266,0.250473,-0.507187,-0.028717
5883.222642,0.097687,-0.630142,-0.014694
5883.233027,0.102997,-0.735062,-0.095169
5883.244331,0.236389,-0.850662,-0.094116
5883.254628,0.399887,-0.935684,-0.044830
5883.264406,0.575851,-0.986420,-0.077759
5883.276402,0.708862,-0.986221,-0.152466
5883.285900,0.738693,-0.934570,-0.162476
5883.297294,0.682510,-0.827835,-0.101578
5883.307796,0.504395,-0.788940,-0.135666
5883.317861,0.280777,-0.800247,-0.105743
5883.328855,0.053162,-0.805313,0.015335
5883.338511,-0.140274,-0.867249,0.097397
5883.350482,-0.263992,-0.912369,0.106277
5883.359889,-0.309311,-0.926987,0.117889
5883.370065,-0.280182,-0.917130,0.054443
5883.380187,-0.232834,-0.917404,-0.036697
5883.391402,-0.174622,-0.908844,-0.056747
5883.401533,-0.113434,-0.928314,-0.047607
5883.412319,-0.064285,-0.969971,-0.082428
5883.422149,-0.075073,-0.983429,-0.105988
5883.434055,-0.132568,-0.953217,-0.073288
5883.444340,-0.197784,-0.925781,-0.037857
5883.454839,-0.243988,-0.927856,-0.044724
5883.465579,-0.262054,-0.935303,-0.049973
5883.476369,-0.261856,-0.928589,-0.067444
5883.486343,-0.277756,-0.933243,-0.087219
5883.496900,-0.290955,-0.939789,-0.095291
5883.507411,-0.313019,-0.935562,-0.108398
5883.517555,-0.300491,-0.901901,-0.101303
5883.528781,-0.278076,-0.877136,-0.094025
5883.539093,-0.235855,-0.851837,-0.109589
5883.550597,-0.200897,-0.842865,-0.128204
5883.561649,-0.165390,-0.859055,-0.142960
5883.570896,-0.145615,-0.882599,-0.135712
5883.582004,-0.155807,-0.913315,-0.120407
5883.592345,-0.167877,-0.954590,-0.093506
5883.603562,-0.184875,-0.978424,-0.083206
5883.612868,-0.203110,-0.976028,-0.046722
5883.624128,-0.211594,-0.987274,0.002609
5883.634403,-0.195663,-1.020401,0.019440
5883.644701,-0.164978,-1.045334,-0.029358
5883.654554,-0.127625,-1.062866,-0.129501
5883.664894,-0.119339,-1.073898,-0.188553
5883.675634,-0.112625,-1.097305,-0.203918
5883.686517,-0.111633,-1.123306,-0.174789
5883.697625,-0.186188,-1.088852,-0.118210
5883.707277,-0.197830,-1.057632,-0.107773
5883.718135,-0.148834,-1.044205,-0.155212
5883.728520,-0.088684,-1.060730,-0.146118
5883.738682,0.014999,-1.113892,-0.141846
5883.749324,0.130447,-1.147217,-0.213043
5883.759482,0.209549,-1.171921,-0.222931
5883.770259,0.196655,-1.152588,-0.046494
5883.781090,0.165085,-1.087250,0.180939
5883.791559,0.232010,-1.134293,0.088272
5883.802410,0.412079,-1.231155,-0.085358
5883.812670,0.587219,-1.333115,-0.109604
5883.823354,0.663879,-1.428314,-0.101089
5883.833764,0.608139,-1.452591,-0.132446
5883.844350,0.467880,-1.430801,-0.153061
5883.854253,0.287918,-1.389771,-0.147400
5883.864742,0.096069,-1.320358,-0.117706
5883.875125,-0.083893,-1.226013,-0.082886
5883.885440,-0.248169,-1.117538,-0.076889
5883.895563,-0.403351,-1.055725,-0.079391
5883.905680,-0.524902,-0.988525,-0.034531
5883.917679,-0.521469,-0.901306,0.017960
5883.927156,-0.337952,-0.808533,0.095886
5883.937960,-0.111694,-0.821655,0.016479
5883.949833,0.102295,-0.832886,-0.127243
5883.960013,0.215271,-0.866272,-0.219849
5883.971806,0.225601,-0.863510,-0.207977
5883.981437,0.183182,-0.829651,-0.163284
5883.992016,0.127136,-0.805374,-0.147064
5884.003018,0.062805,-0.782928,-0.148499
5884.014128,0.009644,-0.778107,-0.152603
5884.025670,-0.042389,-0.762756,-0.179031
5884.035800,-0.061020,-0.782776,-0.188171
5884.046141,-0.058121,-0.843842,-0.205597
5884.056027,-0.029083,-0.898483,-0.188461
5884.066947,0.018326,-0.932251,-0.196121
5884.078595,0.062454,-0.930298,-0.230087
5884.088341,0.089127,-0.876587,-0.229477
5884.099804,0.089050,-0.822479,-0.245987
5884.109706,0.052856,-0.768600,-0.243896
5884.119726,0.027863,-0.742966,-0.235703
5884.132088,-0.002396,-0.730789,-0.234436
5884.141476,-0.033157,-0.736069,-0.236099
5884.153525,-0.053589,-0.745468,-0.263733
5884.164183,-0.077606,-0.774139,-0.281754
5884.174566,-0.114670,-0.797653,-0.284546
5884.185971,-0.147369,-0.812515,-0.273621
5884.195294,-0.188461,-0.830154,-0.275528
5884.206593,-0.223785,-0.849808,-0.272430
5884.216563,-0.245560,-0.866837,-0.272934
5884.226851,-0.268250,-0.878082,-0.284119
5884.236614,-0.268127,-0.881958,-0.285080
5884.247202,-0.247040,-0.891144,-0.311798
5884.257333,-0.216553,-0.917023,-0.350922
5884.268559,-0.195084,-0.955963,-0.314514
5884.278469,-0.191559,-0.995453,-0.250366
5884.288150,-0.179184,-1.029327,-0.200577
5884.299067,-0.145111,-1.066574,-0.167755
5884.308616,-0.120117,-1.066986,-0.160400
5884.319118,-0.098053,-1.046173,-0.177383
5884.329320,-0.110428,-1.024994,-0.258255
5884.339177,-0.150833,-1.063187,-0.312561
5884.350118,-0.167282,-1.208832,-0.275085
5884.361372,-0.075867,-1.477249,-0.207047
5884.370754,0.083084,-1.765579,0.025635
5884.381436,0.172745,-1.978745,0.109177
5884.392441,0.388443,-1.982849,0.060623
5884.402819,0.627899,-1.987869,-0.104858
5884.413544,0.714157,-1.945190,-0.167984
5884.424961,0.658142,-1.581284,-0.148819
5884.433888,0.510773,-1.168442,-0.164703
5884.445257,0.327164,-0.637436,-0.070694
5884.456223,0.124649,-0.217804,-0.093674
5884.466315,0.009308,-0.038147,-0.203018
5884.478168,0.004562,-0.063293,-0.221603
5884.487825,0.040421,-0.193176,-0.116913
5884.498101,0.122894,-0.447723,-0.008286
5884.509489,0.247879,-0.771164,-0.000656
5884.520842,0.389755,-1.016647,-0.016891
5884.531236,0.510864,-1.154236,-0.003525
5884.541595,0.597229,-1.160690,-0.011292
5884.551859,0.609497,-1.066299,-0.065384
5884.562166,0.582870,-0.973892,-0.059174
5884.574019,0.315918,-0.918777,-0.070007
5884.583749,0.142838,-0.900040,-0.043793
5884.594588,0.021347,-0.891785,0.024323
5884.605710,-0.052765,-0.887405,0.050812
5884.615253,-0.061783,-0.908554,0.046722
5884.626405,-0.029343,-0.939285,0.011551
5884.635547,0.016403,-0.965378,-0.019455
5884.645574,0.074905,-0.985977,-0.065720
5884.656689,0.110153,-0.977081,-0.097946
5884.667255,0.108582,-0.953812,-0.097000
5884.678083,0.069366,-0.943375,-0.083313
5884.688426,0.026016,-0.956100,-0.074585
5884.698412,-0.014435,-0.985443,-0.091019
5884.708613,-0.041611,-1.013000,-0.097473
5884.720494,-0.060028,-1.012680,-0.095932
5884.729848,-0.078506,-0.996933,-0.109955
5884.740798,-0.089066,-0.982300,-0.130569
5884.751781,-0.083786,-0.982483,-0.151810
5884.761696,-0.067871,-0.987488,-0.121353
5884.771710,-0.063217,-1.000031,-0.096970
5884.781942,-0.055145,-1.001221,-0.112335
5884.792740,-0.065186,-0.982864,-0.162079
5884.802760,-0.084930,-0.974716,-0.151825
5884.814168,-0.091171,-0.983185,-0.121872
5884.823877,-0.082153,-1.006516,-0.108078
5884.834446,-0.076569,-1.030838,-0.114777
5884.844543,-0.078323,-1.044327,-0.107025
5884.855154,-0.066956,-1.058136,-0.125229
5884.866388,-0.058914,-1.056427,-0.141571
5884.876669,-0.081863,-1.032959,-0.182831
5884.886768,-0.107437,-0.969635,-0.191177
5884.897222,-0.054825,-0.908676,-0.192902
5884.907910,0.026871,-0.916031,-0.208557
5884.920887,0.069504,-0.969955,-0.194962
5884.929678,0.102661,-1.021652,-0.147629
5884.942407,0.140839,-1.029953,-0.114731
5884.953090,0.163391,-0.994598,-0.125885
5884.962554,0.137650,-0.962250,-0.136169
5884.973974,0.103195,-0.939178,-0.088364
5884.985134,0.094223,-0.941864,-0.072067
5884.995515,0.114548,-0.988815,-0.108536
5885.005801,0.125687,-0.989105,-0.132553
5885.015255,0.118561,-1.000656,-0.147278
5885.025678,0.098114,-0.980042,-0.165207
5885.035994,0.073929,-0.943787,-0.160889
5885.046818,0.061234,-0.871902,-0.149536
5885.058412,0.030319,-0.871353,-0.151184
5885.070050,0.008652,-0.904755,-0.137100
5885.079706,-0.006989,-0.948914,-0.120956
5885.090305,-0.007065,-1.012817,-0.132614
5885.100259,-0.009964,-1.050507,-0.132675
5885.110476,-0.005112,-1.053482,-0.129669
5885.121315,0.010223,-1.034485,-0.147766
5885.131415,0.019516,-1.011459,-0.157257
5885.141858,0.039551,-1.006958,-0.150986
5885.152442,0.077286,-1.006714,-0.154022
5885.163550,0.139252,-1.009766,-0.155548
5885.174535,0.190842,-1.014618,-0.166046
5885.183728,0.217209,-1.018997,-0.174179
5885.195421,0.215820,-1.009277,-0.165482
5885.205302,0.198257,-1.005051,-0.162949
5885.215526,0.167908,-0.991928,-0.160721
5885.225412,0.141388,-0.977890,-0.157440
5885.235357,0.119095,-0.972656,-0.159866
5885.247101,0.086578,-0.959442,-0.147003
5885.256667,0.050812,-0.959747,-0.146851
5885.268863,0.022629,-0.959213,-0.138748
5885.278341,0.007889,-0.954071,-0.133255
5885.288746,0.000244,-0.959732,-0.130508
5885.298664,-0.013168,-0.960464,-0.134689
5885.309888,-0.019714,-0.969070,-0.134827
5885.321229,-0.014877,-0.973953,-0.128906
5885.331734,-0.001083,-0.980988,-0.133453
5885.343429,0.017975,-1.002670,-0.141769
5885.353405,0.039032,-1.024368,-0.151001
5885.364602,0.053802,-1.039124,-0.146790
5885.375058,0.056503,-1.035309,-0.141861
5885.385407,0.058167,-1.021790,-0.145706
5885.395785,0.059250,-1.017014,-0.156372
5885.406538,0.051224,-1.008163,-0.153641
5885.416940,0.052917,-1.004272,-0.146805
5885.427164,0.057587,-0.999542,-0.144760
