6020.428631,0.011089,-0.085334,-0.006130
6020.437768,0.022010,-0.092624,-0.006071
6020.446914,0.037734,-0.101105,-0.003649
6020.456664,0.038900,-0.110835,-0.001181
6020.465810,0.027982,-0.120607,-0.001046
6020.483863,0.024273,-0.146181,0.002792
6020.492938,0.027890,-0.154696,0.004062
6020.502084,0.029203,-0.151070,-0.000702
6020.520072,0.035569,-0.146284,-0.014927
6020.529929,0.034278,-0.135293,-0.011510
6020.539075,0.028081,-0.114547,-0.005834
6020.556911,0.036617,-0.084080,-0.008559
6020.566364,0.046447,-0.076790,-0.014562
6020.575510,0.047787,-0.082922,-0.020394
6020.593223,0.034494,-0.095153,-0.022585
6020.602714,0.036921,-0.098804,-0.022549
6020.611860,0.035735,-0.108564,-0.023615
6020.621071,0.030859,-0.114659,-0.022355
6020.630217,0.025906,-0.119510,-0.017570
6020.648091,0.028264,-0.145071,-0.013745
6020.657573,0.029301,-0.145011,-0.005490
6020.666719,0.028035,-0.132810,-0.003267
6020.675772,0.030508,-0.115761,-0.005826
6020.684918,0.035383,-0.102354,-0.007169
6020.702956,0.031839,-0.084115,-0.012088
6020.712096,0.022130,-0.069511,-0.012233
6020.721242,0.018438,-0.060971,-0.009963
6020.730760,0.025717,-0.058519,-0.010007
6020.739906,0.033020,-0.049982,-0.011300
6020.757824,0.036657,-0.041444,-0.011405
6020.767062,0.040224,-0.049942,-0.007776
6020.776208,0.038937,-0.056012,-0.004166
6020.785671,0.033933,-0.054754,0.002909
6020.794817,0.033757,-0.049821,0.011111
6020.803918,0.042125,-0.052199,0.017019
6020.813064,0.046904,-0.054601,0.020575
6020.830978,0.032439,-0.030291,0.015610
6020.840116,0.031473,-0.015753,0.003650
6020.849262,0.039001,-0.008510,-0.008246
6020.858408,0.044031,-0.013433,-0.016459
6020.867554,0.044133,-0.021997,-0.021081
6020.876694,0.040620,-0.028139,-0.026901
6020.885840,0.035869,-0.035495,-0.031526
6020.895239,0.029827,-0.033079,-0.032720
6020.904385,0.028585,-0.017230,-0.031719
6020.913458,0.033410,-0.001369,-0.030730
6020.922604,0.036924,-0.003757,-0.024812
6020.932252,0.031999,-0.017147,-0.021109
6020.941398,0.027072,-0.020788,-0.017518
6020.958994,0.041409,-0.035307,-0.006766
6020.968295,0.040146,-0.036511,-0.004390
6020.977441,0.030436,-0.018251,-0.004577
6020.986789,0.024365,0.000016,-0.004772
6020.995935,0.020649,0.006127,-0.001295
6021.005515,0.020573,0.004933,0.002258
6021.014661,0.031544,0.003720,-0.000111
6021.032431,0.050883,-0.008401,0.003524
6021.050529,0.038681,-0.029118,0.007326
6021.059586,0.041082,-0.031542,0.008527
6021.068732,0.049654,-0.046174,0.005137
6021.077873,0.059614,-0.062080,-0.006501
6021.087019,0.065982,-0.068262,-0.020601
6021.096158,0.067421,-0.067115,-0.031234
6021.105304,0.062693,-0.064730,-0.037150
6021.114445,0.055485,-0.052583,-0.040812
6021.123591,0.049490,-0.034341,-0.044546
6021.132733,0.049487,-0.019717,-0.044712
6021.141879,0.053100,-0.014827,-0.043596
6021.151030,0.051937,-0.013627,-0.045967
6021.160176,0.048319,-0.000238,-0.047291
6021.169310,0.047076,0.019266,-0.046331
6021.178456,0.047025,0.022939,-0.044013
6021.187624,0.044525,0.015647,-0.040386
6021.196770,0.046752,0.014500,-0.030940
6021.205888,0.049028,0.014556,-0.023867
6021.215034,0.045314,0.009698,-0.020265
6021.224174,0.041649,0.009699,-0.019077
6021.233320,0.046576,0.015777,-0.022696
6021.242462,0.054030,0.021827,-0.031039
6021.251608,0.057942,0.036367,-0.044190
6021.261546,0.065688,0.077657,-0.067092
6021.270692,0.078456,0.144491,-0.098554
6021.288465,0.055027,0.213621,-0.139402
6021.306479,-0.023119,0.089334,-0.113041
6021.315735,-0.062602,0.009049,-0.080188
6021.324881,-0.070571,-0.040696,-0.046572
6021.333911,-0.028749,-0.084264,-0.015493
6021.343057,0.045936,-0.141203,0.010947
6021.360838,0.180340,-0.172521,0.023988
6021.370484,0.196547,-0.099520,0.001886
6021.379630,0.151208,0.056106,-0.037540
6021.388780,0.065082,0.269985,-0.099955
6021.397926,0.003527,0.460659,-0.176316
6021.407065,0.001097,0.535799,-0.234974
6021.416211,0.031891,0.485745,-0.255705
6021.426229,0.046447,0.391947,-0.253488
6021.435375,0.031801,0.332237,-0.248057
6021.453484,0.016656,0.154492,-0.216505
6021.471470,0.104338,-0.237408,-0.166220
6021.489364,0.165152,-0.348223,-0.170988
6021.498509,0.173785,-0.305603,-0.178571
6021.507655,0.158351,-0.249694,-0.195691
6021.516794,0.115073,-0.246261,-0.214511
6021.525940,0.049694,-0.296401,-0.219696
6021.535871,-0.024309,-0.327019,-0.219186
6021.545017,-0.109040,-0.312635,-0.228604
6021.562515,-0.317251,-0.291285,-0.250809
6021.572577,-0.351081,-0.254845,-0.258229
6021.581723,-0.286720,-0.176744,-0.262798
6021.599471,-0.052675,-0.107988,-0.259372
6021.617442,0.023103,-0.083242,-0.229146
6021.627265,0.024974,-0.067210,-0.203379
6021.636411,0.056158,-0.127953,-0.185059
6021.645689,0.119046,-0.233772,-0.173372
6021.654835,0.185469,-0.316396,-0.157239
6021.672941,0.234722,-0.419301,-0.074773
6021.690952,0.312719,-0.579702,-0.030644
6021.700476,0.371859,-0.647716,-0.014662
6021.709622,0.408756,-0.699799,0.020063
6021.727115,0.314813,-0.830202,0.047708
6021.736518,0.221787,-0.808591,0.028788
6021.745664,0.166546,-0.666323,-0.001026
6021.755022,0.166950,-0.462958,-0.024580
6021.764168,0.192439,-0.292311,-0.028940
6021.782283,0.190162,-0.134764,0.017638
6021.800271,0.109202,-0.098076,0.058686
6021.809434,0.090851,-0.093189,0.065748
6021.818580,0.095732,-0.104155,0.064683
6021.828237,0.113074,-0.127392,0.048394
6021.837383,0.130837,-0.132491,0.011842
6021.846769,0.117221,-0.093841,-0.033397
6021.855915,0.052569,-0.040646,-0.075153
6021.873421,-0.070996,-0.140072,-0.138635
6021.882566,-0.055404,-0.275647,-0.184313
6021.891712,-0.014331,-0.417263,-0.229976
6021.900855,0.003364,-0.560037,-0.260240
6021.910001,-0.024189,-0.677193,-0.274181
6021.919931,-0.051855,-0.737039,-0.284056
6021.929077,-0.017856,-0.747946,-0.285186
6021.938229,0.079943,-0.750024,-0.262960
6021.947375,0.172567,-0.767846,-0.225208
6021.956429,0.208194,-0.794322,-0.188412
6021.965575,0.186966,-0.788071,-0.160124
6021.983153,0.066800,-0.619730,-0.103975
6021.992612,-0.004086,-0.552681,-0.080991
6022.001758,-0.081964,-0.538141,-0.070370
6022.019798,-0.114491,-0.450548,-0.083095
6022.029530,-0.057816,-0.354049,-0.068982
6022.038676,-0.010617,-0.226776,-0.009190
6022.056311,0.100297,0.263551,0.184352
6022.065814,0.245204,0.563032,0.266743
6022.074960,0.404995,0.760074,0.336113
6022.092903,0.474169,0.559961,0.453855
6022.102704,0.416522,0.112841,0.493288
6022.111850,0.339192,-0.468272,0.548447
6022.129642,0.099488,-1.190323,0.711740
6022.147750,0.063594,-0.656836,0.676245
6022.156895,0.156298,-0.197415,0.642495
6022.166041,0.226007,0.126680,0.609157
6022.175181,0.220768,0.231187,0.567867
6022.184327,0.160970,0.173503,0.528544
6022.193852,0.103563,0.050033,0.492325
6022.202998,0.064810,-0.089394,0.435012
6022.220902,-0.038753,-0.299054,0.288983
6022.230055,-0.110966,-0.329861,0.262357
6022.239201,-0.202787,-0.269250,0.242991
6022.248785,-0.324841,-0.092971,0.216473
6022.257930,-0.460334,0.157644,0.192677
6022.267374,-0.570698,0.405990,0.185367
6022.276520,-0.618557,0.583984,0.207037
6022.294653,-0.634314,0.563638,0.263930
6022.312350,-0.817737,0.272912,0.223992
6022.322077,-0.932634,0.106831,0.210799
6022.331223,-1.013891,-0.032261,0.212560
6022.340660,-1.047838,-0.140791,0.213871
6022.349806,-1.036465,-0.257902,0.195126
6022.367213,-0.967403,-0.380399,0.087838
6022.376356,-0.967786,-0.285631,0.046648
6022.385502,-0.975603,-0.172547,0.012345
6022.394645,-0.957913,-0.075262,-0.023014
6022.403791,-0.927186,0.056272,-0.044635
6022.413337,-0.905164,0.241478,-0.057411
6022.422483,-0.845473,0.391401,-0.072226
6022.431911,-0.721418,0.389117,-0.086627
6022.441057,-0.593550,0.283204,-0.106933
6022.459077,-0.427195,0.229881,-0.112585
6022.476944,-0.291005,0.260928,-0.070765
6022.486305,-0.237573,0.271988,-0.073367
6022.495451,-0.159740,0.231873,-0.081336
6022.513523,0.043836,0.026437,-0.065281
6022.523051,0.098226,-0.056244,-0.053840
6022.532197,0.134065,-0.131534,-0.025926
6022.541512,0.199684,-0.204141,0.027846
6022.550658,0.300282,-0.251018,0.090686
6022.559715,0.417862,-0.288111,0.153378
6022.568861,0.539141,-0.358116,0.214078
6022.586789,0.714103,-0.489853,0.319014
6022.596344,0.753625,-0.421359,0.341741
6022.605490,0.794742,-0.275003,0.344703
6022.623275,0.845353,-0.078595,0.356511
6022.632399,0.793169,-0.016550,0.355917
6022.641545,0.727235,0.118308,0.315593
6022.650806,0.708484,0.352823,0.222123
6022.659952,0.733792,0.676256,0.108669
6022.668981,0.747631,0.991319,0.021288
6022.678128,0.705390,1.175973,-0.050328
6022.687264,0.635913,1.169031,-0.149194
6022.696410,0.597896,0.939998,-0.296324
6022.705802,0.562704,0.612133,-0.460031
6022.714948,0.368694,0.464658,-0.575900
6022.732991,-0.705111,0.446646,-0.398762
6022.742509,-1.154922,0.100771,-0.233401
6022.751655,-1.263070,-0.321827,-0.158747
6022.769761,-0.966639,-1.071173,-0.047036
6022.779427,-0.828020,-1.332170,0.058272
6022.788573,-0.616277,-1.273863,0.140907
6022.806142,0.062638,-0.559445,0.147805
6022.815286,0.338429,-0.356727,0.124840
6022.824432,0.525115,-0.264090,0.072651
6022.833930,0.657112,-0.142694,-0.032835
6022.843076,0.743294,0.023597,-0.152889
6022.861004,0.664403,0.166423,-0.268777
6022.870145,0.457698,0.049169,-0.244577
6022.879291,0.204869,-0.151846,-0.160336
6022.888551,0.023762,-0.366977,-0.025362
6022.897697,-0.027982,-0.554882,0.130254
6022.906729,0.015198,-0.695166,0.270965
6022.915875,0.079104,-0.774920,0.348417
6022.925017,0.109167,-0.804014,0.361660
6022.934163,0.100728,-0.819891,0.359500
6022.943301,0.088526,-0.844264,0.363344
6022.952447,0.088874,-0.833413,0.346703
6022.962415,0.097163,-0.756965,0.297446
6022.971561,0.116572,-0.678125,0.238699
6022.989025,0.212008,-0.723692,0.144634
6022.998168,0.270125,-0.793398,0.094573
6023.007314,0.310068,-0.864368,0.043388
6023.017055,0.321803,-0.924327,0.006295
6023.026201,0.305249,-0.951314,-0.013416
6023.044223,0.238915,-0.929648,-0.032394
6023.062191,0.204692,-0.864239,-0.079074
6023.071343,0.199144,-0.829085,-0.104237
6023.080489,0.204596,-0.819527,-0.132671
6023.089609,0.217532,-0.825862,-0.170378
6023.098755,0.215937,-0.844423,-0.209093
6023.108594,0.199535,-0.877553,-0.235813
6023.117740,0.192563,-0.909354,-0.249592
6023.135334,0.204135,-0.915642,-0.280218
6023.144673,0.186336,-0.910938,-0.299109
6023.153819,0.148948,-0.901340,-0.309754
6023.171909,0.057652,-0.901426,-0.295398
6023.181051,0.034551,-0.906331,-0.292933
6023.190197,0.044481,-0.900293,-0.303641
6023.199352,0.076551,-0.893092,-0.328566
6023.208498,0.103969,-0.892061,-0.362849
6023.217629,0.108460,-0.888682,-0.403008
6023.226775,0.081177,-0.870668,-0.432647
6023.235917,0.022985,-0.847649,-0.435142
6023.245063,-0.038204,-0.848817,-0.410222
6023.254206,-0.073045,-0.880279,-0.368497
6023.263352,-0.074017,-0.903107,-0.322226
6023.272497,-0.059223,-0.896656,-0.276323
6023.281643,-0.056388,-0.885413,-0.238706
6023.290785,-0.081078,-0.888977,-0.218557
6023.299931,-0.107941,-0.909690,-0.210005
6023.309318,-0.097361,-0.957079,-0.192971
6023.318464,-0.050602,-1.033565,-0.165068
6023.336512,-0.014894,-1.194111,-0.129104
6023.345652,-0.052201,-1.207693,-0.143025
6023.354798,-0.079540,-1.166508,-0.170568
6023.363938,-0.071652,-1.087489,-0.200979
6023.373084,-0.044288,-0.959710,-0.235527
6023.382225,-0.014585,-0.777061,-0.267165
6023.391371,0.019426,-0.622248,-0.272543
6023.400521,0.052412,-0.587730,-0.226999
6023.409667,0.081182,-0.657824,-0.151941
6023.419235,0.125063,-0.734165,-0.102798
6023.428381,0.208509,-0.761931,-0.089686
6023.437476,0.350076,-0.718863,-0.072789
6023.446622,0.526574,-0.556219,-0.046713
6023.455742,0.654814,-0.267035,-0.036131
6023.464888,0.669337,0.001090,-0.040398
6023.482816,0.548605,-0.143958,-0.007810
6023.491971,0.433957,-0.473002,0.028041
6023.501117,0.240372,-0.804620,0.067633
6023.510617,0.059945,-1.082531,0.114842
6023.519763,-0.032134,-1.271233,0.170280
6023.537685,-0.117589,-1.225737,0.251348
6023.546828,-0.161416,-1.008873,0.253690
6023.555974,-0.163658,-0.723796,0.238649
6023.565944,-0.092811,-0.402111,0.208874
6023.575090,0.028009,-0.096242,0.168555
6023.592656,0.212795,0.262269,0.142832
6023.602054,0.232139,0.339100,0.144274
6023.611200,0.221342,0.350004,0.138275
6023.629126,0.115750,0.142239,0.087785
6023.638306,0.064529,-0.066558,0.047806
6023.647453,0.049420,-0.338551,0.022626
6023.657277,0.059664,-0.605575,0.003233
6023.666423,0.053146,-0.760601,-0.029198
6023.683991,-0.136751,-0.520317,-0.118823
6023.693484,-0.263874,-0.278174,-0.136642
6023.702630,-0.330666,-0.118658,-0.137135
6023.720573,-0.269421,0.078679,-0.169010
6023.729721,-0.220926,0.190491,-0.227017
6023.738867,-0.187975,0.281478,-0.295369
6023.748198,-0.182012,0.361543,-0.349381
6023.757344,-0.211608,0.427038,-0.385455
6023.775434,-0.320092,0.393677,-0.417871
6023.785549,-0.351847,0.324225,-0.406393
6023.794695,-0.373158,0.254953,-0.372525
6023.812068,-0.431113,0.103234,-0.268035
6023.821568,-0.438979,0.040049,-0.238985
6023.830714,-0.423491,-0.030500,-0.224058
6023.848592,-0.415376,-0.242386,-0.201605
6023.857727,-0.418802,-0.298519,-0.210396
6023.866873,-0.380893,-0.288793,-0.224745
6023.876029,-0.312735,-0.241202,-0.236054
6023.885175,-0.273397,-0.188895,-0.261509
6023.894311,-0.273765,-0.158715,-0.301963
6023.903457,-0.257338,-0.173524,-0.332502
6023.912597,-0.203693,-0.217370,-0.343916
6023.921743,-0.164785,-0.252657,-0.347138
6023.930970,-0.180632,-0.259976,-0.343481
6023.940116,-0.220870,-0.259991,-0.333955
6023.949172,-0.239290,-0.279452,-0.323076
6023.958318,-0.229850,-0.319556,-0.309663
6023.968274,-0.198596,-0.360825,-0.295104
6023.977420,-0.144318,-0.392290,-0.279527
6023.994897,0.003787,-0.392828,-0.226755
6024.004153,0.066453,-0.401088,-0.206743
6024.013299,0.111027,-0.442321,-0.191033
6024.022798,0.137431,-0.494569,-0.176339
6024.031944,0.152938,-0.540754,-0.162869
6024.049763,0.189320,-0.579668,-0.161325
6024.058911,0.217546,-0.557783,-0.176972
6024.068057,0.248143,-0.513942,-0.190515
6024.077772,0.287184,-0.472503,-0.201689
6024.086918,0.341977,-0.455397,-0.211441
6024.104994,0.432915,-0.533180,-0.207213
6024.122918,0.476928,-0.640030,-0.163621
6024.132057,0.477627,-0.691035,-0.138267
6024.141203,0.449026,-0.716450,-0.104884
6024.150343,0.396201,-0.699278,-0.074292
6024.159489,0.338711,-0.634656,-0.053669
6024.168638,0.304315,-0.528569,-0.035928
6024.177784,0.306413,-0.411473,-0.023110
6024.186924,0.341600,-0.312698,-0.025492
6024.196070,0.392842,-0.240793,-0.040580
6024.205741,0.435647,-0.196952,-0.057688
6024.214887,0.449265,-0.182393,-0.070861
6024.232645,0.413114,-0.275160,-0.080343
6024.241788,0.398579,-0.378776,-0.079130
6024.250934,0.386293,-0.475016,-0.069748
6024.260081,0.369001,-0.560248,-0.053403
6024.269227,0.340594,-0.664934,-0.027374
6024.278655,0.297569,-0.733073,0.000629
6024.287801,0.243816,-0.655071,0.016373
6024.297084,0.181670,-0.461356,0.024918
6024.306230,0.118463,-0.279881,0.026526
6024.324091,0.066484,0.100544,-0.105106
6024.333441,0.055729,0.227195,-0.287022
6024.342587,-0.012117,0.275358,-0.521007
6024.360667,-0.876203,0.021835,-0.616515
6024.369810,-1.603083,-0.893524,-0.416927
6024.378956,-2.039433,-1.973388,-0.126439
6024.388098,-1.892206,-2.545948,0.208907
6024.397244,-1.211846,-2.545273,0.449261
6024.407425,-0.251213,-2.286913,0.511472
6024.416571,0.738291,-2.019476,0.470882
6024.433822,2.017505,-1.572641,0.209370
6024.442978,2.024782,-1.374002,0.033672
6024.452124,1.657433,-1.229430,-0.095766
6024.462010,1.153780,-1.071185,-0.148382
6024.471156,0.719724,-0.885324,-0.108266
6024.488685,0.203097,-0.915291,0.111445
6024.498810,0.129606,-1.224316,0.208324
6024.507956,0.187883,-1.572312,0.271149
6024.525646,0.440846,-2.016772,0.252071
6024.543565,0.596247,-2.122099,0.134962
6024.552706,0.585823,-2.034957,0.052591
6024.561852,0.557012,-1.892955,-0.022107
6024.570985,0.535050,-1.727641,-0.077031
6024.580131,0.497185,-1.544037,-0.126229
6024.589709,0.432604,-1.364136,-0.174148
6024.598855,0.374917,-1.248674,-0.202472
6024.616711,0.351425,-1.297318,-0.180632
6024.625851,0.343831,-1.344751,-0.164738
6024.634997,0.312039,-1.360575,-0.152692
6024.645004,0.264394,-1.350814,-0.137363
6024.654150,0.214168,-1.326384,-0.115118
6024.671823,0.151182,-1.294457,-0.063437
6024.681210,0.160603,-1.252912,-0.050954
6024.690356,0.175192,-1.165156,-0.054346
6024.708151,0.143846,-0.986565,-0.124736
6024.717293,0.113611,-0.910296,-0.188065
6024.726439,0.094344,-0.825492,-0.253873
6024.736480,0.099143,-0.744228,-0.310257
6024.745626,0.107406,-0.661678,-0.358404
6024.763021,0.024397,-0.358663,-0.398249
6024.772490,-0.056285,-0.225801,-0.372454
6024.781636,-0.110697,-0.218256,-0.324053
6024.799594,-0.099368,-0.320322,-0.283984
6024.808737,-0.092799,-0.325352,-0.307535
6024.817883,-0.104947,-0.369240,-0.305829
6024.827601,-0.125091,-0.457991,-0.269382
6024.836747,-0.137017,-0.544195,-0.220005
6024.854845,-0.198956,-0.616601,-0.101074
6024.872747,-0.237324,-0.719189,0.051181
6024.881891,-0.159857,-0.861135,0.119875
6024.891037,-0.171095,-1.002404,0.138025
6024.900176,-0.314764,-1.040711,0.105742
6024.909322,-0.434243,-0.965617,0.074473
6024.918467,-0.385055,-0.833725,0.097637
6024.927613,-0.210491,-0.648503,0.214298
6024.936755,-0.017547,-0.394251,0.435127
6024.945901,0.162505,-0.105650,0.690983
6024.955462,0.364839,0.166599,0.869117
6024.964608,0.616409,0.382252,0.958129
6024.982476,1.037919,0.985322,1.148532
6024.991623,1.084944,1.431916,1.209404
6025.000769,1.047450,1.573153,1.200798
6025.009922,0.912234,1.166871,1.178589
6025.019068,0.629633,0.396944,1.134891
6025.028200,0.271825,-0.313027,0.975061
6025.037346,0.039960,-0.739551,0.705553
6025.046857,0.018589,-1.002151,0.460852
6025.056003,0.048569,-1.244468,0.311365
6025.065152,-0.063661,-1.411031,0.229748
6025.074298,-0.343205,-1.388691,0.195889
6025.092219,-0.933959,-0.607211,0.231916
6025.101995,-1.022442,0.110312,0.212134
6025.111141,-0.951681,0.808561,0.178068
6025.128787,-0.797468,1.496508,0.213542
6025.137944,-0.830575,1.488028,0.230227
6025.147090,-0.876019,1.341486,0.202503
6025.156216,-0.884305,1.156990,0.139739
6025.165362,-0.856329,1.020138,0.082253
6025.174505,-0.811983,0.945672,0.052332
6025.183651,-0.777748,0.890819,0.041086
6025.192794,-0.767952,0.827444,0.038248
6025.201940,-0.755780,0.761652,0.037791
6025.211082,-0.708226,0.712928,0.027626
6025.220228,-0.638464,0.698245,-0.000672
6025.229374,-0.584176,0.687085,-0.043132
6025.238520,-0.561376,0.646597,-0.087549
6025.247662,-0.545243,0.602641,-0.103600
6025.256808,-0.500850,0.589494,-0.079952
6025.266477,-0.428756,0.593533,-0.047123
6025.275623,-0.363293,0.608308,-0.045074
6025.293386,-0.310477,0.584639,-0.132218
6025.302535,-0.295094,0.489346,-0.168916
6025.311681,-0.263172,0.373522,-0.184182
6025.320814,-0.192876,0.257927,-0.178298
6025.329960,-0.081755,0.144996,-0.152478
6025.339469,0.026756,0.061365,-0.118729
6025.348615,0.100370,0.036058,-0.099725
6025.366536,0.207241,0.134946,-0.106983
6025.375681,0.287382,0.175300,-0.111157
6025.384827,0.373593,0.201043,-0.115177
6025.394849,0.442864,0.247451,-0.121755
6025.403995,0.502571,0.330349,-0.135806
6025.421696,0.509616,0.542065,-0.186603
6025.430921,0.381773,0.535862,-0.165019
6025.440067,0.217649,0.394692,-0.088731
6025.457984,0.159389,0.043230,0.034552
6025.467123,0.250979,0.073682,0.005693
6025.476269,0.293374,0.220831,-0.051523
6025.485421,0.255250,0.332625,-0.086926
6025.494567,0.194542,0.309364,-0.084170
6025.504090,0.172060,0.165744,-0.050632
6025.513236,0.201268,0.037012,0.005039
6025.531137,0.312801,0.296419,0.117452
6025.540647,0.344382,0.571866,0.109525
6025.549793,0.309798,0.858767,0.017852
6025.559414,0.154456,1.127765,-0.157114
6025.568560,-0.137506,1.270810,-0.351583
6025.586011,-1.102371,0.880222,-0.497217
6025.595143,-1.623245,0.252945,-0.464162
6025.604289,-1.948962,-0.529442,-0.362519
6025.613433,-1.968425,-1.152147,-0.174883
6025.622579,-1.663511,-1.438824,0.041249
6025.632093,-1.167217,-1.374466,0.206956
6025.641239,-0.723936,-1.008543,0.291480
6025.659158,-0.086544,-0.197852,0.309168
6025.669196,0.382027,-0.023131,0.235376
6025.678342,0.857763,0.121584,0.053375
6025.696461,1.127186,0.560784,-0.474829
6025.714275,0.578321,0.777533,-0.684916
6025.732310,0.149562,0.226437,-0.249467
6025.741911,0.189306,-0.159257,0.001403
6025.751057,0.353289,-0.419756,0.169175
6025.760119,0.569195,-0.567554,0.231736
6025.769265,0.759043,-0.683123,0.206686
6025.787175,0.903292,-0.916752,0.046235
6025.796344,0.829972,-1.017461,-0.040936
6025.805490,0.656526,-1.071857,-0.098925
6025.814954,0.453199,-1.073659,-0.122057
6025.824100,0.311140,-1.044668,-0.117359
6025.842167,0.273390,-0.940714,-0.055938
6025.851183,0.305852,-0.851593,-0.044047
6025.860329,0.341162,-0.739455,-0.052480
6025.869470,0.363248,-0.616418,-0.066907
6025.878616,0.349014,-0.505667,-0.084654
6025.887767,0.288684,-0.429133,-0.101911
6025.896913,0.207792,-0.411153,-0.120816
6025.906558,0.154841,-0.441871,-0.140406
6025.915704,0.161234,-0.449278,-0.155671
6025.933485,0.281338,-0.294273,-0.158879
6025.942971,0.300637,-0.238141,-0.154842
6025.952117,0.269828,-0.233170,-0.132417
6025.970060,0.178825,-0.262192,-0.074082
6025.979417,0.147256,-0.267123,-0.072778
6025.988563,0.118415,-0.270930,-0.085648
6026.006640,0.097957,-0.284839,-0.150330
6026.016129,0.114434,-0.300883,-0.183215
6026.025275,0.126082,-0.307196,-0.217380
6026.035063,0.125690,-0.284320,-0.256570
6026.044209,0.118978,-0.245530,-0.284131
6026.061881,0.089859,-0.245590,-0.284067
6026.071113,0.069293,-0.285864,-0.285923
6026.080259,0.035662,-0.350630,-0.300448
6026.089305,-0.005275,-0.409311,-0.313847
6026.098451,-0.028099,-0.417963,-0.324316
6026.116375,-0.029828,-0.291470,-0.359966
6026.125510,-0.044014,-0.173425,-0.380156
6026.134656,-0.068155,-0.056533,-0.388514
6026.143802,-0.090260,0.008094,-0.377405
6026.152948,-0.094578,0.015624,-0.345629
6026.162090,-0.079628,-0.001129,-0.306540
6026.171236,-0.065688,-0.030138,-0.276747
6026.180380,-0.069793,-0.078733,-0.253770
6026.189526,-0.097048,-0.135873,-0.225926
6026.198670,-0.148548,-0.173571,-0.199430
6026.207815,-0.200892,-0.182150,-0.190961
6026.216959,-0.223849,-0.157857,-0.195907
6026.226105,-0.215273,-0.085973,-0.201463
6026.235243,-0.194574,0.032245,-0.207575
6026.244389,-0.161976,0.182248,-0.203456
6026.253534,-0.082658,0.319143,-0.170977
6026.262680,0.029367,0.347670,-0.133795
6026.271818,0.083813,0.241817,-0.124449
6026.280964,0.068418,0.172609,-0.083516
6026.290155,0.100424,0.270006,0.063948
6026.299301,0.202365,0.340073,0.289433
6026.308430,0.251051,0.177242,0.514149
6026.317576,0.242156,-0.005423,0.708543
6026.326718,0.319262,0.163892,0.844473
6026.335864,0.516813,0.696066,0.899323
6026.344971,0.727147,1.345030,0.920962
6026.354117,0.888677,1.979364,0.955852
6026.363261,0.994895,2.519588,0.969519
6026.372407,1.001556,2.765551,0.936028
6026.381556,0.870035,2.550572,0.906912
6026.390702,0.619534,1.970216,0.947103
6026.399868,0.315011,1.330253,1.018764
6026.409014,0.039823,0.901901,1.018345
6026.418502,-0.124497,0.714489,0.933539
6026.427648,-0.176038,0.650401,0.848263
6026.436765,-0.178696,0.629350,0.802499
6026.445911,-0.179032,0.630274,0.761200
6026.463853,-0.169549,0.742881,0.654901
6026.473485,-0.200286,0.932642,0.612695
6026.482631,-0.291812,1.235648,0.574049
6026.500434,-0.539028,1.999895,0.486836
6026.509573,-0.588131,2.264008,0.450900
6026.518719,-0.599679,2.335683,0.421795
6026.528665,-0.629592,2.255056,0.403904
6026.537811,-0.679134,2.140343,0.397061
6026.555310,-0.678029,2.066049,0.403803
6026.564510,-0.628239,2.084414,0.401127
6026.573656,-0.578456,2.130808,0.398130
6026.582732,-0.537244,2.195489,0.398483
6026.591878,-0.491149,2.234580,0.397938
6026.601028,-0.447497,2.235897,0.399007
6026.610174,-0.431818,2.207933,0.404011
6026.619672,-0.442645,2.131111,0.401371
6026.628818,-0.439639,2.005410,0.376843
6026.646741,-0.354691,1.767551,0.323923
6026.655880,-0.326566,1.685891,0.315354
6026.665026,-0.337369,1.613935,0.311479
6026.674496,-0.370009,1.535841,0.307722
6026.683642,-0.374696,1.466318,0.301446
6026.693387,-0.321150,1.413974,0.294848
6026.702533,-0.255499,1.371413,0.289291
6026.719892,-0.270741,1.355363,0.264733
6026.729103,-0.246256,1.379711,0.253785
6026.738249,-0.152754,1.356723,0.250305
6026.747699,-0.063894,1.287348,0.237925
6026.756845,-0.032825,1.240859,0.204176
6026.774757,-0.066397,1.201256,0.129198
6026.784130,-0.086526,1.112093,0.107844
6026.793276,-0.093373,1.080251,0.088167
6026.802437,-0.091926,1.155727,0.075506
6026.811583,-0.073791,1.215495,0.077145
6026.829722,0.067214,1.085714,0.124326
6026.839530,0.148202,1.084763,0.138318
6026.848676,0.216075,1.171443,0.139542
6026.866199,0.330481,1.355559,0.118319
6026.875344,0.351213,1.437209,0.111445
6026.884490,0.321995,1.541979,0.113854
6026.893632,0.251335,1.608953,0.126221
6026.902778,0.185052,1.565206,0.163435
6026.912862,0.166819,1.432764,0.225149
6026.922008,0.200609,1.288292,0.293966
6026.939356,0.359270,1.123392,0.367463
6026.948498,0.428716,1.168523,0.352641
6026.957644,0.467270,1.319388,0.304829
6026.966786,0.477073,1.504189,0.238997
6026.975932,0.443052,1.565876,0.182921
6026.985075,0.338211,1.514243,0.150706
6026.994221,0.190707,1.627907,0.067151
6027.003646,0.135935,1.935334,-0.217006
6027.012792,0.245689,2.069813,-0.703640
6027.030802,-0.302486,1.027558,-0.918254
6027.039940,-1.056911,-0.151995,-0.329830
6027.049086,-1.337756,-1.196269,0.292595
6027.058231,-0.926336,-1.447707,0.634324
6027.067377,-0.210945,-0.853877,0.640157
6027.077448,0.456013,0.151691,0.460907
6027.086594,1.021642,1.058560,0.313675
6027.104327,1.766382,1.554478,0.082258
6027.122243,1.278353,1.220906,-0.409539
6027.131384,0.760965,1.063239,-0.493916
6027.140530,0.287543,0.942936,-0.478539
6027.149671,-0.041901,0.930294,-0.447006
6027.158817,-0.145830,1.037584,-0.411432
6027.167958,-0.001542,1.150424,-0.352866
6027.177104,0.286052,1.197707,-0.299763
6027.186249,0.557568,1.222719,-0.288841
6027.195395,0.738290,1.243822,-0.287116
6027.204534,0.845706,1.193052,-0.259637
6027.213680,0.903075,1.044795,-0.215602
6027.222825,0.915632,0.883017,-0.174855
6027.231971,0.882045,0.780867,-0.133508
6027.241137,0.800930,0.723778,-0.083132
6027.250283,0.662591,0.665420,-0.023181
6027.260093,0.473574,0.597117,0.024017
6027.269239,0.294634,0.544550,0.053318
6027.286841,0.174101,0.624870,0.071540
6027.296967,0.210952,0.728371,0.047866
6027.306113,0.272327,0.790404,0.012814
6027.323820,0.305464,0.733884,-0.060936
6027.341706,0.295556,0.519465,-0.046673
6027.350846,0.301879,0.319955,0.002775
6027.359992,0.275353,0.081414,0.057459
6027.369138,0.209993,-0.114553,0.111742
6027.378284,0.113235,-0.192434,0.156489
6027.387423,-0.011103,-0.154717,0.183463
6027.396569,-0.142532,-0.067116,0.200446
6027.405956,-0.243727,0.010830,0.222192
6027.415102,-0.301110,0.049828,0.238389
6027.433146,-0.443511,0.042376,0.260018
6027.443230,-0.548376,0.032589,0.285132
6027.452376,-0.624301,0.035106,0.318300
6027.470104,-0.646744,0.159557,0.344064
6027.479254,-0.698946,0.295939,0.342623
6027.488400,-0.769718,0.412912,0.359139
6027.506314,-0.457417,0.499091,0.390510
6027.516384,-0.035255,0.476413,0.335584
6027.525530,0.390133,0.348676,0.245277
6027.543335,0.663560,-0.203328,0.179011
6027.561170,0.341606,-0.458114,0.091777
6027.570597,0.216759,-0.419010,-0.028728
6027.579743,0.181927,-0.367208,-0.103565
6027.597769,0.096657,-0.299029,-0.088820
6027.607249,-0.002732,-0.244023,-0.037323
6027.616395,-0.047632,-0.158405,0.018425
6027.625464,-0.040168,-0.042281,0.064274
6027.634610,-0.024998,0.071278,0.090080
6027.643652,-0.025357,0.106736,0.106192
6027.652798,-0.031603,0.020265,0.116629
6027.662623,-0.021785,-0.141821,0.114916
6027.671769,0.023567,-0.295422,0.096513
6027.689186,0.173952,-0.410046,0.044405
6027.698326,0.207182,-0.393076,0.021725
6027.707472,0.172317,-0.365228,0.006147
6027.716755,0.088644,-0.330074,0.003569
6027.725901,0.012097,-0.285107,0.007942
6027.734907,-0.008591,-0.230293,0.009721
6027.744053,0.018111,-0.164440,0.007733
6027.753197,0.050827,-0.091245,0.008007
6027.762343,0.068787,-0.028981,0.017876
6027.771494,0.066001,0.005253,0.034008
6027.780640,0.036630,0.013807,0.045771
6027.790140,-0.004693,0.002780,0.049526
6027.799286,-0.024151,-0.014304,0.052122
6027.817206,0.046127,-0.053123,0.057131
6027.826369,0.071709,-0.070166,0.052551
6027.835515,0.061016,-0.072701,0.041985
6027.844983,0.042988,-0.056954,0.033587
6027.854129,0.045461,-0.041123,0.031042
6027.872070,0.062604,-0.067949,0.024232
6027.881215,0.054165,-0.086263,0.022100
6027.890361,0.045599,-0.092349,0.025727
6027.900430,0.032153,-0.092342,0.030475
6027.909576,0.012641,-0.098442,0.035306
6027.926938,0.006709,-0.133837,0.029823
6027.936081,0.020108,-0.147232,0.027587
6027.945227,0.027365,-0.160613,0.028904
6027.955161,0.034745,-0.160632,0.024169
6027.964307,0.048288,-0.144829,0.014522
6027.982106,0.082351,-0.107015,0.009298
6027.991317,0.089576,-0.089922,0.011447
6028.000463,0.077469,-0.092393,0.010322
6028.018377,0.034984,-0.107095,0.011761
6028.027522,0.044715,-0.107083,0.010560
6028.036668,0.075197,-0.110727,0.003458
6028.046178,0.099662,-0.107089,-0.006075
6028.055324,0.102285,-0.086433,-0.015754
6028.064915,0.085417,-0.057262,-0.021948
6028.074061,0.063572,-0.026840,-0.022247
6028.091533,0.053683,0.003664,-0.014315
6028.100760,0.047515,0.012216,-0.009681
6028.109906,0.036422,0.001284,-0.001274
6028.118965,0.037493,-0.030348,0.006162
6028.128111,0.047203,-0.051045,0.006377
6028.137256,0.052230,-0.041345,-0.002002
6028.146402,0.054876,-0.017042,-0.012902
6028.155543,0.069555,0.007319,-0.019110
6028.164689,0.085349,0.023185,-0.020505
6028.174379,0.084133,0.035370,-0.020641
6028.183525,0.054961,0.048732,-0.018371
6028.201288,0.005961,0.021981,0.004455
6028.210407,0.026417,-0.003510,0.012959
6028.219553,0.057989,-0.014422,0.011835
6028.228695,0.071361,-0.018058,0.010668
6028.237841,0.061631,-0.021726,0.011910
6028.246985,0.059203,-0.016856,0.011860
6028.256131,0.068980,0.000199,0.008105
6028.266013,0.077670,0.017211,-0.001545
6028.275159,0.082723,0.017154,-0.010993
6028.292710,0.077553,-0.019307,0.004770
6028.302115,0.072377,-0.032613,0.020269
6028.311261,0.064950,-0.045983,0.027516
6028.320915,0.057675,-0.065497,0.027754
6028.330061,0.057680,-0.088651,0.028018
6028.348060,0.068649,-0.086208,0.025607
6028.365866,0.055470,-0.048515,0.016948
6028.375005,0.045938,-0.043719,0.008656
6028.384151,0.045987,-0.040080,0.006255
6028.393558,0.050740,-0.037599,0.010935
6028.402704,0.044597,-0.029056,0.014390
6028.420730,0.022855,-0.018166,0.009595
6028.429885,0.023919,-0.022988,0.016725
6028.439031,0.023795,-0.026602,0.022665
6028.448164,0.025008,-0.027819,0.022677
6028.457310,0.023896,-0.029073,0.017974
6028.466454,0.019068,-0.030310,0.016819
6028.475600,0.019043,-0.032739,0.018027
6028.484736,0.022710,-0.040052,0.016923
6028.493882,0.025188,-0.048594,0.014655
6028.503508,0.026403,-0.053466,0.014708
6028.512654,0.027643,-0.059566,0.013595
6028.521733,0.027644,-0.066877,0.013678
6028.530879,0.022716,-0.068081,0.017242
6028.548751,0.022792,-0.068106,0.013703
6028.557899,0.029007,-0.063269,0.006556
6028.567045,0.035197,-0.053549,0.000533
6028.576180,0.037723,-0.049922,-0.004232
6028.585326,0.030519,-0.052399,-0.007727
6028.595381,0.019648,-0.048782,-0.010105
6028.604527,0.015909,-0.052412,-0.005336
6028.621903,0.028836,-0.079053,0.014994
6028.631471,0.025044,-0.075354,0.022039
6028.640617,0.014000,-0.075335,0.027961
6028.650257,0.007885,-0.081424,0.030403
6028.659403,0.009148,-0.081438,0.028041
6028.677022,0.015212,-0.070458,0.027902
6028.695054,0.028659,-0.074120,0.023196
6028.704199,0.031209,-0.066845,0.017210
6028.713345,0.023901,-0.053446,0.018252
6028.722487,0.012879,-0.043686,0.022884
6028.731633,0.004310,-0.037585,0.026372
6028.741138,0.001833,-0.036355,0.028723
6028.750284,0.001758,-0.037548,0.032276
6028.759432,-0.003196,-0.032650,0.036950
6028.768578,-0.007038,-0.026497,0.046326
6028.778356,-0.005900,-0.025251,0.049848
6028.787502,-0.004636,-0.027702,0.047514
6028.804916,0.011260,-0.017963,0.041470
6028.814082,0.019728,-0.020375,0.042658
6028.823228,0.012372,-0.017927,0.046186
6028.841365,-0.010881,-0.010596,0.055591
6028.850511,-0.010958,-0.005696,0.059074
6028.859657,-0.011086,0.007751,0.064820
6028.868794,-0.008737,0.016311,0.068256
6028.877940,-0.005095,0.009007,0.068331
6028.887093,-0.002690,-0.008041,0.069700
6028.896239,0.003279,-0.021400,0.074558
6028.905816,0.009346,-0.026262,0.074600
6028.914962,0.009473,-0.031179,0.068757
6028.932809,0.002294,-0.032446,0.064069
6028.942328,0.003606,-0.026383,0.059278
6028.951474,0.014626,-0.028831,0.054563
6028.969391,0.024438,-0.052000,0.050087
6028.978530,0.014934,-0.061835,0.040782
6028.987676,0.017612,-0.064351,0.029007
6028.997001,0.032444,-0.051008,0.015847
6029.006147,0.049876,-0.031625,-0.005647
6029.015475,0.062579,-0.006201,-0.033098
6029.024621,0.066638,0.021693,-0.053479
6029.042540,0.043437,0.018040,-0.046309
6029.052509,0.031158,0.001005,-0.039010
6029.061655,0.027345,-0.011131,-0.030606
6029.070687,0.029447,-0.015892,-0.015220
6029.079833,0.034049,-0.013361,-0.003461
6029.088902,0.035162,-0.010888,0.001227
6029.098048,0.024166,-0.004792,0.004720
6029.116044,0.020323,0.007454,0.014027
6029.134096,0.039682,0.018478,0.016219
6029.143122,0.038667,0.030595,0.006645
6029.152268,0.043793,0.039044,-0.006439
6029.161412,0.053698,0.047528,-0.015995
6029.170558,0.055060,0.052355,-0.023131
6029.179702,0.050233,0.052336,-0.024300
6029.188848,0.047682,0.048717,-0.018355
6029.197989,0.047582,0.047532,-0.013622
6029.207135,0.051170,0.051212,-0.011313
6029.216277,0.051171,0.048775,-0.011285
6029.225423,0.046296,0.034149,-0.009928
6029.234566,0.042609,0.021972,-0.007422
6029.243712,0.044961,0.019565,-0.003860
6029.253091,0.050977,0.022031,-0.001542
6029.262237,0.053404,0.019599,-0.001520
6029.280297,0.050166,0.015801,-0.020344
6029.290139,0.050315,0.021845,-0.027492
6029.299285,0.053953,0.027945,-0.027569
6029.308447,0.057567,0.029180,-0.026412
6029.317593,0.058755,0.032847,-0.025276
6029.335490,0.048924,0.029213,-0.019315
6029.344710,0.053702,0.028029,-0.015773
6029.353856,0.052491,0.020715,-0.015687
6029.371734,0.037833,0.013406,-0.010853
6029.380873,0.032931,0.009757,-0.008441
6029.390019,0.031646,-0.007281,-0.004705
6029.399852,0.035289,-0.019461,-0.004574
6029.408998,0.041428,-0.009724,-0.008237
6029.426599,0.048679,0.006142,-0.007254
6029.435741,0.053560,-0.008480,-0.008278
6029.444887,0.059604,-0.019427,-0.006987
6029.454602,0.059430,-0.025462,0.001340
6029.463748,0.055593,-0.040027,0.010952
6029.481463,0.044479,-0.064355,0.020691
6029.490852,0.041876,-0.059427,0.028899
6029.499998,0.041699,-0.052057,0.037073
6029.518044,0.047789,-0.047178,0.035825
6029.527992,0.048927,-0.043495,0.039319
6029.537138,0.045137,-0.045889,0.046433
6029.554621,0.049619,-0.065253,0.064340
6029.563760,0.053085,-0.071280,0.072659
6029.572906,0.044493,-0.077357,0.077466
6029.582741,0.035853,-0.093167,0.084743
6029.591887,0.042915,-0.124762,0.095705
6029.609956,0.082892,-0.188025,0.099879
6029.627773,0.076894,-0.160033,0.096033
6029.636925,0.068400,-0.153958,0.095983
6029.646071,0.051441,-0.160094,0.094910
6029.655218,0.017646,-0.165097,0.086782
6029.664364,-0.008845,-0.167655,0.077431
6029.673743,-0.009958,-0.168910,0.072729
6029.682889,0.005964,-0.162834,0.065547
6029.692805,0.015841,-0.144593,0.057059
6029.701951,0.003831,-0.136129,0.051090
6029.719744,-0.095471,-0.179044,0.043538
6029.737503,-0.160877,-0.221863,0.039449
6029.746657,-0.175509,-0.232836,0.043145
6029.755803,-0.189005,-0.237688,0.050308
6029.765223,-0.189079,-0.242538,0.053902
6029.774369,-0.166029,-0.230304,0.053713
6029.783606,-0.136951,-0.164429,0.054079
6029.792752,-0.115160,-0.062009,0.054044
6029.810668,-0.091780,0.034195,0.036380
6029.819799,-0.089122,0.010970,0.026022
6029.828945,-0.072005,-0.018284,0.020420
6029.838206,-0.033127,-0.032846,0.018142
6029.847352,0.012904,-0.041257,0.021677
6029.856375,0.045443,-0.069144,0.032541
6029.865521,0.059664,-0.121399,0.049622
6029.874669,0.062988,-0.168811,0.065491
6029.883815,0.065316,-0.171210,0.070232
6029.892958,0.074940,-0.144355,0.073444
6029.902104,0.088083,-0.133293,0.082727
6029.912084,0.095240,-0.145423,0.088749
6029.921230,0.101460,-0.156428,0.081782
6029.930266,0.118746,-0.158931,0.067617
6029.939412,0.147049,-0.144384,0.048514
6029.956966,0.170744,-0.104338,0.017333
6029.966508,0.149012,-0.134882,0.013010
6029.975654,0.123589,-0.160543,0.010998
6029.984949,0.113931,-0.152049,0.008563
6029.994095,0.126134,-0.131332,0.004761
6030.012131,0.195173,-0.166490,0.010910
6030.021197,0.222887,-0.207800,0.020759
6030.030343,0.232422,-0.222346,0.029162
6030.039820,0.219936,-0.213723,0.045607
6030.048966,0.183060,-0.202671,0.067976
6030.066698,0.123038,-0.222099,0.095461
6030.075932,0.158031,-0.262176,0.105279
6030.085078,0.210080,-0.275433,0.111216
6030.094403,0.225866,-0.229100,0.109474
6030.103549,0.178577,-0.131721,0.106107
6030.112569,0.078913,-0.023414,0.112168
6030.121715,-0.022179,0.047187,0.129279
6030.139853,-0.068042,0.026704,0.175620
6030.148995,-0.047711,0.000036,0.190037
6030.158141,-0.022188,0.024445,0.187344
6030.167285,0.018258,0.099941,0.166340
6030.176431,0.057488,0.191278,0.145159
6030.194724,0.020536,0.265313,0.112543
6030.185578,0.063864,0.260645,0.129018
6030.203862,-0.055633,0.193173,0.101734
6030.213008,-0.133137,0.105229,0.097006
6030.222147,-0.181313,0.089170,0.080778
6030.231293,-0.195240,0.171792,0.049194
6030.240435,-0.183702,0.316618,0.016846
6030.249581,-0.151764,0.457904,-0.004889
6030.259435,-0.109166,0.531060,-0.012894
6030.268581,-0.070484,0.498286,-0.005526
6030.286162,-0.066154,0.266943,0.024234
6030.295443,-0.079331,0.185216,0.018116
6030.304589,-0.088775,0.136366,0.006896
6030.313590,-0.099660,0.094901,0.006213
6030.322736,-0.126645,0.060825,0.020817
6030.331882,-0.174565,0.067022,0.049163
6030.341028,-0.218806,0.120737,0.074601
6030.350169,-0.242175,0.189035,0.088030
6030.359315,-0.253560,0.253751,0.108552
6030.368457,-0.254498,0.301588,0.151658
6030.377603,-0.240126,0.293557,0.217782
6030.386746,-0.238025,0.225838,0.291692
6030.395892,-0.258806,0.189698,0.357033
6030.405035,-0.229752,0.297419,0.414728
6030.414181,-0.115706,0.564924,0.465698
6030.423673,0.003644,0.837163,0.495368
6030.432819,0.071360,0.951923,0.503351
6030.450757,0.223107,0.737329,0.446481
6030.460307,0.308297,0.208153,0.388622
6030.469453,0.418706,-0.237615,0.398181
6030.487336,1.014577,1.171393,0.243981
6030.496477,1.037857,1.567394,0.053022
6030.505623,0.370301,1.042950,0.192578
6030.515272,-0.701493,0.241548,0.578011
6030.524418,-1.470749,-0.251899,0.821250
6030.542270,-1.386634,-0.073139,0.741169
6030.552242,-1.059188,0.271208,0.567833
6030.561388,-0.803314,0.630839,0.336673
6030.570428,-0.675111,0.784366,0.123476
6030.579574,-0.652318,0.568812,-0.031019
6030.597067,-0.687227,-0.445196,-0.192804
6030.606209,-0.644419,-0.786829,-0.258607
6030.615355,-0.587392,-0.849266,-0.314646
6030.625108,-0.559164,-0.723805,-0.332653
6030.634254,-0.561604,-0.558081,-0.335716
6030.651935,-0.571515,-0.261111,-0.389807
6030.661082,-0.542077,-0.016227,-0.410357
6030.670228,-0.467921,0.328728,-0.425067
6030.679366,-0.388696,0.715052,-0.450877
6030.688512,-0.344442,1.043961,-0.485395
6030.697974,-0.290412,1.173022,-0.518835
6030.707120,-0.186698,1.021936,-0.543293
6030.725090,-0.044850,0.148147,-0.405053
6030.734228,0.001817,-0.417356,-0.247706
6030.743374,0.096202,-0.874445,-0.111754
6030.752896,0.230027,-1.062357,-0.010807
6030.762042,0.377495,-1.021252,0.070983
6030.779952,0.587580,-0.706090,0.111764
6030.789095,0.640679,-0.494264,0.063226
6030.798241,0.670639,-0.342164,0.020137
6030.807873,0.674749,-0.316724,-0.002576
6030.817019,0.647149,-0.335161,-0.016463
6030.826120,0.596553,-0.270802,-0.034782
6030.835266,0.548734,-0.100540,-0.072010
6030.853109,0.515889,0.230464,-0.132337
6030.862248,0.529805,0.307477,-0.103752
6030.871394,0.547880,0.346956,-0.041717
6030.880537,0.565605,0.385334,0.036848
6030.889683,0.584465,0.437145,0.118797
6030.898825,0.584141,0.477872,0.190296
6030.907971,0.537870,0.484333,0.255207
6030.917982,0.449093,0.459039,0.322932
6030.927128,0.341028,0.436100,0.384774
6030.944730,0.176479,0.464045,0.420204
6030.962840,0.244964,0.175204,0.400932
6030.972544,0.318493,0.257971,0.364438
6030.981690,0.397627,0.834826,0.224384
6030.999420,0.768429,1.037200,-0.216403
6031.008921,0.979064,0.277812,-0.291966
6031.018067,1.010614,-0.600303,-0.387021
6031.027682,0.665234,-1.743343,-0.436947
6031.036828,-0.113431,-2.874216,-0.193502
6031.054280,-1.285105,-2.617567,0.587091
6031.063799,-1.018817,-1.804029,0.769534
6031.072945,-0.664600,-1.070523,0.812312
6031.091050,-0.550637,0.680808,0.605709
6031.109146,0.043683,1.612655,0.363752
6031.118478,0.293597,1.335337,0.198850
6031.127624,0.408913,0.608885,0.154972
6031.136955,0.456731,-0.147911,0.148157
6031.146101,0.473468,-0.470308,0.052699
6031.164010,0.341827,-0.080842,-0.155544
6031.173151,0.218162,-0.028726,-0.160588
6031.182297,0.137783,-0.127492,-0.143952
6031.191445,0.133605,-0.185812,-0.117324
6031.200591,0.169279,-0.085574,-0.085512
6031.209735,0.191675,0.149874,-0.059931
6031.218881,0.198422,0.399872,-0.040380
6031.228018,0.212453,0.517059,-0.018152
6031.237164,0.220841,0.430594,-0.011286
6031.246659,0.203418,0.214613,-0.042999
6031.255805,0.166195,0.004407,-0.113664
6031.265169,0.140222,-0.119368,-0.201856
6031.274315,0.155526,-0.135835,-0.293719
6031.283780,0.196092,-0.081501,-0.377006
6031.292926,0.215405,-0.025782,-0.430771
6031.311060,0.124539,-0.043071,-0.436275
6031.329116,0.011420,-0.064733,-0.364999
6031.338123,-0.036799,-0.060873,-0.322468
6031.347269,-0.075262,-0.061885,-0.282263
6031.365188,-0.080369,-0.000475,-0.214528
6031.374329,-0.060062,0.076442,-0.201292
6031.383475,-0.055258,0.180046,-0.201304
6031.392614,-0.075913,0.307963,-0.202717
6031.401760,-0.108747,0.421247,-0.201577
6031.410972,-0.151520,0.455383,-0.187717
6031.420118,-0.214580,0.371570,-0.129998
6031.429198,-0.299273,0.202752,-0.022895
6031.438344,-0.387603,0.020521,0.084368
6031.447630,-0.460589,-0.088827,0.153016
6031.456776,-0.504927,-0.048484,0.183326
6031.474920,-0.552224,0.299920,0.174739
6031.484060,-0.556070,0.386093,0.125397
6031.493206,-0.592728,0.379605,0.080721
6031.502798,-0.704620,0.252737,0.096567
6031.511944,-0.808212,-0.074704,0.183104
6031.529790,-0.639365,-0.975349,0.307435
6031.538927,-0.440864,-1.073083,0.217278
6031.548073,-0.225243,-0.776013,0.111968
6031.557321,-0.030060,-0.218680,0.106372
6031.566467,0.139929,0.391717,0.200501
6031.575587,0.259600,0.886442,0.324371
6031.584733,0.240531,1.123502,0.417268
6031.593790,0.084612,0.986913,0.449836
6031.602936,-0.044656,0.441767,0.436275
6031.612082,-0.079029,-0.368919,0.416096
6031.621228,-0.156283,-1.106439,0.414052
6031.630745,-0.379686,-1.495562,0.430770
6031.639891,-0.673689,-1.530151,0.450679
6031.649088,-0.906951,-1.361142,0.462237
6031.658234,-0.996660,-1.132261,0.453924
6031.676095,-0.763421,-0.685890,0.258396
6031.685647,-0.565818,-0.458783,0.089038
6031.694793,-0.399687,-0.330467,-0.081484
6031.703799,-0.307019,-0.353180,-0.217094
6031.712945,-0.274785,-0.453674,-0.304497
6031.722267,-0.246852,-0.516180,-0.361651
6031.731413,-0.207156,-0.490801,-0.403317
6031.749247,-0.195759,-0.276471,-0.430559
6031.759243,-0.203928,-0.162052,-0.448361
6031.768389,-0.186408,-0.087863,-0.475198
6031.786074,-0.074959,-0.102200,-0.467019
6031.804110,0.098159,-0.153711,-0.391307
6031.814106,0.165444,-0.125326,-0.361104
6031.823252,0.203659,-0.087268,-0.333308
6031.841081,0.234427,-0.147466,-0.238311
6031.858980,0.298162,-0.312056,-0.093828
6031.868118,0.372473,-0.377401,-0.049596
6031.877264,0.457267,-0.442984,-0.041955
6031.886405,0.536594,-0.502687,-0.062681
6031.895551,0.599301,-0.517460,-0.101580
6031.905231,0.636810,-0.448298,-0.155537
6031.914377,0.642934,-0.309796,-0.218474
6031.923471,0.611293,-0.156697,-0.274417
6031.932617,0.553583,-0.047321,-0.301492
6031.950573,0.476486,0.040886,-0.215031
6031.960272,0.480779,0.125571,-0.133425
6031.969418,0.488831,0.235812,-0.058017
6031.986998,0.449704,0.289858,0.012235
6031.996143,0.403490,0.226435,0.018956
6032.005289,0.348823,0.094742,0.025295
6032.014689,0.306348,-0.080814,0.029748
6032.023835,0.296558,-0.151483,0.035293
6032.033085,0.326700,0.130130,0.037916
6032.042231,0.407876,0.795262,-0.028826
6032.051514,0.554831,1.419413,-0.221474
6032.060660,0.719110,1.556062,-0.419221
6032.078441,0.911381,0.582631,-0.425061
6032.087604,0.777184,-0.229771,-0.486293
6032.096750,0.292155,-1.113093,-0.478711
6032.105873,-0.344236,-1.897712,-0.258396
6032.115019,-0.688909,-2.237951,-0.016646
6032.124187,-0.548900,-2.114346,0.014673
6032.133333,-0.355967,-2.152141,-0.043122
6032.142472,-0.770439,-2.468343,0.171372
6032.151618,-1.575060,-2.380950,0.695918
6032.160734,-1.810406,-1.687261,1.136815
6032.169880,-1.203875,-0.818776,1.235312
6032.179022,-0.262396,-0.077994,1.103312
6032.188168,0.688636,0.365935,0.870860
6032.197315,1.498286,0.459249,0.562490
6032.206461,1.887564,0.424763,0.228178
6032.215604,1.747456,0.495344,-0.088485
6032.224750,1.298156,0.658247,-0.358340
6032.233888,0.784390,0.747554,-0.504526
6032.243034,0.298952,0.662526,-0.495423
6032.252176,-0.071334,0.441696,-0.421318
6032.261322,-0.191441,0.242012,-0.359796
6032.270468,-0.080833,0.181649,-0.310980
6032.279614,0.083479,0.246801,-0.280227
6032.289684,0.180061,0.370234,-0.260609
6032.298830,0.243633,0.502214,-0.229220
6032.316191,0.418651,0.629606,-0.189762
6032.325333,0.416447,0.529604,-0.198055
6032.334478,0.302231,0.284497,-0.184396
6032.344455,0.142411,-0.021393,-0.135733
6032.353601,0.012275,-0.234394,-0.058701
6032.371066,-0.101319,-0.098297,0.088639
6032.380207,-0.090782,0.146784,0.101159
6032.389353,-0.052654,0.406242,0.070986
6032.398488,-0.045863,0.633884,0.031806
6032.407634,-0.104923,0.789608,0.010104
6032.416777,-0.211877,0.836976,0.018054
6032.425923,-0.325399,0.777265,0.052014
6032.435065,-0.419677,0.688405,0.094521
6032.444211,-0.476275,0.627625,0.133088
6032.453351,-0.480776,0.560884,0.175149
6032.462497,-0.431906,0.436984,0.218924
6032.472458,-0.330577,0.258258,0.250234
6032.481604,-0.186374,0.044145,0.262978
6032.499078,0.042110,-0.235787,0.250335
6032.508606,0.015776,-0.159192,0.231824
6032.517752,-0.095204,-0.002439,0.198426
6032.535653,-0.341039,0.248740,0.114698
6032.544815,-0.356971,0.348276,0.062870
6032.553961,-0.277271,0.412742,0.021852
6032.563863,-0.170831,0.421599,0.036856
6032.573009,-0.115388,0.430772,0.110953
6032.590677,-0.013979,0.807687,0.297550
6032.600071,0.213197,1.035518,0.392376
6032.609217,0.465970,0.963596,0.488203
6032.618332,0.475292,0.608331,0.571273
6032.627478,0.164837,0.258329,0.630204
6032.645385,-0.279377,-0.002077,0.815813
6032.655236,-0.052130,-0.086221,0.914194
6032.664382,0.318451,-0.124637,0.889053
6032.682223,0.696511,-0.715928,0.581166
6032.691477,0.360495,-1.301544,0.592109
6032.700623,-0.350768,-1.369108,0.723015
6032.718539,-1.500310,-0.083246,0.552777
6032.727921,-1.453509,0.452781,0.336577
6032.737067,-1.169755,0.750738,0.165045
6032.746280,-0.907939,0.825687,0.003180
6032.755426,-0.790524,0.668821,-0.152189
6032.773480,-0.744477,0.072648,-0.364921
6032.782549,-0.643994,-0.111482,-0.407870
6032.791695,-0.510489,-0.203835,-0.408288
6032.801104,-0.400242,-0.269359,-0.399523
6032.810250,-0.324751,-0.346064,-0.410610
6032.819500,-0.259853,-0.425337,-0.436981
6032.828646,-0.186570,-0.472875,-0.459013
6032.846560,-0.049371,-0.410888,-0.522542
6032.855727,-0.016849,-0.301479,-0.571049
6032.864873,0.000829,-0.149354,-0.607033
6032.873988,0.012978,-0.003108,-0.611085
6032.883134,0.006163,0.094614,-0.577973
6032.892278,-0.039765,0.136299,-0.529979
6032.901424,-0.096628,0.138973,-0.480338
6032.910583,-0.098964,0.116192,-0.426986
6032.919729,-0.035875,0.059456,-0.368671
6032.928857,0.050324,-0.035028,-0.312335
6032.938003,0.148631,-0.129479,-0.254846
6032.947142,0.271073,-0.198247,-0.191804
6032.956288,0.403493,-0.257337,-0.141870
6032.965803,0.521577,-0.301909,-0.102688
6032.974949,0.614098,-0.307510,-0.060356
6032.992950,0.692729,-0.234970,0.005891
6033.002384,0.644030,-0.154588,0.012158
6033.011530,0.574848,-0.046269,0.011074
6033.029444,0.520974,0.018369,0.032869
6033.038602,0.503868,-0.004778,0.039069
6033.047748,0.473708,0.010944,0.030697
6033.057247,0.442030,0.046262,0.036262
6033.066393,0.415750,0.042821,0.074109
6033.075899,0.414584,-0.005532,0.130109
6033.085045,0.445162,-0.050232,0.176562
6033.102698,0.520969,-0.040118,0.205774
6033.111743,0.553495,-0.008291,0.215958
6033.120889,0.565429,-0.017948,0.225480
6033.130026,0.536551,-0.082672,0.215663
6033.139172,0.474394,-0.109920,0.172459
6033.148315,0.403338,-0.049721,0.089348
6033.157461,0.350979,0.023753,-0.017550
6033.166608,0.330045,0.185069,-0.120798
6033.175754,0.355227,0.616995,-0.230771
6033.184900,0.403026,1.091764,-0.321225
6033.194046,0.372468,1.097870,-0.310611
6033.203486,0.187542,0.635016,-0.218814
6033.212632,-0.067173,0.153548,-0.153788
6033.230616,-0.355261,-0.488634,-0.056184
6033.239759,-0.333995,-0.565979,0.029590
6033.248905,-0.133916,-0.458707,-0.025154
6033.258446,0.111667,-0.827600,-0.212597
6033.267592,-0.098246,-1.840648,-0.188798
6033.285488,-1.566801,-1.966137,0.754877
6033.294630,-1.298855,-0.857446,0.966984
6033.303776,-0.347686,0.001969,0.890238
6033.313749,0.602203,0.291521,0.714994
6033.322895,1.150078,0.196140,0.511979
6033.340489,0.841372,0.240365,0.136997
6033.349497,0.492593,0.453497,0.045667
6033.358643,0.367262,0.640208,-0.055284
6033.367779,0.383240,0.739280,-0.181497
6033.376925,0.358244,0.667984,-0.259671
6033.386069,0.240262,0.419255,-0.240064
6033.395215,0.091852,0.099008,-0.157051
6033.404359,-0.007918,-0.152937,-0.080820
6033.413505,-0.012114,-0.239276,-0.052693
6033.423097,0.076786,-0.156344,-0.070348
6033.432243,0.209921,0.010573,-0.116189
6033.450084,0.334156,0.327896,-0.260462
6033.459645,0.289710,0.416204,-0.340412
6033.468791,0.200885,0.393768,-0.384793
6033.486661,-0.005740,0.152194,-0.361535
6033.496497,-0.044959,0.124219,-0.342256
6033.505643,-0.046362,0.190083,-0.334745
6033.523259,-0.067470,0.432695,-0.317409
6033.532379,-0.096145,0.514538,-0.282888
6033.541525,-0.160369,0.541595,-0.229970
6033.551225,-0.251399,0.524768,-0.170594
6033.560371,-0.314587,0.449528,-0.107075
6033.578465,-0.304105,0.048385,0.036681
6033.587614,-0.246912,-0.208264,0.091389
6033.596760,-0.177032,-0.366371,0.117812
6033.614677,-0.137072,-0.355296,0.121138
6033.623884,-0.171225,-0.328496,0.129165
6033.633030,-0.216366,-0.329723,0.141075
6033.642459,-0.247907,-0.348067,0.141352
6033.651605,-0.250061,-0.334759,0.128229
6033.669549,-0.218160,-0.075667,0.048525
6033.678689,-0.233974,0.167620,-0.012019
6033.687835,-0.282906,0.451173,-0.056435
6033.697673,-0.331327,0.627729,-0.065420
6033.706819,-0.347911,0.562164,-0.025706
6033.724905,-0.360096,0.273360,0.154569
6033.742701,-0.148703,0.859015,0.356244
6033.752132,0.088617,1.143993,0.429162
6033.761278,0.256316,1.221422,0.471564
6033.770536,0.244878,1.080219,0.499152
6033.779682,0.059399,0.750778,0.499771
6033.789324,-0.204205,0.372187,0.466908
6033.798470,-0.446623,0.002389,0.464571
6033.815850,-0.506220,-1.274328,0.557113
6033.825860,-0.255695,-1.733006,0.596007
6033.835006,0.122540,-1.501823,0.604347
6033.852803,0.576559,-0.342945,0.279888
6033.870714,-0.661531,-0.299797,0.193609
6033.879912,-1.257318,-0.419190,0.200984
6033.889058,-1.326900,-0.406599,0.106614
6033.898737,-0.955174,-0.238649,-0.034135
6033.907883,-0.513755,-0.070329,-0.143186
6033.925581,-0.383768,-0.187508,-0.205839
6033.934727,-0.472215,-0.280340,-0.209307
6033.943873,-0.450145,-0.198729,-0.222082
6033.953317,-0.354760,0.026648,-0.262609
6033.962463,-0.271088,0.277451,-0.323455
6033.971974,-0.218945,0.459944,-0.383454
6033.981120,-0.169724,0.507336,-0.417134
6033.998741,-0.047337,0.241180,-0.347123
6034.007882,0.032755,0.106485,-0.287956
6034.017028,0.132712,0.072819,-0.252398
6034.027173,0.240377,0.141384,-0.239257
6034.036319,0.331323,0.243946,-0.239444
6034.053609,0.408897,0.353800,-0.238505
6034.062752,0.421692,0.352792,-0.212568
6034.071898,0.444097,0.332339,-0.181710
6034.081683,0.481434,0.326415,-0.168747
6034.090829,0.524123,0.331301,-0.179513
6034.108577,0.622655,0.253021,-0.247259
6034.117613,0.702484,0.190713,-0.291551
6034.126759,0.795478,0.154084,-0.327907
6034.135901,0.860430,0.162528,-0.358818
6034.145047,0.868197,0.223309,-0.383121
6034.154191,0.824371,0.321972,-0.378252
6034.163337,0.765357,0.435439,-0.344025
6034.172475,0.725702,0.562367,-0.307635
6034.181621,0.704540,0.716042,-0.285746
6034.190762,0.657961,0.820903,-0.265605
6034.199908,0.550429,0.767322,-0.228189
6034.209051,0.378363,0.734403,-0.180252
6034.218197,0.174670,1.126318,-0.194893
6034.227341,0.050419,1.845181,-0.358538
6034.236487,0.132254,2.275315,-0.565349
6034.245824,0.369617,2.165869,-0.600009
6034.254970,0.607705,1.726765,-0.547154
6034.273070,0.538076,-0.378490,-0.763671
6034.282518,-0.137200,-2.102678,-0.519586
6034.291664,-0.985084,-3.666257,0.079317
6034.309644,-1.208655,-3.773008,1.411737
6034.318790,-0.682995,-2.228932,1.590009
6034.327936,-0.216567,-0.467341,1.181972
6034.337452,0.076734,0.847776,0.595364
6034.346598,0.231613,1.413642,0.259438
6034.364506,0.161362,1.100691,-0.024693
6034.373652,0.105384,0.864637,-0.125695
6034.382798,0.153778,0.649907,-0.171722
6034.391949,0.269554,0.368483,-0.190001
6034.401095,0.420186,-0.007806,-0.190759
6034.410610,0.576704,-0.366964,-0.183466
6034.419756,0.650648,-0.516674,-0.177202
6034.437857,0.454605,-0.167111,-0.151267
6034.447437,0.347565,0.038698,-0.142762
6034.456583,0.291806,0.143364,-0.147373
6034.465943,0.250555,0.142060,-0.147269
6034.475089,0.201968,0.060337,-0.142693
6034.484293,0.149975,-0.059248,-0.148295
6034.493439,0.099368,-0.166702,-0.162297
6034.502542,0.064372,-0.221672,-0.169852
6034.511688,0.056941,-0.217981,-0.162800
6034.529105,0.082633,-0.118890,-0.117976
6034.538248,0.090552,-0.019978,-0.093167
6034.547394,0.084131,0.105640,-0.079248
6034.556963,0.068032,0.217824,-0.066335
6034.566109,0.040970,0.304411,-0.050747
6034.575356,0.012747,0.377573,-0.037363
6034.584502,-0.007132,0.447147,-0.016878
6034.602581,-0.075036,0.541231,0.036464
6034.620550,-0.146408,0.435407,0.086194
6034.630057,-0.167747,0.268660,0.123532
6034.639203,-0.196410,0.078760,0.163509
6034.648840,-0.227167,-0.032049,0.186074
6034.657986,-0.247625,-0.000464,0.177501
6034.675413,-0.224666,0.359901,0.116717
6034.684762,-0.183824,0.566870,0.074159
6034.693908,-0.130798,0.771410,0.029243
6034.703287,-0.057232,0.908999,-0.010236
6034.712433,0.034386,0.921163,-0.040066
6034.721507,0.103605,0.865230,-0.041939
6034.730653,0.103956,0.799717,0.000097
6034.748571,-0.072733,0.410487,0.159460
6034.757729,-0.190898,0.140292,0.245376
6034.766875,-0.282620,-0.031062,0.340726
6034.775999,-0.329990,-0.037638,0.457695
6034.785145,-0.324568,0.136438,0.598445
6034.794286,-0.222563,0.427855,0.758882
6034.803432,-0.004255,0.696413,0.927585
6034.813248,0.254634,0.784525,1.074662
6034.822394,0.413188,0.756139,1.150143
6034.840485,0.312164,0.776348,0.936604
6034.858299,0.187568,-0.057122,0.823683
6034.867440,0.357438,0.712945,0.748474
6034.876586,0.586714,1.835307,0.324643
6034.885747,0.451483,1.928230,-0.107897
6034.894893,-0.311090,0.948788,0.002839
6034.904379,-1.370620,-0.111372,0.502088
6034.913525,-2.063274,-0.519011,0.792551
6034.931620,-1.625963,0.193745,0.464954
6034.949742,-0.848520,0.866435,-0.110665
6034.958977,-0.680625,0.718363,-0.243831
6034.968123,-0.509403,0.167873,-0.239108
6034.977485,-0.326725,-0.489600,-0.200160
6034.986631,-0.198953,-0.941553,-0.208264
6035.004613,-0.081705,-1.197878,-0.296435
6035.013751,-0.051022,-1.307603,-0.310588
6035.022897,-0.037478,-1.408783,-0.317722
6035.032731,-0.008009,-1.405184,-0.334343
6035.041877,0.051175,-1.278651,-0.381923
6035.059515,0.101459,-0.825427,-0.588929
6035.068615,0.065420,-0.581096,-0.668317
6035.077761,0.004071,-0.366932,-0.697757
6035.087844,-0.054504,-0.202432,-0.685348
6035.096990,-0.062906,-0.114337,-0.634427
6035.114731,0.054850,-0.167734,-0.465375
6035.132626,0.228866,-0.215074,-0.317749
6035.141769,0.290565,-0.265661,-0.251243
6035.150915,0.320926,-0.348065,-0.193743
6035.160060,0.334619,-0.395270,-0.151945
6035.169206,0.362217,-0.367084,-0.138170
6035.178579,0.424433,-0.315891,-0.155405
6035.187725,0.509075,-0.316029,-0.199236
6035.205783,0.626828,-0.476255,-0.313278
6035.214923,0.608570,-0.592443,-0.365002
6035.224069,0.548731,-0.693982,-0.401465
6035.233209,0.497020,-0.728362,-0.422196
6035.242355,0.477746,-0.678487,-0.429800
6035.252638,0.477598,-0.578515,-0.425041
6035.261784,0.478038,-0.485644,-0.390709
6035.279221,0.490024,-0.406769,-0.271303
6035.297225,0.576477,-0.420098,-0.114437
6035.306532,0.638643,-0.496024,-0.012252
6035.315678,0.692892,-0.573378,0.062834
6035.325596,0.701946,-0.567047,0.093415
6035.334742,0.622881,-0.448941,0.100498
6035.352091,0.343576,0.610315,0.032407
6035.361231,0.386437,1.294287,-0.115867
6035.370377,0.503255,1.232668,-0.245187
6035.379522,0.429841,0.605978,-0.259120
6035.388668,0.090785,0.178975,-0.222844
6035.398207,-0.336987,-0.144582,-0.181656
6035.407353,-0.702014,-0.948414,0.000538
6035.425248,-0.849912,-2.222144,0.709048
6035.434395,-0.429752,-1.885492,0.797495
6035.443541,0.115794,-1.655959,0.696957
6035.453572,0.252983,-1.705265,0.579249
6035.462718,-0.257347,-1.396946,0.552071
6035.480244,-0.932883,0.474519,0.671416
6035.489635,-0.409360,0.832831,0.690969
6035.498781,0.213933,0.570598,0.653672
6035.516690,0.650501,-0.062907,0.390967
6035.526088,0.491679,0.053709,0.211847
6035.535234,0.334103,0.245867,0.029503
6035.544936,0.277931,0.372602,-0.127541
6035.554082,0.266189,0.433780,-0.261521
6035.563314,0.252184,0.436408,-0.401906
6035.572460,0.242695,0.379448,-0.525107
6035.589854,0.202239,0.190221,-0.558253
6035.598987,0.130696,0.060082,-0.499988
6035.608133,0.045812,-0.083489,-0.441541
6035.617640,-0.008408,-0.150340,-0.400551
6035.626786,0.006799,-0.090410,-0.375313
6035.644927,0.153704,0.175910,-0.329120
6035.653955,0.177029,0.238419,-0.286234
6035.663101,0.129474,0.226623,-0.217573
6035.672798,0.039092,0.156370,-0.130456
6035.681944,-0.043925,0.045891,-0.046437
6035.699572,-0.118641,-0.211953,0.049862
6035.709442,-0.108136,-0.262972,0.070475
6035.718588,-0.050357,-0.229799,0.091207
6035.727897,0.016181,-0.161359,0.098540
6035.737043,0.023896,-0.093250,0.076512
6035.754437,-0.116245,0.031775,0.045899
6035.764255,-0.167627,0.026938,0.066121
6035.773401,-0.190878,0.019646,0.075692
6035.791385,-0.184214,0.146190,0.044743
6035.800547,-0.167156,0.155948,0.041055
6035.809693,-0.175658,0.088913,0.043018
6035.818953,-0.214141,0.021699,0.028531
6035.828099,-0.241469,0.015357,0.001529
6035.845935,-0.207204,0.045793,-0.013048
6035.855031,-0.203279,0.049768,0.030547
6035.864177,-0.221989,0.140481,0.109774
6035.873310,-0.231611,0.305753,0.216445
6035.882456,-0.203276,0.426306,0.364833
6035.891600,-0.123471,0.436310,0.548581
6035.900746,0.013366,0.407435,0.732649
6035.909891,0.223012,0.389264,0.858629
6035.919037,0.460579,0.310621,0.870806
6035.928179,0.579821,0.150305,0.743785
6035.937325,0.475270,0.004744,0.528604
6035.946467,0.186136,0.035553,0.317712
6035.955613,-0.168237,0.266793,0.203775
6035.964809,-0.417852,0.240993,0.247081
6035.973955,-0.401758,-0.258689,0.414362
6035.983045,-0.137766,-0.280321,0.552061
6035.992191,0.163835,0.881346,0.492157
6036.001510,0.251271,2.137832,0.288893
6036.010656,-0.004400,2.189191,0.215721
6036.028765,-1.040233,0.359948,0.530210
6036.038541,-1.339285,-0.068587,0.510970
6036.047687,-1.283234,-0.121766,0.386404
6036.065726,-0.552231,-0.371911,0.132848
6036.083637,-0.214592,-0.885981,-0.101509
6036.092938,-0.165911,-0.821754,-0.167231
6036.102084,-0.125827,-0.633218,-0.230812
6036.111838,-0.103388,-0.458308,-0.320154
6036.120984,-0.113427,-0.299399,-0.422218
6036.138497,-0.114945,-0.049090,-0.527703
6036.147639,-0.069017,-0.045281,-0.519588
6036.156785,-0.024866,-0.099778,-0.483672
6036.166472,0.018837,-0.159000,-0.426466
6036.175618,0.084020,-0.191249,-0.353097
6036.185218,0.171976,-0.203862,-0.267026
6036.194364,0.262254,-0.199374,-0.176435
6036.211648,0.461129,0.007817,-0.062437
6036.220790,0.586986,0.215338,-0.052099
6036.229936,0.709337,0.382594,-0.047193
6036.239081,0.789201,0.434008,-0.038515
6036.248227,0.816918,0.375636,-0.028472
6036.257369,0.815446,0.302607,-0.014660
6036.266515,0.793158,0.296619,0.006692
6036.275668,0.745305,0.335695,0.031124
6036.284814,0.691389,0.361353,0.055723
6036.294247,0.649608,0.382161,0.080351
6036.303393,0.620254,0.422392,0.090574
6036.312460,0.614853,0.473338,0.058152
6036.321606,0.621448,0.522728,-0.025005
6036.339697,0.532520,0.529976,-0.179436
6036.349155,0.427455,0.474762,-0.200993
6036.358301,0.293876,0.664624,-0.199327
6036.376248,0.135714,1.889100,-0.376920
6036.385391,0.183470,1.954039,-0.513431
6036.394537,0.182965,1.535022,-0.480341
6036.403680,0.081059,0.985242,-0.296896
6036.412826,-0.035429,0.314802,-0.109685
6036.422559,-0.098588,-0.489958,0.025853
6036.431705,-0.121820,-1.251951,0.165536
6036.449779,0.026688,-1.903738,0.499423
6036.458978,0.330016,-1.997358,0.443204
6036.468124,0.230514,-2.249394,0.335400
6036.485994,-1.725560,-1.733775,0.913016
6036.495756,-1.849145,-1.204005,1.236387
6036.504902,-1.132809,-0.814395,1.316508
6036.522557,0.604510,-0.244598,0.903955
6036.531698,1.109179,-0.087579,0.558951
6036.540844,1.263370,0.257549,0.203127
6036.549989,1.176473,0.759668,-0.115031
6036.559135,0.989733,1.107351,-0.355710
6036.568653,0.726312,1.144633,-0.520722
6036.577799,0.365467,0.961686,-0.606331
6036.586929,-0.002056,0.646514,-0.603120
6036.596075,-0.208461,0.251735,-0.529749
6036.614066,-0.132267,-0.409704,-0.332441
6036.623152,-0.073619,-0.516549,-0.292421
6036.632298,-0.036571,-0.402147,-0.325657
6036.641435,0.015997,-0.104032,-0.408210
6036.650581,0.075832,0.245281,-0.491363
6036.659720,0.105967,0.506992,-0.545138
6036.668866,0.087817,0.622702,-0.549957
6036.678449,0.039474,0.616855,-0.501417
6036.687595,-0.014555,0.527194,-0.411799
6036.705442,-0.095417,0.164163,-0.195137
6036.714585,-0.097053,-0.025387,-0.113932
6036.723731,-0.061622,-0.176091,-0.065103
6036.733548,0.003352,-0.320785,-0.036462
6036.742694,0.070215,-0.468140,-0.039647
6036.760310,0.033011,-0.480133,-0.172737
6036.769449,-0.071129,-0.309003,-0.242884
6036.778595,-0.172451,-0.161963,-0.273833
6036.787736,-0.240336,-0.086570,-0.278083
6036.796882,-0.272067,-0.039048,-0.270298
6036.807018,-0.272601,-0.008407,-0.245872
6036.816164,-0.274815,-0.011731,-0.198641
6036.833674,-0.379907,-0.032815,-0.048348
6036.843492,-0.460588,-0.075019,0.038427
6036.852638,-0.521624,-0.152600,0.114945
6036.870035,-0.478326,-0.147914,0.246926
6036.879183,-0.436842,-0.091040,0.348823
6036.888329,-0.415305,-0.101048,0.477479
6036.897470,-0.330392,-0.156109,0.593534
6036.906616,-0.125643,-0.143000,0.663722
6036.916576,0.127613,-0.070481,0.676502
6036.925722,0.301523,-0.123881,0.657857
6036.943197,0.086167,-0.471814,0.637516
6036.952707,-0.179523,-0.320042,0.634005
6036.961853,-0.288367,-0.051892,0.668936
6036.979983,0.010160,0.482834,0.710561
6036.998057,0.174379,0.614221,0.458607
6037.008060,-0.005043,0.046365,0.522095
6037.017206,-0.398534,-0.334904,0.664143
6037.035003,-0.990700,-0.031038,0.548715
6037.044149,-0.916220,0.012011,0.411215
6037.053295,-0.757293,-0.144450,0.300580
6037.071215,-0.608845,-0.330735,-0.058612
6037.080986,-0.574561,-0.305182,-0.245372
6037.090132,-0.496297,-0.237803,-0.390236
6037.099241,-0.370200,-0.079918,-0.504382
6037.108387,-0.250594,0.180454,-0.600807
6037.126079,-0.192747,0.586889,-0.705841
6037.135897,-0.174266,0.557587,-0.718524
6037.145043,-0.092693,0.412649,-0.728847
6037.162654,0.158701,0.030859,-0.675494
6037.171797,0.243388,-0.068402,-0.604943
6037.180943,0.297663,-0.037312,-0.533453
6037.190083,0.340894,0.098593,-0.458414
6037.199229,0.385205,0.271102,-0.377897
6037.208383,0.423704,0.427673,-0.308982
6037.217529,0.433371,0.536564,-0.252438
6037.226661,0.409176,0.603919,-0.200066
6037.235807,0.377932,0.646810,-0.158018
6037.244981,0.356851,0.667636,-0.136974
6037.254127,0.340930,0.659123,-0.129764
6037.263251,0.328753,0.635960,-0.127114
6037.272397,0.342230,0.609136,-0.132736
6037.281987,0.405805,0.570109,-0.154844
6037.291133,0.514556,0.489648,-0.189555
6037.300173,0.630703,0.339705,-0.228209
6037.309319,0.712862,0.149485,-0.265150
6037.327252,0.726046,-0.065307,-0.309920
6037.336401,0.690984,-0.052015,-0.315893
6037.345547,0.635841,0.033354,-0.291972
6037.354685,0.561805,0.194469,-0.237021
6037.363831,0.495962,0.356919,-0.167947
6037.372970,0.450671,0.396362,-0.092796
6037.382116,0.423488,0.292082,-0.010148
6037.391257,0.416783,0.175707,0.079671
6037.400403,0.401460,0.275042,0.170590
6037.410161,0.341525,0.751540,0.182985
6037.419307,0.292749,1.353490,0.009891
6037.437360,0.246570,1.117422,-0.266910
6037.446635,0.058577,0.323735,-0.080499
6037.455781,-0.162805,-0.882900,0.144903
6037.473563,-0.151332,-1.690559,0.365252
6037.482703,0.830228,-0.855480,-0.227998
6037.491849,1.453250,-1.180587,-0.708150
6037.501267,-0.019566,-2.310383,-0.112833
6037.510413,-2.671093,-2.855836,1.072964
6037.528430,-2.871908,-1.484739,1.815151
6037.538365,-1.045706,0.160312,1.420822
6037.547511,0.589964,1.348432,0.753703
6037.565538,2.195129,0.597407,-0.090622
6037.583291,1.207038,-0.305777,-0.159580
6037.593042,0.425201,-0.264563,-0.306995
6037.602188,0.066425,-0.186209,-0.495862
6037.620244,0.173415,-0.049181,-0.623886
6037.629384,0.182525,-0.072115,-0.595331
6037.638530,0.137814,-0.151066,-0.544786
6037.656448,0.123302,-0.267280,-0.430177
6037.665622,0.182564,-0.211042,-0.422689
6037.674768,0.231172,-0.107391,-0.428695
6037.684107,0.223405,-0.058501,-0.406821
6037.693253,0.156827,-0.128957,-0.355146
6037.711315,-0.007810,-0.435681,-0.251016
6037.720453,-0.042332,-0.546456,-0.222545
6037.729599,-0.064582,-0.609728,-0.201721
6037.738743,-0.103953,-0.631560,-0.175432
6037.747889,-0.159162,-0.583944,-0.147542
6037.757031,-0.201936,-0.438919,-0.136125
6037.766177,-0.226343,-0.254918,-0.133450
6037.776290,-0.239070,-0.175538,-0.107194
6037.785436,-0.242807,-0.250657,-0.043804
6037.803141,-0.194359,-0.343546,0.076300
6037.812670,-0.161662,-0.185045,0.075602
6037.821816,-0.162828,0.042807,0.068289
6037.830925,-0.210512,0.224398,0.081659
6037.840071,-0.277561,0.304793,0.095046
6037.849215,-0.316240,0.324162,0.087831
6037.858361,-0.306066,0.358146,0.065006
6037.875905,-0.174328,0.513747,-0.029071
6037.885047,-0.114899,0.562212,-0.086379
6037.894193,-0.137593,0.530363,-0.102482
6037.904035,-0.272538,0.340490,-0.028062
6037.913181,-0.493244,0.007337,0.146093
6037.930870,-0.771741,-0.286273,0.584180
6037.940747,-0.574476,-0.165064,0.775842
6037.949893,-0.159796,-0.255926,0.903386
6037.967637,0.614779,-0.624957,0.885852
6037.985640,0.332886,0.573665,0.536586
6037.994787,-0.128630,1.117579,0.547907
6038.003933,-0.404851,0.957656,0.761499
6038.013081,-0.351093,0.450721,0.926421
6038.022227,-0.140316,0.321689,0.887323
6038.032286,-0.017142,0.520758,0.738502
6038.041432,-0.114583,0.553992,0.641598
6038.058795,-0.847345,0.502109,0.584796
6038.068761,-1.094774,0.728635,0.462422
6038.077907,-1.069449,0.816472,0.296206
6038.086995,-0.867224,0.634230,0.146840
6038.096141,-0.660746,0.335217,0.028288
6038.113667,-0.405642,-0.051466,-0.092909
6038.122801,-0.287876,-0.176764,-0.094096
6038.131947,-0.173833,-0.267921,-0.092126
6038.141087,-0.082434,-0.284930,-0.111006
6038.150233,-0.033245,-0.205844,-0.143866
6038.159377,-0.042107,-0.061137,-0.186786
6038.168523,-0.070106,0.082221,-0.242626
6038.177671,-0.060406,0.173228,-0.301491
6038.186817,-0.001199,0.202269,-0.347959
6038.195953,0.071065,0.180254,-0.379718
6038.205099,0.123446,0.136422,-0.388770
6038.214248,0.160566,0.094014,-0.364773
6038.223394,0.198420,0.067608,-0.318545
6038.232530,0.236090,0.072946,-0.264421
6038.241676,0.250654,0.101408,-0.208151
6038.250820,0.233577,0.107904,-0.146842
6038.259966,0.211483,0.065701,-0.076711
6038.269447,0.207665,0.016199,-0.010074
6038.278593,0.224836,0.017797,0.038238
6038.287713,0.252208,0.049715,0.062589
6038.296859,0.273260,0.048397,0.042503
6038.306037,0.295250,-0.001977,-0.020675
6038.315183,0.335621,-0.081620,-0.091817
6038.333122,0.463337,-0.269939,-0.217358
6038.343005,0.514424,-0.340962,-0.279185
6038.352151,0.561416,-0.387469,-0.320046
6038.369696,0.673523,-0.432490,-0.342192
6038.378840,0.689319,-0.422716,-0.343517
6038.387986,0.639731,-0.340008,-0.352610
6038.397132,0.511288,-0.177038,-0.363626
6038.406278,0.345746,-0.017565,-0.341489
6038.415741,0.231422,0.033881,-0.272224
6038.424887,0.212591,-0.003314,-0.184460
6038.433918,0.263311,-0.018565,-0.115973
6038.443064,0.346272,-0.003520,-0.080933
6038.452074,0.426043,-0.094647,-0.064732
6038.461220,0.457187,-0.315009,-0.041053
6038.470289,0.405751,-0.412438,-0.016237
6038.479435,0.298357,-0.130148,-0.049893
6038.489472,0.208073,0.327201,-0.150466
6038.498618,0.164836,0.437447,-0.230670
6038.516334,-0.006666,-0.241904,-0.252047
6038.534298,-0.352191,-0.656600,-0.197022
6038.543485,-0.510619,-0.882526,-0.044279
6038.552631,-0.481698,-0.741860,0.018939
6038.561725,0.017426,-0.237736,-0.358322
6038.570871,0.719525,-0.501421,-0.964395
6038.580017,0.482341,-2.156512,-0.899008
6038.589163,-1.086031,-3.905219,0.096416
6038.598308,-2.563695,-4.308758,1.189565
6038.607454,-2.631467,-3.386089,1.732483
6038.616591,-1.574916,-1.898028,1.763954
6038.625737,-0.187835,-0.454558,1.428324
6038.634970,1.168423,0.605570,0.838772
6038.644116,2.149588,1.151575,0.213426
6038.653168,2.334192,1.271709,-0.255511
6038.662314,1.720745,1.235770,-0.503868
6038.671946,0.842130,1.120312,-0.546651
6038.681092,0.212183,0.777103,-0.468227
6038.690123,-0.047259,0.289490,-0.409018
6038.699269,-0.040820,-0.025011,-0.419605
6038.717180,0.242592,-0.062042,-0.396204
6038.726595,0.313553,-0.082404,-0.366634
6038.735741,0.312118,-0.095737,-0.355862
6038.753842,0.268470,0.208804,-0.363956
6038.763768,0.247961,0.467059,-0.375113
6038.772915,0.202640,0.595059,-0.357598
6038.790345,0.088687,0.339304,-0.298989
6038.799482,0.053490,0.174730,-0.294677
6038.808628,0.035037,0.078511,-0.280563
6038.818184,0.035758,0.042121,-0.256556
6038.827330,0.038941,0.069089,-0.235635
6038.836878,0.020612,0.194607,-0.232308
6038.846024,-0.022716,0.419835,-0.253655
6038.863485,-0.098889,0.915546,-0.276835
6038.872633,-0.108018,1.064405,-0.250199
6038.881779,-0.099197,1.101276,-0.209348
6038.890924,-0.084531,1.011504,-0.155270
6038.900070,-0.083360,0.804772,-0.091571
6038.909210,-0.105202,0.537052,-0.028307
6038.918356,-0.128113,0.294871,0.027590
6038.928223,-0.113130,0.136754,0.068290
6038.937369,-0.063773,0.076056,0.087750
6038.946496,-0.021317,0.111484,0.087254
6038.955642,-0.030878,0.241801,0.077532
6038.973419,-0.137432,0.558745,0.117800
6038.991510,-0.065108,0.479033,0.198772
6039.000651,0.027137,0.430467,0.197945
6039.009797,0.071143,0.418261,0.182652
6039.018939,0.020418,0.388834,0.172481
6039.028085,-0.123063,0.343560,0.188645
6039.037229,-0.327847,0.355647,0.233782
6039.046375,-0.521804,0.444557,0.281558
6039.055885,-0.607283,0.550582,0.305310
6039.065031,-0.532042,0.685989,0.301243
6039.082953,-0.091967,1.241856,0.361195
6039.092606,0.072414,1.380505,0.444197
6039.101752,0.184087,1.139036,0.561139
6039.111201,0.342530,0.548118,0.711454
6039.120347,0.536607,-0.030691,0.840319
6039.137814,0.467181,-0.261864,0.744009
6039.146966,0.233130,-0.457756,0.686585
6039.156112,0.147651,-0.257088,0.822510
6039.165771,0.298961,1.026078,0.924349
6039.174917,0.492656,2.535194,0.739209
6039.184326,0.446826,2.790497,0.492198
6039.193472,0.027298,1.800487,0.559839
6039.210967,-1.249055,0.689398,0.986998
6039.220110,-1.469232,1.094920,0.834210
6039.229256,-1.303166,1.350799,0.606788
6039.238398,-0.977127,1.227280,0.452944
6039.247544,-0.701753,0.972363,0.345537
6039.256687,-0.509162,0.738086,0.251052
6039.265833,-0.355439,0.475717,0.159331
6039.274978,-0.254800,0.218013,0.053515
6039.284124,-0.219782,0.083285,-0.050020
6039.293296,-0.201176,0.120555,-0.127166
6039.302442,-0.166135,0.264058,-0.180785
6039.311585,-0.168958,0.416098,-0.222622
6039.320731,-0.245512,0.556928,-0.277148
6039.329872,-0.316741,0.715888,-0.354307
6039.339018,-0.273942,0.847061,-0.430217
6039.348165,-0.129931,0.876317,-0.470974
6039.357311,0.030035,0.807248,-0.461097
6039.366419,0.151375,0.688480,-0.402201
6039.375565,0.218835,0.546615,-0.319330
6039.384709,0.241597,0.436276,-0.246159
6039.393855,0.252710,0.406177,-0.197473
6039.402996,0.289715,0.428390,-0.169493
6039.412142,0.356092,0.435956,-0.153207
6039.421284,0.427305,0.409417,-0.135364
6039.430430,0.477796,0.367026,-0.112576
6039.439814,0.500259,0.314872,-0.083717
6039.448960,0.493209,0.235981,-0.035614
6039.458287,0.456600,0.109654,0.034328
6039.467433,0.403008,-0.028895,0.104447
6039.485300,0.397953,-0.084485,0.172335
6039.494442,0.456498,-0.008918,0.156011
6039.503588,0.500960,0.064023,0.117332
6039.513057,0.512596,0.108893,0.082583
6039.522203,0.503008,0.140517,0.076345
6039.531222,0.474471,0.163823,0.105635
6039.540368,0.428449,0.183606,0.158596
6039.558456,0.352828,0.264823,0.289963
6039.568434,0.319999,0.293214,0.349877
6039.577580,0.283729,0.327624,0.400291
6039.586779,0.269293,0.382795,0.450421
6039.595925,0.300782,0.345510,0.510943
6039.613316,0.395255,0.052898,0.639122
6039.622463,0.440544,0.391616,0.612749
6039.631609,0.608154,0.827330,0.480009
6039.641094,0.829187,0.782213,0.241741
6039.650240,0.778673,0.474067,-0.057824
6039.659398,0.542267,0.900014,-0.589497
6039.668544,0.894993,2.143765,-1.801849
6039.677698,1.532490,2.527500,-3.207929
6039.686844,0.498518,0.682200,-3.094992
6039.704760,-4.753582,-5.370966,1.043631
6039.714180,-4.770337,-5.890174,1.901339
6039.723326,-3.342196,-3.990810,1.907260
6039.732687,-1.375496,-1.418470,1.617669
6039.741833,0.908636,0.062426,1.143995
6039.759628,4.103735,0.264538,0.363213
6039.768769,3.551821,0.135418,0.190106
6039.777915,1.835443,-0.103811,0.123422
6039.787057,0.243391,-0.672394,0.151058
6039.796203,-0.439885,-1.301280,0.176227
6039.805764,-0.450962,-1.427168,0.129318
6039.814910,-0.247223,-1.020537,0.009809
6039.832783,0.325024,-0.238948,-0.446275
6039.841943,0.549044,-0.171733,-0.656338
6039.851089,0.556858,-0.250291,-0.736860
6039.860211,0.326215,-0.372577,-0.727886
6039.869357,0.010311,-0.469337,-0.703682
6039.878500,-0.187845,-0.500074,-0.684026
6039.887646,-0.156412,-0.451230,-0.679932
6039.896789,0.074320,-0.389901,-0.691750
6039.905935,0.366372,-0.409904,-0.675641
6039.915075,0.579716,-0.515012,-0.607663
6039.924221,0.658342,-0.638658,-0.536821
6039.933372,0.631439,-0.699570,-0.525452
6039.942518,0.537938,-0.619717,-0.580425
6039.952025,0.368469,-0.393948,-0.660491
6039.961171,0.119705,-0.138950,-0.720662
6039.979088,-0.241116,0.052599,-0.758632
6039.988233,-0.246029,-0.014411,-0.754318
6039.997379,-0.203137,-0.081081,-0.715901
6040.006523,-0.164685,-0.052444,-0.641989
6040.015669,-0.156988,0.079850,-0.550316
6040.025187,-0.176241,0.242640,-0.447135
6040.034333,-0.194574,0.375066,-0.329453
6040.052245,-0.150519,0.557004,-0.122813
6040.061767,-0.072809,0.663564,-0.071109
6040.070913,0.043581,0.811276,-0.070686
6040.080558,0.163101,0.947791,-0.103175
6040.089704,0.240082,0.974574,-0.129601
6040.098826,0.276604,0.869811,-0.133205
6040.107972,0.300755,0.711485,-0.124375
6040.125396,0.325063,0.525081,-0.122303
6040.134541,0.289043,0.515132,-0.139807
6040.143687,0.232692,0.533070,-0.171741
6040.152832,0.197085,0.580256,-0.209953
6040.161978,0.195217,0.656834,-0.237955
6040.171114,0.178318,0.716480,-0.243317
6040.180260,0.106462,0.705458,-0.230058
6040.189412,0.021127,0.618901,-0.208831
6040.198558,-0.008165,0.503136,-0.198010
6040.207693,0.014910,0.404472,-0.196936
6040.216839,0.023368,0.336262,-0.193817
6040.225981,-0.013169,0.288710,-0.186118
6040.235127,-0.071399,0.258124,-0.185643
6040.244270,-0.124707,0.253116,-0.189009
6040.253416,-0.182993,0.253014,-0.186522
6040.263542,-0.247496,0.246856,-0.176873
6040.272688,-0.307297,0.246851,-0.160227
6040.290086,-0.425680,0.270402,-0.070580
6040.299339,-0.476821,0.246395,-0.004132
6040.308485,-0.477325,0.195791,0.077846
6040.318053,-0.429629,0.168548,0.174790
6040.327199,-0.358575,0.225331,0.255389
6040.344859,-0.055036,0.507771,0.295159
6040.354004,0.210679,0.576551,0.292618
6040.363150,0.431774,0.554974,0.279407
6040.372288,0.478445,0.486640,0.254130
6040.381434,0.332136,0.397220,0.233053
6040.390575,0.089709,0.283322,0.225440
6040.399721,-0.125974,0.164588,0.215465
6040.409292,-0.226254,0.074068,0.197839
6040.418438,-0.206433,0.039852,0.179311
6040.436313,-0.125459,0.165228,0.134056
6040.445818,-0.115299,0.258926,0.110552
6040.454964,-0.096688,0.322191,0.089735
6040.472878,-0.051823,0.278016,0.034694
6040.482828,-0.012572,0.165845,0.017012
6040.491974,0.032593,0.062268,0.006297
6040.509841,0.098653,-0.014549,-0.017745
6040.527747,0.088976,-0.032857,-0.018695
6040.537677,0.050027,-0.035332,-0.012683
6040.546823,0.028016,-0.048723,-0.004225
6040.564474,0.034912,-0.121694,0.015467
6040.574034,0.019223,-0.160748,0.012407
6040.583180,-0.008327,-0.176764,-0.003866
6040.592645,-0.032148,-0.151372,-0.025338
6040.601791,-0.043843,-0.090615,-0.047240
6040.619560,-0.032375,0.027424,-0.075744
6040.629034,-0.035995,0.050563,-0.077180
6040.638180,-0.040874,0.056655,-0.076059
6040.655766,-0.021770,0.090917,-0.062334
6040.665685,-0.011160,0.126381,-0.048605
6040.674831,-0.012557,0.162996,-0.040761
6040.692350,-0.016459,0.213037,-0.029526
6040.701848,-0.018865,0.234960,-0.030950
6040.710994,-0.028447,0.237335,-0.036855
6040.728917,-0.024753,0.222702,-0.039056
6040.738059,-0.016265,0.240999,-0.039283
6040.747205,-0.012579,0.259270,-0.041858
6040.756349,-0.011442,0.264172,-0.038377
6040.765495,-0.015354,0.249633,-0.025226
6040.774654,-0.027681,0.224083,-0.015471
6040.783800,-0.033819,0.205816,-0.011710
6040.793507,-0.024187,0.203423,-0.008165
6040.802653,-0.003666,0.221779,-0.003700
6040.820364,0.020134,0.281693,0.016800
6040.829878,0.014981,0.281783,0.030967
6040.839024,0.011245,0.263529,0.035902
6040.848209,0.020951,0.262330,0.035895
6040.857355,0.043870,0.298979,0.041326
6040.875227,0.063259,0.398948,0.040144
6040.884366,0.041789,0.431682,0.022122
6040.893512,0.027473,0.462035,0.010010
6040.903042,0.027544,0.480290,0.006263
6040.912188,0.031160,0.475431,0.007490
6040.921315,0.027350,0.453546,0.016006
6040.930461,0.019674,0.430511,0.035160
6040.939666,0.010712,0.402623,0.057912
6040.948812,-0.001639,0.374644,0.068875
6040.958292,-0.006538,0.355153,0.071468
6040.967438,0.003096,0.339355,0.075166
6040.984965,0.017564,0.299202,0.080311
6040.994407,0.012814,0.290629,0.075700
6041.003553,0.008237,0.285652,0.062790
6041.012786,0.002448,0.279455,0.049896
6041.021932,-0.005844,0.275714,0.040519
6041.039999,-0.005686,0.245198,0.033789
6041.049286,0.006402,0.220866,0.036399
6041.058432,0.008758,0.197742,0.040196
6041.067598,-0.003494,0.174605,0.046386
6041.076744,-0.016935,0.151456,0.051397
6041.085922,-0.025497,0.124654,0.055260
6041.095068,-0.030319,0.099043,0.054383
6041.104176,-0.031528,0.081980,0.054580
6041.113322,-0.029099,0.069798,0.054714
6041.131267,-0.029163,0.024733,0.058767
6041.141261,-0.029133,0.000352,0.057865
6041.150407,-0.029078,-0.021601,0.055755
6041.167855,-0.027683,-0.049686,0.047815
6041.176983,-0.037213,-0.053420,0.039620
6041.186129,-0.050380,-0.070567,0.031586
6041.195272,-0.063568,-0.102329,0.024898
6041.204418,-0.076756,-0.134091,0.018211
6041.213586,-0.085168,-0.157289,0.014954
6041.222732,-0.089868,-0.170754,0.008039
6041.231848,-0.096946,-0.174491,-0.001340
6041.240994,-0.096871,-0.174516,-0.004879
6041.250717,-0.081122,-0.181788,-0.003651
