5885.440554,-0.040961,-0.112696,-0.068230
5885.450110,-0.076403,-0.083437,-0.056689
5885.459256,-0.132498,-0.042025,-0.044062
5885.468341,-0.191221,0.003105,-0.022034
5885.477487,-0.211214,0.021538,0.004932
5885.487158,-0.169169,-0.006263,0.025212
5885.496304,-0.086857,-0.052336,0.034997
5885.513699,0.006653,-0.110666,0.031919
5885.523348,-0.010179,-0.124156,0.025031
5885.532494,-0.036668,-0.135245,0.015777
5885.550279,-0.023775,-0.173249,-0.019209
5885.559419,-0.001630,-0.197678,-0.033135
5885.568565,0.008231,-0.218425,-0.039999
5885.577701,0.001007,-0.239174,-0.042106
5885.586847,-0.017313,-0.259886,-0.035931
5885.596787,-0.030881,-0.275681,-0.025104
5885.605933,-0.034772,-0.271949,-0.013341
5885.623432,-0.030108,-0.213385,-0.005761
5885.632570,-0.022708,-0.191476,-0.011925
5885.641716,-0.019021,-0.179299,-0.014431
5885.651225,-0.022688,-0.169549,-0.013355
5885.660371,-0.033559,-0.161057,-0.015787
5885.678295,-0.054056,-0.173328,-0.021502
5885.688262,-0.052894,-0.168434,-0.019201
5885.697408,-0.048095,-0.151346,-0.017046
5885.714901,-0.031337,-0.142706,-0.006564
5885.724220,-0.023019,-0.143849,0.001689
5885.733366,-0.018290,-0.152328,0.007674
5885.742637,-0.013508,-0.169354,0.011397
5885.751783,-0.011153,-0.181510,0.015069
5885.769739,0.019381,-0.194920,0.005718
5885.778890,0.042584,-0.197361,-0.001383
5885.788036,0.047536,-0.188853,-0.006209
5885.797177,0.036686,-0.165746,-0.009988
5885.806323,0.028288,-0.143862,-0.014938
5885.816146,0.033264,-0.131707,-0.020986
5885.825292,0.049033,-0.117050,-0.021187
5885.842892,0.068180,-0.049902,-0.010197
5885.852030,0.059556,-0.025504,-0.004558
5885.861176,0.050782,-0.004712,0.008201
5885.870321,0.041983,0.020962,0.022084
5885.879467,0.030783,0.041749,0.034848
5885.888609,0.020874,0.053982,0.044168
5885.897755,0.012153,0.065008,0.054679
5885.906899,0.004646,0.074818,0.065201
5885.916045,0.008034,0.079783,0.076934
5885.925191,0.021179,0.081096,0.086328
5885.934337,0.032023,0.081143,0.089843
5885.943847,0.029572,0.078709,0.091056
5885.952993,0.025859,0.072634,0.094672
5885.962687,0.025758,0.075104,0.099363
5885.971833,0.025679,0.090972,0.102722
5885.989197,0.019504,0.126334,0.107051
5885.998362,0.023044,0.127593,0.111748
5886.007508,0.035027,0.121575,0.118869
5886.016631,0.051961,0.127720,0.121121
5886.025777,0.059334,0.160605,0.116012
5886.035533,0.049843,0.203163,0.104930
5886.044679,0.037952,0.243270,0.092701
5886.054120,0.037033,0.272415,0.078214
5886.063266,0.045799,0.283308,0.065095
5886.080648,0.067865,0.274747,0.054527
5886.099784,0.076387,0.256477,0.053536
5886.090638,0.076385,0.267444,0.053412
5886.117216,0.058094,0.228444,0.058615
5886.126365,0.059210,0.217512,0.063456
5886.135511,0.069935,0.192009,0.073161
5886.145019,0.077095,0.168911,0.079307
5886.154165,0.069889,0.172527,0.075742
5886.172086,0.027709,0.244241,0.060860
5886.181226,0.014628,0.289212,0.047399
5886.190372,0.016185,0.319564,0.030534
5886.199600,0.026064,0.330493,0.022130
5886.208746,0.027303,0.329269,0.020961
5886.218171,0.021191,0.308556,0.023570
5886.227317,0.015110,0.265899,0.025249
5886.237000,0.011407,0.211077,0.029422
5886.246146,0.007654,0.159928,0.035911
5886.263525,0.002766,0.092909,0.039045
5886.272674,0.010150,0.073392,0.034532
5886.281820,0.019933,0.064856,0.031070
5886.290958,0.026228,0.053825,0.020564
5886.300104,0.026433,0.034260,0.011349
5886.309246,0.020394,0.023271,0.010307
5886.318392,0.019208,0.015948,0.009214
5886.327536,0.018073,0.001297,0.005844
5886.336682,0.013197,-0.007235,0.007131
5886.346031,0.004630,-0.012102,0.010745
5886.355177,0.003395,-0.026720,0.012094
5886.373254,0.020712,-0.052385,-0.002988
5886.382397,0.024577,-0.051234,-0.013626
5886.391543,0.030743,-0.047599,-0.018400
5886.401036,0.039310,-0.041514,-0.022027
5886.410182,0.044236,-0.035436,-0.025646
5886.419344,0.043048,-0.035447,-0.026823
5886.428490,0.039411,-0.045203,-0.026704
5886.446611,0.031002,-0.081805,-0.029808
5886.464701,0.038105,-0.079295,-0.021594
5886.473888,0.040702,-0.058631,-0.030093
5886.483034,0.043302,-0.048935,-0.038467
5886.492964,0.046969,-0.057467,-0.039558
5886.502110,0.050637,-0.072092,-0.040579
5886.511185,0.051928,-0.083082,-0.043995
5886.520331,0.049527,-0.086751,-0.045128
5886.537857,0.037142,-0.076943,-0.033416
5886.547250,0.032113,-0.076895,-0.025147
5886.556396,0.027061,-0.084150,-0.015616
5886.574431,0.030475,-0.081630,-0.005035
5886.583574,0.029209,-0.068211,-0.002826
5886.592720,0.015736,-0.060884,0.003019
5886.602646,0.001074,-0.051131,0.007658
5886.611792,-0.004945,-0.035318,0.005132
5886.629657,0.002431,-0.019494,0.000217
5886.638804,0.001214,-0.002435,0.000025
5886.647950,-0.004854,0.002427,-0.000017
5886.665874,0.001040,-0.013344,0.008407
5886.675769,0.014435,-0.006022,0.005935
5886.684915,0.024290,-0.001178,-0.001219
5886.702451,0.023254,-0.010988,-0.009363
5886.711595,0.024566,-0.001270,-0.014196
5886.720741,0.032094,0.007192,-0.026106
5886.729884,0.035983,0.014428,-0.037994
5886.739030,0.033629,0.022928,-0.041625
5886.748699,0.027563,0.020479,-0.041584
5886.757845,0.021450,0.005859,-0.039044
5886.775603,0.016023,-0.003707,-0.011790
5886.784747,0.019436,0.003687,-0.001264
5886.793893,0.026690,0.004929,-0.000115
5886.803612,0.031417,0.007418,0.005745
5886.812758,0.030076,0.019643,0.011507
5886.830673,0.026477,0.058616,0.008711
5886.848761,0.033747,0.103721,0.008182
5886.857900,0.043701,0.115844,-0.003775
5886.867046,0.046252,0.115807,-0.009679
5886.876188,0.040038,0.104877,-0.002462
5886.885334,0.028898,0.086650,0.008387
5886.894480,0.019096,0.068384,0.013335
5886.903626,0.011793,0.058628,0.014642
5886.913142,0.010479,0.061097,0.019335
5886.922288,0.016394,0.064815,0.026358
5886.940203,0.042174,0.064766,0.012146
5886.949430,0.042447,0.075643,-0.000955
5886.958576,0.037668,0.079264,-0.004525
5886.968611,0.037820,0.071902,-0.011519
5886.977757,0.041812,0.065699,-0.027973
5886.995429,0.045583,0.040073,-0.033588
5887.005058,0.044249,0.015739,-0.027409
5887.014204,0.039376,-0.003761,-0.025997
5887.032024,0.039182,-0.031723,-0.016240
5887.041348,0.042748,-0.037784,-0.012639
5887.050494,0.047577,-0.040203,-0.011443
5887.068221,0.045446,-0.020809,-0.025816
5887.078277,0.041953,-0.002587,-0.033094
5887.087423,0.044527,0.005898,-0.040274
5887.104799,0.043538,0.013132,-0.050972
5887.114323,0.039775,0.004636,-0.044969
5887.123469,0.033563,-0.017262,-0.037627
5887.141375,0.021214,-0.054990,-0.026553
5887.150518,0.017452,-0.068361,-0.020494
5887.159664,0.013737,-0.068343,-0.016947
5887.169130,0.018663,-0.059828,-0.020594
5887.178276,0.029683,-0.059839,-0.025337
5887.196242,0.038030,-0.080488,-0.018041
5887.205607,0.032037,-0.071995,-0.021664
5887.214753,0.027406,-0.057457,-0.032437
5887.224569,0.026289,-0.041650,-0.037334
5887.233715,0.025024,-0.031886,-0.035083
5887.251107,0.023663,-0.046463,-0.027835
5887.260494,0.021037,-0.050057,-0.018351
5887.269640,0.014746,-0.049994,-0.007721
5887.279453,0.007343,-0.059716,-0.001695
5887.288599,0.004870,-0.074328,0.000836
5887.297813,0.013364,-0.079185,0.000873
5887.306959,0.026884,-0.074342,-0.007469
5887.324270,0.031144,-0.048952,-0.037261
5887.333410,0.030133,-0.055114,-0.046626
5887.342556,0.029022,-0.066118,-0.051217
5887.351693,0.027783,-0.063675,-0.050063
5887.360839,0.029019,-0.052713,-0.051370
5887.369982,0.036273,-0.050253,-0.050234
5887.379128,0.043453,-0.052642,-0.045504
5887.388266,0.044616,-0.055060,-0.043119
5887.397412,0.040927,-0.053831,-0.040766
5887.406993,0.039687,-0.047733,-0.039653
5887.416139,0.044536,-0.030662,-0.039858
5887.434234,0.060104,-0.012282,-0.030664
5887.452280,0.065952,-0.045099,-0.019685
5887.461420,0.074371,-0.051149,-0.016095
5887.470566,0.079150,-0.054770,-0.012525
5887.480091,0.065579,-0.054723,-0.001879
5887.489237,0.048366,-0.051026,0.008734
5887.507153,0.046036,-0.034003,0.003826
5887.516580,0.043706,-0.016981,-0.001082
5887.525726,0.040137,0.002485,-0.004835
5887.535319,0.039046,0.014627,-0.010869
5887.544465,0.039171,0.017023,-0.016796
5887.562008,0.041627,-0.003697,-0.017744
5887.571154,0.037865,-0.017068,-0.011685
5887.580300,0.029273,-0.023145,-0.006879
5887.590036,0.017067,-0.025582,-0.003285
5887.599182,0.003646,-0.028022,0.000311
5887.617039,-0.003762,-0.015808,0.006086
5887.626398,0.012159,-0.004858,-0.001151
5887.635544,0.024416,-0.002438,-0.007104
5887.653450,0.020731,-0.024365,-0.004487
5887.662791,0.017166,-0.024397,-0.008018
5887.671937,0.013648,-0.011041,-0.014061
5887.690033,0.006216,0.002399,-0.007120
5887.699173,0.002574,0.009703,-0.007195
5887.708319,-0.004609,0.025498,-0.012078
5887.717462,-0.006963,0.040092,-0.015778
5887.726608,-0.003375,0.047428,-0.013510
5887.735747,-0.002239,0.052330,-0.010029
5887.744893,-0.005879,0.054760,-0.010049
5887.754038,-0.013055,0.042525,-0.014613
5887.763184,-0.015425,0.015692,-0.016662
5887.772326,-0.003285,-0.017186,-0.016313
5887.781472,0.019824,-0.047622,-0.018376
5887.790614,0.036939,-0.067127,-0.024089
5887.799760,0.033449,-0.064747,-0.031188
5887.808914,0.012944,-0.042896,-0.037290
5887.818060,-0.000309,-0.010053,-0.042354
5887.827503,0.010603,0.021655,-0.042740
5887.836649,0.031126,0.029042,-0.038150
5887.846265,0.040666,-0.007439,-0.029497
5887.855411,0.041641,-0.062193,-0.017078
5887.872915,0.041024,-0.103418,0.012886
5887.882060,0.028690,-0.100939,0.022322
5887.891206,0.020022,-0.099679,0.030585
5887.900817,0.016254,-0.088677,0.036366
5887.909963,0.017486,-0.060654,0.034865
5887.927781,0.031323,-0.015703,0.010727
5887.936931,0.029042,0.001303,0.003461
5887.946077,0.018344,0.021922,-0.007368
5887.955216,0.006534,0.035194,-0.022830
5887.964362,-0.001757,0.027798,-0.032166
5887.973504,0.004339,0.005866,-0.033109
5887.982650,0.024970,-0.014809,-0.032918
5887.991794,0.039457,-0.028159,-0.029258
5888.000940,0.035695,-0.043967,-0.023171
5888.010081,0.017399,-0.056157,-0.018274
5888.019227,-0.009318,-0.053766,-0.017063
5888.029236,-0.027421,-0.037994,-0.021922
5888.038382,-0.023610,-0.018547,-0.030410
5888.055804,0.012681,0.010809,-0.026105
5888.065320,0.021024,0.007220,-0.019004
5888.074466,0.022340,-0.002560,-0.023614
5888.092379,0.015285,0.002224,-0.034271
5888.101726,0.006791,0.008300,-0.034322
5888.110872,0.010427,0.022931,-0.034496
5888.128967,0.061210,0.020657,-0.026322
5888.138898,0.068395,-0.006105,-0.021314
5888.148044,0.053641,-0.034097,-0.011525
5888.165554,0.025315,-0.054729,0.008826
5888.175362,0.036086,-0.063187,0.015977
5888.184508,0.052973,-0.069212,0.020728
5888.193623,0.052946,-0.061892,0.021825
5888.202769,0.033505,-0.046081,0.022866
5888.220398,0.000862,0.000119,0.016512
5888.229541,0.003561,0.011000,0.003405
5888.238687,0.012307,0.001185,-0.008299
5888.248299,0.022267,-0.014722,-0.019936
5888.257445,0.034678,-0.023319,-0.032842
5888.275267,0.052907,-0.044007,-0.033826
5888.284406,0.026144,-0.063536,-0.030006
5888.293552,-0.011439,-0.075807,-0.030964
5888.302695,-0.029464,-0.072247,-0.039223
5888.311841,-0.023177,-0.050374,-0.050103
5888.321125,-0.007285,-0.026010,-0.056314
5888.330271,0.007297,-0.013802,-0.057665
5888.339277,0.023144,-0.013795,-0.061239
5888.348423,0.039017,-0.012578,-0.066006
5888.357560,0.036589,-0.005271,-0.066084
5888.366706,0.009893,0.010517,-0.066206
5888.375851,-0.017992,0.033606,-0.067588
5888.384997,-0.020472,0.048242,-0.065390
5888.394137,0.000001,0.054427,-0.058426
5888.403283,0.033772,0.058219,-0.049106
5888.412426,0.073512,0.047434,-0.034912
5888.421572,0.097358,0.015940,-0.014550
5888.430716,0.094614,-0.021734,0.001221
5888.439862,0.078547,-0.048477,0.015717
5888.449385,0.072132,-0.055684,0.032330
5888.458531,0.076680,-0.038513,0.046281
5888.476439,0.045627,0.050621,0.078364
5888.485855,0.003693,0.078791,0.109986
5888.495001,-0.004158,0.057032,0.137385
5888.504669,0.030735,0.019426,0.151894
5888.513815,0.076641,0.008619,0.161356
5888.531536,0.101341,0.017460,0.197772
5888.549599,0.078875,0.021281,0.227270
5888.558733,0.074136,0.067538,0.220855
5888.567879,0.052531,0.141748,0.208259
5888.577612,0.029713,0.214737,0.195679
5888.586758,0.027576,0.260940,0.181001
5888.604460,0.027136,0.278959,0.144226
5888.613601,0.021368,0.288595,0.129972
5888.622747,0.031340,0.327520,0.116530
5888.632252,0.041181,0.394516,0.108666
5888.641398,0.036236,0.468869,0.111369
5888.650552,0.025204,0.522501,0.115500
5888.659698,0.033568,0.538402,0.121199
5888.669097,0.056401,0.511714,0.132071
5888.678243,0.074470,0.424059,0.140109
5888.695902,0.091608,0.196172,0.137951
5888.705043,0.082078,0.193656,0.129742
5888.714189,0.043665,0.253149,0.109092
5888.723336,-0.003237,0.300437,0.088600
5888.732482,-0.029630,0.308813,0.074406
5888.741625,-0.031701,0.289193,0.058118
5888.750771,-0.023790,0.268282,0.028846
5888.759909,-0.018033,0.257023,-0.013508
5888.769055,-0.023125,0.270090,-0.059654
5888.778198,-0.035578,0.307541,-0.102524
5888.787344,-0.040924,0.336534,-0.137055
5888.796488,-0.034427,0.315687,-0.156886
5888.805634,-0.018460,0.230355,-0.164206
5888.815507,0.000118,0.108410,-0.179373
5888.824653,0.017805,-0.000241,-0.210026
5888.842377,-0.012042,-0.084952,-0.288036
5888.860497,-0.122794,-0.050132,-0.329482
5888.869640,-0.144743,-0.002615,-0.325257
5888.878786,-0.127969,0.046232,-0.316412
5888.888250,-0.101680,0.054951,-0.297694
5888.897396,-0.101180,-0.003300,-0.262819
5888.906976,-0.131105,-0.092045,-0.222812
5888.916122,-0.159575,-0.141875,-0.195049
5888.934023,-0.105031,-0.127123,-0.192976
5888.943636,-0.044370,-0.116031,-0.193234
5888.952782,-0.008101,-0.102510,-0.187569
5888.970383,-0.032921,-0.086533,-0.161743
5888.988523,-0.058663,-0.203072,-0.089576
5888.997661,-0.065319,-0.254068,-0.060667
5889.006807,-0.063118,-0.251550,-0.050083
5889.015950,-0.048451,-0.177224,-0.056861
5889.025096,-0.023761,-0.060334,-0.079482
5889.034238,0.003558,0.044307,-0.111406
5889.043384,0.021131,0.105074,-0.140450
5889.052786,0.030048,0.108605,-0.160565
5889.061932,0.040141,0.062191,-0.177753
5889.079960,0.047624,-0.060936,-0.184624
5889.089775,0.041191,-0.098602,-0.166486
5889.098921,0.032126,-0.117925,-0.139112
5889.108297,0.024221,-0.122606,-0.109549
5889.117443,0.018839,-0.109036,-0.084918
5889.135052,-0.003539,-0.049191,-0.060777
5889.153137,-0.008287,0.039719,-0.067678
5889.163138,0.034350,0.049497,-0.076141
5889.172284,0.074456,-0.027213,-0.077713
5889.189865,0.082145,-0.241395,-0.035178
5889.207980,0.105651,-0.204535,-0.000258
5889.217564,0.120388,-0.107080,-0.010839
5889.226710,0.140122,0.017145,-0.028814
5889.236339,0.163268,0.154859,-0.036332
5889.245485,0.172939,0.308429,-0.038103
5889.263296,0.036324,0.649592,-0.011022
5889.281134,-0.204038,0.739727,0.050998
5889.291107,-0.217816,0.765433,0.070790
5889.300253,-0.089181,0.859515,0.067079
5889.317712,0.339642,1.017405,0.037214
5889.326856,0.381753,1.027358,0.053525
5889.336002,0.241527,1.024869,0.086890
5889.345144,0.006461,1.040534,0.129692
5889.354290,-0.176591,1.080728,0.179180
5889.363429,-0.216305,1.135781,0.219929
5889.372575,-0.141525,1.207977,0.238999
5889.381726,-0.050896,1.276524,0.254537
5889.390872,0.004154,1.311011,0.289415
5889.400010,0.028464,1.274896,0.345221
5889.409156,0.056488,1.132749,0.399867
5889.418307,0.140846,0.889401,0.431950
5889.427453,0.329116,0.613100,0.427611
5889.436590,0.573861,0.387872,0.390715
5889.445736,0.737852,0.232976,0.327240
5889.455600,0.715295,0.104408,0.249714
5889.464746,0.543432,-0.028096,0.176096
5889.482761,0.249244,-0.119491,0.091657
5889.491783,0.199733,-0.044119,0.079109
5889.500929,0.120350,0.044848,0.101862
5889.518884,-0.179645,0.215754,0.227975
5889.528027,-0.304872,0.303729,0.295668
5889.537173,-0.385815,0.372094,0.335176
5889.547284,-0.450182,0.429256,0.337024
5889.556430,-0.507874,0.459420,0.310851
5889.573751,-0.508810,0.294412,0.244310
5889.583209,-0.435503,0.140851,0.223487
5889.592355,-0.345188,0.003160,0.201265
5889.610329,-0.196175,-0.120351,0.099714
5889.619587,-0.190086,-0.048858,0.039900
5889.628733,-0.241306,0.067701,-0.007326
5889.637763,-0.340265,0.164806,-0.034171
5889.646909,-0.462613,0.202267,-0.043770
5889.656051,-0.557288,0.157000,-0.040688
5889.665197,-0.597752,0.049827,-0.018144
5889.674591,-0.610634,-0.070585,0.019827
5889.683737,-0.626932,-0.178894,0.047051
5889.701775,-0.649696,-0.343543,0.037180
5889.711244,-0.655320,-0.414380,0.017944
5889.720390,-0.657283,-0.469374,-0.002660
5889.729723,-0.645857,-0.492674,-0.026013
5889.738869,-0.618716,-0.485457,-0.047389
5889.756638,-0.511157,-0.441635,-0.085873
5889.766500,-0.462279,-0.425810,-0.102676
5889.775646,-0.435337,-0.422183,-0.114573
5889.793215,-0.371543,-0.436912,-0.147576
5889.802358,-0.319981,-0.451632,-0.175834
5889.811504,-0.258640,-0.455390,-0.207776
5889.821013,-0.191288,-0.439619,-0.237596
5889.830159,-0.121614,-0.404312,-0.262923
5889.839338,-0.046051,-0.357967,-0.280132
5889.848484,0.026833,-0.304230,-0.285621
5889.866379,0.135130,-0.153014,-0.304096
5889.875517,0.208340,-0.101823,-0.324894
5889.884663,0.307094,-0.115187,-0.347371
5889.894576,0.405655,-0.162605,-0.360022
5889.903722,0.464933,-0.179486,-0.351700
5889.921232,0.430238,-0.208965,-0.202644
5889.930376,0.386575,-0.285014,-0.087251
5889.939522,0.368703,-0.307499,0.012140
5889.948930,0.378056,-0.250901,0.084617
5889.958076,0.385459,-0.194466,0.134686
5889.967204,0.361719,-0.145542,0.166032
5889.976350,0.322719,-0.037111,0.171959
5889.994389,0.333142,0.285181,0.073886
5890.003533,0.366280,0.332239,-0.002224
5890.012679,0.386833,0.274626,-0.054699
5890.022022,0.384672,0.207511,-0.065727
5890.031168,0.358554,0.267382,-0.036859
5890.040736,0.318800,0.494265,0.001931
5890.049882,0.275978,0.744103,0.013333
5890.059048,0.213484,0.875380,-0.017519
5890.068194,0.099992,1.028093,-0.103952
5890.085831,-0.189108,1.726658,-0.674010
5890.095352,-0.477212,1.466295,-0.869787
5890.104498,-0.988970,0.451328,-0.686049
5890.122587,-1.243457,-2.118009,0.214416
5890.140695,0.248610,-2.284657,0.683778
5890.150095,0.838516,-1.426484,0.537048
5890.159241,1.148088,-0.581861,0.280188
5890.168499,1.194041,-0.173501,0.106735
5890.177645,1.047083,-0.208276,0.057903
5890.186782,0.826084,-0.386576,0.071033
5890.195928,0.620866,-0.496607,0.082171
5890.205310,0.458510,-0.585968,0.074105
5890.214456,0.349422,-0.722705,0.072361
5890.223542,0.315026,-0.840834,0.095017
5890.232688,0.342306,-0.846661,0.124517
5890.250429,0.446051,-0.585884,0.089467
5890.259585,0.492833,-0.484875,0.055182
5890.268731,0.520961,-0.471488,0.044351
5890.277860,0.532830,-0.522555,0.057884
5890.287006,0.540991,-0.606508,0.075339
5890.296148,0.557776,-0.716077,0.087169
5890.305294,0.583285,-0.846421,0.088599
5890.314820,0.616072,-0.971875,0.089957
5890.323966,0.629389,-1.064449,0.093343
5890.333140,0.589236,-1.104705,0.099788
5890.342286,0.508984,-1.103591,0.108207
5890.360159,0.416559,-1.143920,0.119485
5890.369301,0.405950,-1.187914,0.105853
5890.378447,0.391871,-1.203945,0.083652
5890.387594,0.371696,-1.202919,0.062449
5890.396740,0.341939,-1.194643,0.035286
5890.405876,0.295535,-1.135334,-0.008938
5890.415022,0.239759,-1.003043,-0.070490
5890.424166,0.195933,-0.841421,-0.124144
5890.433312,0.169511,-0.706305,-0.139783
5890.442455,0.142222,-0.614769,-0.113634
5890.451601,0.093867,-0.573089,-0.065635
5890.460748,0.017367,-0.570379,-0.005335
5890.469894,-0.062598,-0.568954,0.046730
5890.479032,-0.104357,-0.538405,0.070067
5890.488178,-0.086121,-0.483545,0.067043
5890.497327,-0.033391,-0.411730,0.038976
5890.506473,0.019790,-0.338847,-0.010338
5890.516139,0.054756,-0.306208,-0.057975
5890.525285,0.057965,-0.328397,-0.094300
5890.534457,0.017650,-0.371444,-0.137371
5890.543603,-0.048145,-0.403574,-0.180511
5890.561329,-0.143337,-0.375555,-0.154670
5890.570479,-0.156439,-0.303361,-0.110635
5890.579625,-0.152201,-0.243437,-0.083014
5890.588763,-0.124323,-0.232404,-0.082021
5890.597909,-0.075089,-0.239850,-0.115075
5890.607053,-0.009568,-0.196257,-0.173520
5890.616199,0.040069,-0.103915,-0.227768
5890.625340,0.028401,-0.055353,-0.250711
5890.634486,-0.046960,-0.107859,-0.242870
5890.643630,-0.128678,-0.201711,-0.220388
5890.652776,-0.163112,-0.262554,-0.197205
5890.662343,-0.158705,-0.284330,-0.175732
5890.671489,-0.153035,-0.303682,-0.156647
5890.680624,-0.164290,-0.366957,-0.139386
5890.689770,-0.179494,-0.508126,-0.105892
5890.699014,-0.173124,-0.690592,-0.058997
5890.708160,-0.115836,-0.813231,-0.011715
5890.725928,0.081629,-0.846034,0.116818
5890.735081,0.094381,-0.782848,0.257636
5890.744227,0.105850,-0.480397,0.453536
5890.753361,0.262419,0.173055,0.607369
5890.762507,0.627673,1.049114,0.641420
5890.771911,1.071614,1.765356,0.629932
5890.781057,1.320340,1.897874,0.683328
5890.799088,0.525191,0.605541,0.849609
5890.808444,-0.218607,-0.092974,0.869804
5890.817590,-0.655368,-0.534179,0.822695
5890.835676,-0.348664,-0.648828,0.550821
5890.844807,0.001449,-0.483434,0.399530
5890.853953,0.355389,-0.322563,0.296652
5890.863090,0.641409,-0.212610,0.251128
5890.872236,0.730148,-0.085756,0.240051
5890.881380,0.511259,0.133306,0.259265
5890.890526,0.011916,0.412786,0.286658
5890.899669,-0.521349,0.645468,0.255673
5890.908815,-0.802571,0.795502,0.183792
5890.917963,-0.809447,0.889182,0.162684
5890.927109,-0.716755,0.905458,0.196508
5890.937130,-0.639863,0.818132,0.233908
5890.946276,-0.600600,0.703928,0.272875
5890.963888,-0.628707,0.755524,0.338412
5890.981972,-0.607538,0.897957,0.309609
5890.991108,-0.604579,0.869757,0.285150
5891.000254,-0.614760,0.815872,0.251575
5891.009400,-0.624910,0.741261,0.217056
5891.018546,-0.646246,0.624067,0.196023
5891.027687,-0.683347,0.471500,0.175428
5891.036833,-0.703193,0.351779,0.141444
5891.046130,-0.685279,0.347849,0.097801
5891.055276,-0.632207,0.459763,0.052760
5891.065052,-0.529447,0.592512,0.009734
5891.074198,-0.380571,0.680265,-0.032879
5891.091747,-0.164592,0.776560,-0.093432
5891.100845,-0.117652,0.780438,-0.075883
5891.109991,-0.075109,0.706574,-0.020866
5891.119132,-0.038817,0.559644,0.044434
5891.128278,0.003826,0.371201,0.097216
5891.137796,0.078191,0.176670,0.141741
5891.146942,0.184000,-0.010449,0.190832
5891.164989,0.404062,-0.395625,0.291480
5891.174504,0.483452,-0.574361,0.327556
5891.183650,0.518328,-0.646081,0.343634
5891.192903,0.480918,-0.545085,0.331947
5891.202049,0.366302,-0.292074,0.296281
5891.219910,0.078415,0.385784,0.240813
5891.238007,0.089604,0.805714,0.161681
5891.247149,0.243762,0.765384,0.101639
5891.256296,0.431997,0.593485,0.039485
5891.265513,0.583673,0.363074,-0.013665
5891.274659,0.661527,0.124326,-0.018192
5891.284278,0.667629,-0.089733,0.042040
5891.293424,0.601108,-0.252412,0.150214
5891.311162,0.291837,-0.117412,0.371134
5891.320354,0.171012,0.251803,0.396681
5891.329500,0.105502,0.614392,0.331346
5891.339133,0.042924,0.800937,0.188970
5891.348279,-0.048685,0.782268,-0.009990
5891.366035,-0.332696,0.153753,-0.390335
5891.375170,-0.601454,-0.379911,-0.462709
5891.384316,-0.984162,-0.852506,-0.483625
5891.393459,-1.270613,-1.091889,-0.472016
5891.402605,-1.221820,-1.050851,-0.371134
5891.411788,-0.847331,-0.758710,-0.187703
5891.420934,-0.340954,-0.265523,-0.049320
5891.430041,0.140432,0.304622,-0.049786
5891.439187,0.529166,0.752058,-0.140670
5891.448341,0.781979,0.914085,-0.223287
5891.457487,0.834202,0.791099,-0.223178
5891.467047,0.664229,0.517428,-0.097000
5891.476193,0.412064,0.182152,0.130335
5891.494044,0.429992,-0.711733,0.562822
5891.503191,0.624767,-1.060467,0.653672
5891.512337,0.714196,-1.097130,0.613785
5891.522385,0.667727,-0.847299,0.454137
5891.531531,0.567691,-0.501658,0.243965
5891.549400,0.308288,-0.062370,-0.119111
5891.567205,0.051633,-0.107766,-0.429480
5891.576347,0.051661,-0.212167,-0.542723
5891.585493,0.092879,-0.335553,-0.595673
5891.594849,0.097581,-0.441508,-0.586218
5891.603995,0.041773,-0.511892,-0.527488
5891.613294,-0.034001,-0.571165,-0.442888
5891.622440,-0.070874,-0.641350,-0.361788
5891.640370,-0.014248,-0.780422,-0.225838
5891.649501,-0.008882,-0.785051,-0.192765
5891.658647,-0.051344,-0.686435,-0.194976
5891.668184,-0.099841,-0.504979,-0.200478
5891.677330,-0.118408,-0.323329,-0.187171
5891.686734,-0.116738,-0.191467,-0.154467
5891.695880,-0.112581,-0.103488,-0.123626
5891.713905,-0.120991,-0.030419,-0.129159
5891.731812,-0.130697,-0.031658,-0.129124
5891.741304,-0.117291,-0.073082,-0.131041
5891.750450,-0.109580,-0.098801,-0.150820
5891.768379,-0.093753,0.055564,-0.213958
5891.778188,-0.079806,0.163842,-0.244715
5891.787334,-0.076839,0.212410,-0.271229
5891.796650,-0.083714,0.196419,-0.289907
5891.805796,-0.089545,0.150023,-0.299983
5891.823597,-0.056458,0.030561,-0.312850
5891.841532,-0.000370,-0.088836,-0.323408
5891.850678,0.031158,-0.126542,-0.321868
5891.859824,0.068659,-0.191012,-0.315316
5891.868961,0.105031,-0.294506,-0.311856
5891.878107,0.137385,-0.388134,-0.290804
5891.887248,0.175854,-0.431397,-0.216073
5891.896394,0.221580,-0.546126,-0.081556
5891.905966,0.258467,-0.788707,0.072131
5891.915112,0.320275,-0.725597,0.188069
5891.933111,0.763365,1.346374,0.243712
5891.942489,0.975801,2.037290,0.336831
5891.951635,0.966313,1.882442,0.501418
5891.969560,0.353374,0.501454,0.658875
5891.979572,0.050768,-0.193983,0.641505
5891.988718,-0.095407,-0.644142,0.622179
5892.006129,-0.026238,-0.294280,0.442264
5892.015268,0.083887,0.078105,0.332786
5892.024414,0.141071,0.140315,0.323695
5892.033557,0.089134,-0.065399,0.374521
5892.042703,0.007787,-0.249549,0.381515
5892.051847,0.038259,-0.252377,0.317776
5892.060993,0.181261,-0.178512,0.209270
5892.070133,0.235196,-0.164778,0.068610
5892.079279,0.012602,-0.129707,-0.076411
5892.088861,-0.413069,0.059861,-0.202695
5892.098007,-0.795589,0.360584,-0.306747
5892.115864,-1.109573,0.774982,-0.212870
5892.125349,-1.159625,0.791638,-0.084363
5892.134495,-1.183366,0.734548,-0.050629
5892.152440,-1.255685,0.575421,-0.126519
5892.162342,-1.362470,0.495595,-0.180824
5892.171488,-1.492848,0.433774,-0.267134
5892.189221,-1.647176,0.478625,-0.427751
5892.198551,-1.585887,0.590648,-0.459834
5892.207697,-1.441725,0.662910,-0.451533
5892.225591,-1.254376,0.627380,-0.360697
5892.234740,-1.213618,0.591072,-0.336778
5892.243886,-1.130987,0.576575,-0.342691
5892.253025,-0.998142,0.586395,-0.371404
5892.262171,-0.866687,0.602362,-0.391928
5892.271311,-0.775354,0.596750,-0.350772
5892.280457,-0.695293,0.535585,-0.234637
5892.289599,-0.587740,0.419781,-0.097884
5892.298745,-0.460147,0.295276,0.009432
5892.307887,-0.353849,0.207103,0.090426
5892.317033,-0.284973,0.162658,0.161566
5892.326585,-0.236529,0.151007,0.222938
5892.335731,-0.175533,0.167269,0.263911
5892.344863,-0.090863,0.202867,0.275118
5892.354009,0.005401,0.243136,0.254394
5892.371897,0.089145,0.294071,0.194646
5892.381039,0.063618,0.285505,0.197159
5892.390185,0.093500,0.278405,0.218410
5892.399336,0.221857,0.275095,0.229965
5892.408482,0.394695,0.260640,0.203801
5892.417995,0.542805,0.254412,0.142204
5892.427141,0.640026,0.278522,0.076834
5892.445056,0.718404,0.219540,-0.013502
5892.454351,0.734143,0.099757,-0.066438
5892.463497,0.731638,-0.040763,-0.116738
5892.481630,0.719210,-0.392853,-0.095003
5892.490776,0.804439,-0.455739,-0.050822
5892.499922,0.991832,-0.291846,-0.023604
5892.509059,1.235334,0.035756,0.042915
5892.518205,1.455183,1.184413,0.062378
5892.536503,1.351118,6.378001,-1.722509
5892.527357,1.600076,3.923045,-0.479965
5892.545645,0.245154,5.358460,-2.522488
5892.554791,-1.261722,0.948664,-1.792977
5892.563925,-1.829408,-3.943012,-0.203544
5892.573071,-0.983425,-7.030029,0.932832
5892.582372,0.386415,-7.251866,1.388933
5892.591518,1.398833,-4.714154,1.475781
5892.609649,2.226459,1.874193,0.176710
5892.619641,2.232851,3.251061,-0.726141
5892.628787,1.876208,3.433904,-1.132092
5892.646780,0.519664,1.516002,-0.681408
5892.664515,0.005588,-1.238294,-0.007135
5892.674460,0.224125,-1.404433,0.046191
5892.683606,0.549567,-1.016362,0.023365
5892.701467,1.205193,-0.577306,0.047609
5892.719386,1.199740,-0.692879,0.078430
5892.728833,1.020153,-0.589661,0.077644
5892.737979,0.882665,-0.362348,0.034063
5892.747099,0.815276,-0.093776,-0.054971
5892.756245,0.793632,0.103114,-0.125591
5892.774254,0.734958,0.087706,-0.047427
5892.784304,0.641984,0.042687,-0.010141
5892.793450,0.522208,0.097164,-0.027017
5892.811202,0.450552,0.107195,-0.137869
5892.820223,0.463799,-0.055220,-0.186774
5892.829369,0.392038,-0.150354,-0.176096
5892.847401,0.178357,-0.076814,-0.056139
5892.856540,0.183771,0.033086,-0.027910
5892.865686,0.217385,0.173409,-0.014246
5892.874832,0.219463,0.273452,-0.000055
5892.883978,0.179050,0.271058,0.017756
5892.893123,0.124230,0.151602,0.031034
5892.902269,0.091759,-0.008192,0.021128
5892.911409,0.085179,-0.108362,-0.009568
5892.920555,0.083580,-0.112299,-0.048450
5892.929740,0.076124,-0.045641,-0.098741
5892.938886,0.068861,0.051416,-0.158818
5892.948599,0.078241,0.118159,-0.202068
5892.957745,0.107692,0.087644,-0.217121
5892.966912,0.124703,-0.025656,-0.215867
5892.976058,0.091918,-0.123199,-0.212324
5892.993723,0.009694,-0.135646,-0.224981
5893.002853,-0.008238,-0.097997,-0.238348
5893.011999,-0.046693,-0.071391,-0.256263
5893.021465,-0.111805,-0.086282,-0.274827
5893.030611,-0.174438,-0.112153,-0.295631
5893.048575,-0.155425,-0.055115,-0.335253
5893.058210,-0.164665,-0.185269,-0.297178
5893.067356,-0.241007,-0.438511,-0.238679
5893.085347,0.017650,-0.185006,-0.312914
5893.103443,0.675100,0.555237,-0.438392
5893.112585,0.617191,0.376288,-0.392577
5893.121731,0.356311,-0.001583,-0.325178
5893.131640,0.136161,-0.233375,-0.293745
5893.140786,0.048750,-0.211602,-0.291444
5893.150009,0.019226,-0.079921,-0.275184
5893.159155,-0.015824,0.037351,-0.226897
5893.176598,-0.102242,0.288293,-0.047893
5893.186162,-0.218487,0.366780,0.054100
5893.195308,-0.428801,0.380302,0.131085
5893.204889,-0.717526,0.398386,0.186953
5893.214035,-1.003887,0.464020,0.244633
5893.232020,-1.177836,0.452444,0.380811
5893.249750,-0.749816,0.292558,0.395859
5893.259053,-0.513513,0.279324,0.351847
5893.268200,-0.414330,0.251195,0.309482
5893.277554,-0.463539,0.214359,0.285235
5893.286700,-0.566313,0.199407,0.269113
5893.304617,-0.685693,0.233849,0.176962
5893.313757,-0.754953,0.312542,0.123129
5893.322903,-0.876982,0.377923,0.097875
5893.332754,-1.027420,0.345931,0.098566
5893.341900,-1.141715,0.223924,0.113182
5893.359481,-1.207907,-0.000200,0.150092
5893.368620,-1.228856,-0.008664,0.165570
5893.377766,-1.259475,0.042549,0.178030
5893.386911,-1.292244,0.092447,0.177532
5893.396057,-1.313104,0.129040,0.187778
5893.405197,-1.308936,0.168272,0.219174
5893.414343,-1.287583,0.209910,0.241068
5893.423489,-1.270510,0.265969,0.235674
5893.432634,-1.268838,0.340151,0.212410
5893.441781,-1.274086,0.376423,0.173077
5893.450927,-1.279187,0.317597,0.128929
5893.460427,-1.273976,0.182228,0.115124
5893.469573,-1.251623,0.059433,0.150687
5893.487624,-1.154964,0.004119,0.227789
5893.496643,-1.047060,0.014114,0.230979
5893.505789,-0.870004,0.036436,0.233879
5893.514935,-0.655412,0.064954,0.240166
5893.524081,-0.463573,0.098200,0.232292
5893.533217,-0.324495,0.144533,0.194890
5893.542363,-0.223735,0.168683,0.134231
5893.551508,-0.153444,0.135545,0.081368
5893.560654,-0.112616,0.078091,0.045363
5893.569797,-0.086507,0.063311,0.015982
5893.578943,-0.029037,0.081556,-0.005586
5893.588086,0.075206,0.069617,-0.000957
5893.597232,0.177547,0.004287,0.037315
5893.606374,0.223555,-0.075604,0.100651
5893.615520,0.229370,-0.134811,0.170916
5893.624659,0.237680,-0.164789,0.237304
5893.633805,0.255943,-0.178990,0.291693
5893.642952,0.263742,-0.210424,0.325066
5893.652098,0.263552,-0.256665,0.335031
5893.661240,0.289139,-0.290769,0.330646
5893.670386,0.353951,-0.327364,0.307327
5893.679533,0.438532,-0.387192,0.267715
5893.688679,0.544008,-0.417820,0.214748
5893.698398,0.669239,-0.414404,0.144833
5893.707544,0.742386,-0.355070,0.069676
5893.725251,0.621759,0.336182,-0.206915
5893.734900,0.506473,0.592663,-0.439632
5893.744046,0.325851,0.479320,-0.558278
5893.761829,-0.083145,-0.365934,-0.361361
5893.770973,-0.075074,-0.445794,-0.282607
5893.780119,0.171412,0.021353,-0.302623
5893.789468,0.500001,0.657776,-0.364858
5893.798614,0.686358,0.984488,-0.406737
5893.807873,0.720693,0.929600,-0.422702
5893.817019,0.759102,0.662953,-0.397332
5893.834982,1.013004,-0.084833,-0.225381
5893.845120,1.107787,-0.354802,-0.169424
5893.854266,1.128268,-0.489972,-0.159670
5893.871565,1.011821,-0.603545,-0.158122
5893.880701,0.962582,-0.575381,-0.125304
5893.889847,0.949650,-0.476436,-0.089832
5893.898989,0.953784,-0.398199,-0.057701
5893.908135,0.962377,-0.462392,-0.003901
5893.917277,0.983875,-0.675075,0.073978
5893.926423,1.032073,-0.925481,0.152229
5893.935566,1.099107,-1.113916,0.199060
5893.944712,1.164794,-1.205232,0.192879
5893.953861,1.192509,-1.186021,0.144232
5893.963007,1.154992,-1.095144,0.080753
5893.972144,1.063963,-0.995804,0.023192
5893.981290,0.965473,-0.868391,-0.026414
5893.990434,0.882564,-0.672642,-0.068575
5893.999580,0.815052,-0.476736,-0.093075
5894.009249,0.778654,-0.365922,-0.095439
5894.018395,0.787817,-0.292607,-0.071520
5894.027828,0.822931,-0.156844,-0.014158
5894.036974,0.858822,0.027808,0.062700
5894.054881,0.930201,0.090576,0.127893
5894.072734,1.002671,-0.332821,0.038184
5894.082293,1.037327,-0.523482,-0.047017
5894.091439,1.056173,-0.613834,-0.075521
5894.100732,1.006195,-0.684534,-0.062810
5894.109878,0.831530,-0.772643,-0.062605
5894.127601,0.316140,-0.608867,-0.019702
5894.136746,0.230706,-0.373690,-0.000962
5894.145892,0.293630,-0.196814,0.002784
5894.155279,0.390412,-0.072230,0.012950
5894.164425,0.414447,0.061939,0.020807
5894.173689,0.361044,0.143479,0.019994
5894.182835,0.299105,0.087320,0.024308
5894.192066,0.276032,-0.038232,0.028148
5894.201212,0.274063,-0.068853,0.007267
5894.210766,0.254238,0.045382,-0.032923
5894.219912,0.213786,0.168107,-0.073164
5894.237507,0.104425,0.084670,-0.120343
5894.246842,0.056606,0.039247,-0.152754
5894.255988,0.029378,0.037746,-0.184530
5894.273908,-0.017875,-0.023300,-0.186091
5894.283143,-0.067681,-0.080654,-0.181790
5894.292289,-0.113507,-0.093026,-0.194526
5894.301637,-0.109384,-0.015192,-0.219016
5894.310783,-0.076157,0.018838,-0.241891
5894.320795,-0.131698,-0.175117,-0.250177
5894.329941,-0.294335,-0.465447,-0.240616
5894.347062,-0.172285,-0.182327,-0.224053
5894.356207,0.158895,0.218052,-0.231695
5894.365353,0.378304,0.400131,-0.227170
5894.374490,0.315660,0.247939,-0.187548
5894.383636,-0.009667,-0.158042,-0.112610
5894.392778,-0.400507,-0.577562,-0.037376
5894.401924,-0.637941,-0.708149,0.005918
5894.411069,-0.660245,-0.430207,0.021674
5894.420215,-0.551740,0.061326,0.042970
5894.430429,-0.431502,0.440909,0.085571
5894.439575,-0.385237,0.548590,0.132611
5894.456796,-0.534451,0.363058,0.136230
5894.465938,-0.631037,0.256686,0.116418
5894.475084,-0.697437,0.128491,0.103866
5894.484289,-0.735910,0.017406,0.089880
5894.493435,-0.740409,0.001436,0.073555
5894.502519,-0.700241,0.090430,0.065375
5894.511665,-0.636160,0.186902,0.073574
5894.521192,-0.597912,0.184736,0.100649
5894.530338,-0.602260,0.108195,0.135743
5894.539984,-0.623554,0.073038,0.168042
5894.549130,-0.636172,0.113387,0.190024
5894.567092,-0.677322,0.156326,0.241532
5894.585164,-0.790456,0.092018,0.314473
5894.603104,-0.918894,0.229396,0.303749
5894.612609,-1.019639,0.310849,0.304219
5894.621755,-1.121511,0.345965,0.301681
5894.639683,-1.257773,0.299100,0.263581
5894.649296,-1.277752,0.213544,0.235107
5894.658442,-1.299240,0.102493,0.221083
5894.676256,-1.451279,-0.096315,0.243734
5894.686301,-1.516047,-0.142597,0.266817
5894.695447,-1.548436,-0.177719,0.307398
5894.712833,-1.560308,-0.176205,0.352236
5894.721979,-1.525205,-0.148079,0.355378
5894.731125,-1.474415,-0.180820,0.363899
5894.749413,-1.431659,-0.361177,0.354064
5894.740267,-1.438022,-0.272136,0.366040
5894.758682,-1.459213,-0.362570,0.337624
5894.767828,-1.473348,-0.246978,0.315103
5894.776973,-1.406308,-0.072691,0.296454
5894.786119,-1.253398,0.090896,0.290718
5894.795179,-1.078687,0.197267,0.287946
5894.804325,-0.919401,0.210880,0.270929
5894.814260,-0.775746,0.148863,0.248909
5894.823406,-0.672073,0.066030,0.224854
5894.832652,-0.610535,-0.030403,0.185709
5894.841798,-0.540428,-0.137813,0.143131
5894.859143,-0.284885,-0.159478,0.107431
5894.868281,-0.185171,-0.052117,0.094194
5894.877427,-0.149608,0.046532,0.074117
5894.886570,-0.150504,0.084199,0.058353
5894.895716,-0.129977,0.074526,0.063137
5894.904864,-0.069985,0.055377,0.095078
5894.914010,-0.007917,0.030256,0.143597
5894.923950,0.031181,-0.022966,0.188948
5894.933096,0.082742,-0.096988,0.219172
5894.950826,0.274373,-0.140442,0.222790
5894.960421,0.318564,-0.084470,0.197282
5894.969567,0.321748,0.001800,0.159721
5894.987167,0.459511,0.115996,0.068461
5894.996426,0.568492,0.124414,0.020940
5895.005572,0.644809,0.158322,-0.031520
5895.014595,0.703025,0.204347,-0.088797
5895.023741,0.752673,0.247941,-0.142489
5895.033310,0.772886,0.361040,-0.182753
5895.042456,0.737556,0.558424,-0.180206
5895.060314,0.562086,0.809343,-0.149653
5895.069459,0.561099,0.665473,-0.328507
5895.078605,0.546468,0.123613,-0.427294
5895.087746,0.392186,-0.673981,-0.285741
5895.096892,0.214475,-1.244842,-0.131384
5895.106040,0.226891,-1.277813,-0.144012
5895.115186,0.453185,-0.780795,-0.242186
5895.124935,0.760889,0.068514,-0.353990
5895.134081,0.964119,0.836009,-0.457556
5895.151760,0.745415,0.749962,-0.497390
5895.161246,0.577759,0.308576,-0.476659
5895.170392,0.537873,-0.026661,-0.476291
5895.179595,0.590362,-0.210662,-0.487285
5895.188741,0.672771,-0.243364,-0.482372
5895.197851,0.747500,-0.167495,-0.460985
5895.206997,0.797860,-0.072144,-0.435048
5895.224912,0.921540,0.073549,-0.377991
5895.234766,1.015692,0.104367,-0.356132
5895.243912,1.074460,0.019417,-0.322260
5895.253004,1.075831,-0.186163,-0.268013
5895.262150,1.041721,-0.407558,-0.199351
5895.279779,0.957629,-0.528645,-0.064480
5895.289179,0.926524,-0.435839,-0.030079
5895.298325,0.918155,-0.320135,-0.038458
5895.307627,0.922451,-0.235047,-0.071289
5895.316773,0.918093,-0.203539,-0.095233
5895.334647,0.882980,-0.192668,-0.098820
5895.343800,0.869452,-0.163389,-0.090867
5895.352946,0.865229,-0.130301,-0.064101
5895.362072,0.866741,-0.077593,-0.022235
5895.371218,0.852451,-0.000536,0.020567
5895.380362,0.813873,0.059419,0.064797
5895.389508,0.768025,0.082798,0.109459
5895.398652,0.741395,0.078256,0.163836
5895.407798,0.737549,0.042167,0.231499
5895.416941,0.748770,-0.023306,0.275870
5895.426087,0.758744,-0.097707,0.264900
5895.435709,0.736278,-0.144255,0.238345
5895.444855,0.662373,-0.160283,0.233970
5895.462664,0.460247,-0.268500,0.156602
5895.471806,0.402028,-0.279999,0.099053
5895.480952,0.395189,-0.236292,0.077335
5895.490096,0.442020,-0.240096,0.043065
5895.499242,0.534983,-0.297839,-0.048497
5895.508385,0.627992,-0.340974,-0.142584
5895.517531,0.663643,-0.408078,-0.163132
5895.527116,0.659715,-0.570058,-0.145941
5895.536262,0.656355,-0.810216,-0.153814
5895.545477,0.642493,-1.009103,-0.182190
5895.554623,0.599507,-1.072788,-0.213223
5895.572408,0.333312,-1.060171,-0.246999
5895.581540,0.125386,-1.034852,-0.225601
5895.590686,-0.040374,-0.908207,-0.192473
5895.599828,-0.123921,-0.720369,-0.147243
5895.608974,-0.143686,-0.555379,-0.077118
5895.619076,-0.123756,-0.427967,0.009865
5895.628222,-0.065961,-0.307875,0.085052
5895.637240,0.031560,-0.192878,0.117741
5895.646386,0.134964,-0.089182,0.102178
5895.655445,0.214876,0.033704,0.049876
5895.664591,0.289559,0.216007,-0.043202
5895.682257,0.496621,0.776290,-0.322552
5895.691270,0.521785,0.958417,-0.426138
5895.700416,0.430399,0.872655,-0.462712
5895.710248,0.278571,0.517800,-0.446541
5895.719394,0.184720,0.097349,-0.416771
5895.728738,0.146513,-0.255912,-0.380809
5895.737884,-0.012832,-0.727277,-0.293690
5895.747100,-0.315356,-1.311850,-0.145984
5895.756246,-0.390239,-1.389292,-0.045843
5895.773568,0.784995,0.791225,-0.191221
5895.783069,1.169701,1.402070,-0.267442
5895.792215,0.905786,0.961437,-0.284261
5895.810151,-0.682716,-0.525905,-0.232004
5895.819288,-1.196446,-0.410610,-0.151981
5895.828434,-1.323688,0.118748,-0.056282
5895.837584,-1.249177,0.647183,0.022473
5895.846730,-1.134240,1.007409,0.086541
5895.855862,-1.015806,1.232429,0.160400
5895.865008,-0.911044,1.349080,0.252041
5895.874153,-0.875259,1.338798,0.338199
5895.883299,-0.913964,1.189203,0.393075
5895.892461,-0.950659,0.956482,0.412323
5895.901607,-0.898392,0.750619,0.412196
5895.910744,-0.774636,0.631453,0.414465
5895.919891,-0.679074,0.567160,0.429147
5895.929220,-0.678279,0.534401,0.449574
5895.938366,-0.738920,0.548892,0.448360
5895.956498,-0.846213,0.620742,0.300310
5895.965598,-0.934117,0.628463,0.211935
5895.974744,-1.070610,0.606046,0.184174
5895.983888,-1.209787,0.553654,0.226364
5895.993034,-1.297247,0.511268,0.289562
5896.002559,-1.352166,0.492985,0.305226
5896.011705,-1.437648,0.458469,0.275133
5896.029610,-1.637364,0.360418,0.255449
5896.038750,-1.648166,0.283586,0.251630
5896.047896,-1.595519,0.172645,0.231545
5896.057333,-1.531927,0.058062,0.210298
5896.066479,-1.526576,-0.034705,0.188929
5896.084479,-1.568699,-0.045061,0.115996
5896.094355,-1.481713,-0.009828,0.075295
5896.103501,-1.352775,-0.034046,0.059954
5896.112691,-1.248539,-0.122753,0.066638
5896.121837,-1.168695,-0.205375,0.079203
5896.131168,-1.067036,-0.181928,0.090512
5896.140314,-0.913061,-0.030475,0.091990
5896.157629,-0.600801,0.407475,0.060366
5896.167193,-0.509231,0.523233,0.030535
5896.176339,-0.449215,0.461019,0.005160
5896.194272,-0.398177,-0.000738,0.011491
5896.204314,-0.332775,-0.158979,0.020230
5896.213460,-0.194575,-0.217150,0.026492
5896.230801,0.054329,-0.159836,0.130292
5896.239925,0.084965,-0.083511,0.228452
5896.249071,0.102458,-0.018248,0.317328
5896.258608,0.144457,-0.013943,0.396228
5896.267754,0.213105,-0.047345,0.477860
5896.276844,0.278504,-0.033361,0.540083
5896.285990,0.327755,0.037581,0.561583
5896.295157,0.381435,0.057089,0.547087
5896.304303,0.447117,-0.051691,0.484479
5896.322223,0.550658,-0.184851,0.239212
5896.331369,0.575682,0.296275,0.021325
5896.340515,0.675694,0.962446,-0.418260
5896.349687,0.840754,1.111830,-0.881590
5896.358833,0.803399,0.382561,-0.934542
5896.367943,0.430066,-0.768638,-0.582032
5896.377089,0.045316,-1.431457,-0.273994
5896.386235,0.005473,-1.031509,-0.234816
5896.395381,0.278587,0.105516,-0.323870
5896.404522,0.642813,1.062342,-0.414608
5896.413668,0.979181,1.267243,-0.490817
5896.423959,1.228470,0.859343,-0.509124
5896.433105,1.321723,0.222690,-0.430109
5896.450245,1.251546,-0.584204,-0.249702
5896.459762,1.271535,-0.541300,-0.220741
5896.468908,1.311788,-0.449491,-0.175866
5896.486819,1.236601,-0.403756,-0.064151
5896.496719,1.131060,-0.352796,-0.065682
5896.505865,1.057478,-0.359183,-0.085504
5896.523405,1.091115,-0.538131,-0.065842
5896.532551,1.135637,-0.564724,-0.047940
5896.541697,1.154024,-0.509914,-0.058043
5896.551142,1.137612,-0.394377,-0.087637
5896.560288,1.103915,-0.278774,-0.103038
5896.569890,1.077140,-0.243463,-0.099843
5896.579036,1.056275,-0.293386,-0.087431
5896.596928,0.982773,-0.336761,0.004061
5896.606253,0.986646,-0.212131,0.047461
5896.615399,1.046819,-0.038808,0.066590
5896.624541,1.099478,0.059027,0.098392
5896.633687,1.083632,-0.011250,0.160573
5896.651799,0.926368,-0.443908,0.205956
5896.669710,0.796800,-0.447913,0.194486
5896.679818,0.780064,-0.337142,0.180283
5896.688964,0.776848,-0.215435,0.157668
5896.706902,0.693372,0.099110,0.196734
5896.716127,0.663052,0.157536,0.194955
5896.725273,0.651785,0.093857,0.155594
5896.742863,0.655812,-0.158102,0.028689
5896.752691,0.674396,-0.243899,-0.044696
5896.761837,0.611398,-0.251777,-0.105814
5896.779688,0.141139,-0.030312,-0.189896
5896.797728,0.026772,-0.006879,-0.117952
5896.807761,0.139844,-0.018507,-0.072056
5896.816907,0.199903,-0.001121,-0.044071
5896.834707,0.055369,-0.153278,0.024040
5896.852602,-0.129379,-0.238844,0.041934
5896.861735,-0.148019,-0.107536,0.002727
5896.870881,-0.123524,0.046787,-0.068688
5896.880024,-0.103902,0.174299,-0.138608
5896.889170,-0.106510,0.265340,-0.189188
5896.898311,-0.101960,0.338157,-0.233677
5896.907457,-0.059820,0.392780,-0.276861
5896.916599,-0.031540,0.287916,-0.292243
5896.925745,-0.108209,-0.114287,-0.272156
5896.934894,-0.249212,-0.603130,-0.248583
5896.944040,-0.256413,-0.723808,-0.249551
5896.953915,-0.020972,-0.360218,-0.261285
5896.963061,0.318407,0.119482,-0.256873
5896.980981,0.425397,0.289413,-0.214213
5896.990189,0.086095,0.063554,-0.170790
5896.999335,-0.317298,-0.163318,-0.080029
5897.017435,-0.687942,-0.042017,0.117586
5897.027373,-0.665908,0.244731,0.159099
5897.036519,-0.641103,0.453382,0.186160
5897.053773,-0.724838,0.413819,0.302405
5897.062919,-0.768499,0.275215,0.361886
5897.072065,-0.776695,0.120748,0.408493
5897.081326,-0.758024,-0.030067,0.446743
5897.090472,-0.718391,-0.124898,0.467792
5897.099695,-0.667389,-0.100437,0.465043
5897.108841,-0.631764,0.057901,0.440747
5897.118474,-0.635665,0.274477,0.391098
5897.127620,-0.687758,0.433569,0.326873
5897.136975,-0.777813,0.486687,0.281635
5897.146121,-0.848769,0.486332,0.252300
5897.163502,-0.882501,0.485775,0.183956
5897.173296,-0.912882,0.484511,0.186396
5897.182442,-0.937826,0.493218,0.218203
5897.191503,-0.961882,0.502036,0.265344
5897.200649,-1.029505,0.460766,0.308431
5897.218371,-1.237410,0.180218,0.335674
5897.227681,-1.293010,0.026495,0.329289
5897.236827,-1.296673,-0.088049,0.332962
5897.254941,-1.222432,-0.225673,0.324931
5897.264683,-1.200191,-0.229417,0.306050
5897.273829,-1.196415,-0.168527,0.298270
5897.291519,-1.301724,-0.039658,0.284053
5897.300663,-1.391299,-0.065500,0.275105
5897.309809,-1.438620,-0.158206,0.277444
5897.318948,-1.428946,-0.236163,0.280671
5897.328094,-1.383609,-0.217942,0.259130
5897.337241,-1.322016,-0.119424,0.213044
5897.346387,-1.259138,-0.005087,0.163236
5897.355529,-1.191729,0.089871,0.128975
5897.364675,-1.107880,0.164330,0.120866
5897.373814,-1.024530,0.227987,0.136475
5897.382960,-0.956821,0.265980,0.146513
5897.392103,-0.869214,0.258763,0.134607
5897.401249,-0.729430,0.226061,0.122879
5897.410571,-0.570305,0.177581,0.114827
5897.419717,-0.424344,0.098549,0.098895
5897.428737,-0.287959,-0.001261,0.077321
5897.437883,-0.161158,-0.090166,0.049746
5897.447787,-0.063385,-0.136510,0.017029
5897.456933,-0.001064,-0.104849,-0.004702
5897.474975,0.125361,0.135383,-0.021871
5897.492868,0.298112,0.109178,0.013443
5897.502370,0.343250,-0.047599,0.062321
5897.511516,0.372814,-0.194728,0.101684
5897.521001,0.400260,-0.267631,0.124870
5897.530147,0.419322,-0.267475,0.141343
5897.547931,0.408559,-0.187124,0.132192
5897.565848,0.421550,-0.106961,0.089961
5897.575853,0.510597,-0.117906,0.067477
5897.584999,0.643760,-0.178869,0.025412
5897.594127,0.773647,-0.303327,-0.032437
5897.603273,0.842590,-0.401006,-0.077482
5897.620715,0.803803,0.010366,-0.316850
5897.629860,0.773599,0.093527,-0.610301
5897.639006,0.595932,-0.187337,-0.807265
5897.649086,0.219559,-0.581614,-0.785437
5897.658232,-0.103345,-0.706913,-0.659438
5897.675582,0.272642,0.371920,-0.564017
5897.684721,0.613407,0.924272,-0.626499
5897.693867,0.764067,1.034990,-0.696512
5897.703132,0.797530,0.802076,-0.724603
5897.712278,0.813722,0.439244,-0.679213
5897.721303,0.837991,0.083069,-0.557235
5897.730449,0.910339,-0.164406,-0.416545
5897.740130,1.042930,-0.264577,-0.316595
5897.749276,1.176533,-0.298066,-0.265777
5897.767254,1.336892,-0.393667,-0.216667
5897.776481,1.357209,-0.359402,-0.202945
5897.785627,1.322915,-0.263098,-0.189811
5897.803679,1.145282,-0.239735,-0.109471
5897.812742,1.057747,-0.389329,-0.040332
5897.821888,1.008994,-0.576606,0.031511
5897.831301,1.005502,-0.734669,0.085227
5897.840447,1.031788,-0.823434,0.106237
5897.849718,1.073339,-0.823450,0.091990
5897.858864,1.105694,-0.748105,0.052131
5897.876751,1.068794,-0.511206,-0.043686
5897.885894,1.011960,-0.351754,-0.055997
5897.895040,0.947142,-0.182334,-0.035373
5897.904194,0.881872,-0.011544,0.006472
5897.913340,0.828729,0.189736,0.047943
5897.922684,0.812587,0.376266,0.061188
5897.931830,0.835828,0.428649,0.051103
5897.949907,0.780963,0.115863,0.127929
5897.959048,0.722038,-0.052188,0.164185
5897.968194,0.709583,-0.177617,0.182158
5897.977908,0.743458,-0.301809,0.189397
5897.987054,0.820592,-0.393277,0.158420
5898.005088,0.867514,-0.248447,0.116557
5898.014238,0.774203,-0.184091,0.110128
5898.023384,0.675718,-0.189503,0.063215
5898.032444,0.577032,-0.189973,0.025684
5898.041590,0.456816,-0.176780,0.030514
5898.059637,0.230856,-0.166989,0.101677
5898.068781,0.170702,-0.157127,0.134727
5898.077927,0.142770,-0.152301,0.135912
5898.087069,0.136220,-0.161089,0.101815
5898.096215,0.150692,-0.159000,0.048672
5898.105782,0.187177,-0.148395,-0.012872
5898.114928,0.225845,-0.166948,-0.062293
5898.124009,0.235936,-0.206051,-0.079565
5898.133155,0.196866,-0.227983,-0.067433
5898.142698,0.111711,-0.221987,-0.056699
5898.151844,0.011523,-0.168748,-0.081862
5898.169370,-0.077865,0.098207,-0.220377
5898.178514,-0.069611,0.217316,-0.268941
5898.187660,-0.060705,0.274468,-0.289667
5898.197185,-0.050620,0.259739,-0.307217
5898.206331,-0.024270,0.174201,-0.346409
5898.224238,0.077705,-0.182244,-0.455821
5898.233375,-0.042667,-0.584529,-0.434459
5898.242521,-0.333991,-1.018478,-0.360457
5898.251665,-0.483247,-0.975718,-0.302813
5898.260811,-0.167012,-0.202361,-0.300517
5898.269952,0.499245,0.787196,-0.332119
5898.279098,0.990573,1.204963,-0.340308
5898.289040,0.846492,0.824784,-0.288473
5898.298186,0.095043,0.043923,-0.191821
5898.316074,-1.313454,-0.826604,-0.003061
5898.325236,-1.464360,-0.519274,0.069267
5898.334382,-1.412620,-0.012914,0.135346
5898.344053,-1.284578,0.309644,0.211612
5898.353199,-1.114131,0.343509,0.296974
5898.370546,-0.766876,0.064676,0.404392
5898.379683,-0.614813,-0.060660,0.387794
5898.388829,-0.475578,-0.145984,0.345994
5898.397974,-0.404396,-0.193635,0.308631
5898.407120,-0.453745,-0.170716,0.289602
5898.416263,-0.591914,-0.030912,0.280051
5898.425409,-0.733466,0.189224,0.256615
5898.435412,-0.835837,0.386168,0.216842
5898.444558,-0.909321,0.500386,0.189747
5898.461985,-1.028792,0.585633,0.214988
5898.471128,-1.060147,0.628155,0.205134
5898.480274,-1.079491,0.660994,0.201263
5898.489776,-1.121363,0.635526,0.231137
5898.498922,-1.202137,0.514958,0.266899
5898.516911,-1.364254,0.079853,0.312320
5898.525998,-1.392866,-0.116157,0.350008
5898.535144,-1.398537,-0.262121,0.391794
5898.544284,-1.408972,-0.361820,0.428344
5898.553430,-1.416771,-0.390907,0.453467
5898.562719,-1.390469,-0.327358,0.470381
5898.571865,-1.330137,-0.196738,0.482918
5898.580866,-1.275519,-0.071121,0.479008
5898.590012,-1.253092,-0.014000,0.449995
5898.599152,-1.248678,-0.000846,0.413264
5898.608298,-1.233728,0.041702,0.393871
5898.617436,-1.206929,0.120927,0.387012
5898.626582,-1.172826,0.203815,0.378914
5898.636234,-1.120398,0.283043,0.364921
5898.645380,-1.027856,0.355015,0.347383
5898.654669,-0.891500,0.384381,0.324338
5898.663815,-0.734605,0.349235,0.306702
5898.681457,-0.493167,0.249807,0.308490
5898.691043,-0.404488,0.203646,0.304104
5898.700189,-0.312240,0.141674,0.303430
5898.709250,-0.213929,0.095558,0.302562
5898.718396,-0.120945,0.095488,0.265790
5898.736315,0.011900,0.186949,0.063907
5898.745638,0.043261,0.238658,-0.042925
5898.754784,0.067579,0.291901,-0.103750
5898.772898,0.212505,0.244896,-0.071677
5898.782653,0.319418,0.094371,-0.018286
5898.791799,0.392316,-0.085454,0.037871
5898.809477,0.353276,-0.299522,0.109999
5898.818953,0.305607,-0.297064,0.126591
5898.828099,0.283308,-0.256743,0.147414
5898.846220,0.331766,-0.222093,0.207080
5898.864336,0.496118,-0.217882,0.237347
5898.873479,0.607719,-0.176624,0.180008
5898.882625,0.691653,-0.085540,0.110364
5898.891769,0.712717,0.078862,0.086030
5898.900915,0.711799,0.386650,0.008202
5898.910440,0.784821,0.695422,-0.295123
5898.919586,0.842671,0.525878,-0.673185
5898.937488,0.086112,-1.258190,-0.599299
5898.946780,-0.319643,-1.671933,-0.393150
5898.955926,-0.270897,-1.208039,-0.299447
5898.974064,0.649338,1.214519,-0.611010
5898.984295,0.947477,1.617361,-0.776690
5898.993441,0.986772,1.205410,-0.789776
5899.010642,0.780936,-0.110789,-0.551362
5899.019791,0.820351,-0.467943,-0.399913
5899.028937,0.985622,-0.554617,-0.296649
5899.038271,1.184689,-0.575767,-0.243754
5899.047417,1.341763,-0.686117,-0.210985
5899.065509,1.465489,-0.849955,-0.149222
5899.074707,1.416489,-0.770691,-0.128784
5899.083853,1.288323,-0.679302,-0.094155
5899.093028,1.136620,-0.656037,-0.035105
5899.102174,1.029674,-0.704531,0.031744
5899.111231,0.976441,-0.768867,0.083321
5899.120377,0.949127,-0.785774,0.113066
5899.129530,0.935743,-0.730954,0.113650
5899.138676,0.937609,-0.628810,0.080630
5899.148473,0.944679,-0.523117,0.031041
5899.157619,0.953978,-0.434414,-0.008920
5899.175245,0.922547,-0.277322,-0.017721
5899.184384,0.880794,-0.162693,0.003478
5899.193530,0.850102,-0.013971,0.017186
5899.203208,0.822986,0.089693,0.034939
5899.212354,0.807698,0.098436,0.069084
5899.221747,0.822653,0.057310,0.108451
5899.230893,0.838821,0.016186,0.147816
5899.248392,0.725404,-0.119921,0.235732
5899.257539,0.657437,-0.237034,0.239574
5899.266685,0.599398,-0.334704,0.232555
5899.276415,0.547392,-0.395794,0.226287
5899.285561,0.517695,-0.433843,0.197292
5899.303513,0.476815,-0.350377,0.120928
5899.321550,0.547734,-0.280146,0.036213
5899.331319,0.641403,-0.201238,-0.034493
5899.340465,0.657800,-0.086870,-0.066504
5899.358571,0.425805,0.006980,0.001354
5899.376415,0.082386,-0.104182,0.064712
5899.385557,-0.038898,-0.179995,0.064660
5899.394703,-0.061613,-0.230116,0.049945
5899.404100,-0.008868,-0.220452,0.022587
5899.413246,0.036783,-0.152375,-0.014860
5899.422265,0.053240,-0.078238,-0.048772
5899.431411,0.071782,-0.044196,-0.065717
5899.440436,0.077995,-0.028391,-0.072988
5899.449582,0.033570,0.014011,-0.095790
5899.458791,-0.049202,0.054957,-0.140905
5899.467937,-0.106507,0.031375,-0.184162
5899.477368,-0.113126,-0.005417,-0.214401
5899.486514,-0.085697,0.052882,-0.250516
5899.504598,0.019138,0.259680,-0.335681
5899.522722,-0.008752,0.147103,-0.390963
5899.531865,-0.025616,0.112501,-0.453057
5899.541011,-0.003842,0.132876,-0.507604
5899.550527,-0.067208,0.023168,-0.492059
5899.559673,-0.322437,-0.292405,-0.406507
5899.577595,-0.399693,-0.166369,-0.313399
5899.586732,0.157096,0.494044,-0.324496
5899.595878,0.722192,0.977845,-0.322980
5899.605020,0.905028,0.941785,-0.305270
5899.614166,0.593459,0.373625,-0.246211
5899.624182,-0.009090,-0.488464,-0.132440
5899.633328,-0.535249,-1.150538,-0.021115
5899.651119,-0.697500,-0.514076,0.064001
5899.669036,-0.622170,0.745629,0.145038
5899.678236,-0.695262,0.880027,0.213268
5899.687382,-0.755908,0.745044,0.272744
5899.696469,-0.788124,0.502710,0.309788
5899.705615,-0.830895,0.307755,0.328618
5899.714753,-0.886938,0.230950,0.341413
5899.723899,-0.896944,0.229811,0.355604
5899.733316,-0.835113,0.210456,0.358050
5899.742462,-0.748647,0.108165,0.344871
5899.751768,-0.697633,-0.030666,0.345162
5899.760914,-0.695461,-0.123187,0.359189
5899.778765,-0.770942,-0.133409,0.314641
5899.788192,-0.796141,-0.045819,0.299541
5899.797338,-0.818715,0.101828,0.330939
5899.806780,-0.885296,0.266554,0.377574
5899.815926,-1.023002,0.402955,0.403453
5899.833629,-1.349940,0.479248,0.429248
5899.842773,-1.417995,0.418218,0.435990
5899.851919,-1.444538,0.315754,0.431317
5899.861057,-1.463755,0.230351,0.424074
5899.870203,-1.477095,0.202294,0.424423
5899.879349,-1.479617,0.181606,0.429383
5899.888495,-1.458999,0.109756,0.431336
5899.898182,-1.425007,0.017207,0.432317
5899.907328,-1.409473,-0.035079,0.444677
5899.925083,-1.407368,-0.052027,0.460201
5899.934228,-1.394642,-0.126532,0.433890
5899.943374,-1.384215,-0.210833,0.401795
5899.952513,-1.386212,-0.228041,0.381941
5899.961659,-1.417593,-0.175762,0.373155
5899.970791,-1.458689,-0.086943,0.363974
5899.979937,-1.440519,0.038615,0.362504
5899.989202,-1.321930,0.191282,0.373483
5899.998348,-1.135045,0.336659,0.367881
5900.008110,-0.936505,0.442819,0.328488
5900.017256,-0.747531,0.486765,0.283927
5900.034800,-0.481306,0.358779,0.204586
5900.044690,-0.411100,0.261086,0.157179
5900.053836,-0.333916,0.165945,0.123884
5900.071577,-0.171194,0.036655,0.062479
5900.081290,-0.131399,0.064437,0.016067
5900.090436,-0.071502,0.083907,-0.005520
5900.099613,0.049114,0.013715,0.029230
5900.108759,0.206656,-0.125629,0.097719
5900.126247,0.373069,-0.276049,0.148619
5900.135450,0.359311,-0.272690,0.110860
5900.144596,0.349151,-0.308304,0.075897
5900.153687,0.351869,-0.376636,0.063693
5900.162833,0.355544,-0.420508,0.063005
5900.171967,0.378692,-0.402215,0.058027
5900.181113,0.434933,-0.315727,0.035684
5900.190619,0.508527,-0.186676,-0.004877
5900.199765,0.603050,-0.075963,-0.059431
5900.217689,0.852165,0.121413,-0.140083
5900.226832,0.906886,0.282740,-0.092493
5900.235978,0.823128,0.451559,0.020197
5900.245139,0.659542,0.648562,0.006510
5900.254285,0.609333,0.806213,-0.260613
5900.263406,0.663875,0.642647,-0.483013
5900.272552,0.515961,-0.047801,-0.358031
5900.282784,0.061073,-1.007359,-0.111343
5900.291930,-0.337261,-1.634385,-0.078557
5900.309132,0.329629,-0.904190,-0.419828
5900.318273,0.930686,-0.135840,-0.518370
5900.327419,1.112085,0.428516,-0.560588
5900.336947,0.916734,0.664116,-0.621834
5900.346093,0.682856,0.586367,-0.690043
5900.363998,0.530249,0.135506,-0.635024
5900.373138,0.522185,0.105695,-0.540290
5900.382284,0.591728,0.151608,-0.445407
5900.391427,0.758499,0.128206,-0.357025
5900.400573,0.989652,-0.024258,-0.269671
5900.410030,1.235887,-0.269478,-0.204886
5900.419176,1.414902,-0.500455,-0.174330
5900.428702,1.466826,-0.624560,-0.160051
5900.437848,1.397151,-0.657429,-0.134751
5900.455441,1.149935,-0.736424,-0.031858
5900.465363,1.084494,-0.803197,0.023312
5900.474509,1.065649,-0.826172,0.054287
5900.492423,1.049955,-0.731183,0.048520
5900.510316,1.026552,-0.557265,0.004119
5900.519459,1.000418,-0.479518,-0.023843
5900.528605,0.946564,-0.440883,-0.059558
5900.538115,0.876715,-0.418048,-0.084441
5900.547261,0.822912,-0.336373,-0.066379
5900.556285,0.802127,-0.143423,-0.006008
5900.565431,0.807772,0.104504,0.065476
5900.583459,0.812072,0.316324,0.201079
5900.592624,0.801547,0.278801,0.240460
5900.601770,0.842966,0.204497,0.234139
5900.611346,0.932136,0.093589,0.208075
5900.620492,0.990533,-0.056228,0.203757
5900.629549,0.964638,-0.210899,0.226811
5900.638695,0.867121,-0.296244,0.250410
5900.656616,0.686524,-0.144760,0.181833
5900.665756,0.688085,0.039940,0.104223
5900.674902,0.674616,0.201616,0.049322
5900.684746,0.617457,0.196263,-0.001220
5900.693892,0.564426,0.034779,-0.071227
5900.711853,0.496468,-0.103866,-0.181572
5900.720999,0.374733,-0.008118,-0.221329
5900.730145,0.176438,0.082641,-0.254964
5900.748226,-0.041065,0.094492,-0.239290
5900.757450,-0.007187,0.060472,-0.234257
5900.766596,0.032350,0.012790,-0.266832
5900.776053,0.053796,-0.066647,-0.303724
5900.785199,0.053793,-0.162912,-0.301447
5900.802922,-0.021831,-0.113783,-0.226341
5900.812758,-0.055149,0.032564,-0.203162
5900.821904,-0.067800,0.111919,-0.180445
5900.830975,-0.091574,0.086522,-0.145892
5900.840121,-0.143271,0.037922,-0.109834
5900.849581,-0.190990,0.041615,-0.090898
5900.858727,-0.206749,0.091539,-0.092612
5900.876074,-0.155512,0.073272,-0.105492
5900.885227,-0.127636,-0.019272,-0.102138
5900.894373,-0.109780,0.008499,-0.143784
5900.903885,-0.093296,0.246725,-0.239732
5900.913031,-0.129834,0.375459,-0.293027
5900.930945,-0.469158,-0.380465,-0.065427
5900.940086,-0.311095,-0.169037,-0.029250
5900.949232,0.287183,0.560025,-0.167448
5900.958787,0.921600,0.948862,-0.343138
5900.967933,1.056577,0.561127,-0.406256
5900.986005,-0.016014,-0.868791,-0.312126
5901.004104,-0.213633,-0.853806,-0.204513
5901.013692,0.043451,-0.401151,-0.209051
5901.022838,0.208625,0.011814,-0.283720
5901.040716,0.115832,0.175513,-0.373862
5901.050087,-0.063225,0.088866,-0.338274
5901.059233,-0.278788,0.036301,-0.298276
5901.077251,-0.599656,0.144694,-0.216234
5901.086991,-0.664626,0.320257,-0.188600
5901.096137,-0.670853,0.475055,-0.184452
5901.114216,-0.520005,0.403741,-0.145037
5901.132118,-0.354898,-0.009046,0.030367
5901.141844,-0.367407,-0.182793,0.109056
5901.150990,-0.437427,-0.237481,0.151122
5901.168708,-0.587336,0.095106,0.175970
5901.178676,-0.648457,0.338847,0.192200
5901.187822,-0.689081,0.492499,0.216491
5901.205279,-0.664572,0.461192,0.262804
5901.214758,-0.628778,0.361545,0.293354
5901.223904,-0.597863,0.269210,0.325012
5901.241849,-0.551081,0.201245,0.351638
5901.250988,-0.542370,0.231654,0.340656
5901.260134,-0.545742,0.265677,0.327299
5901.269287,-0.544398,0.241264,0.321675
5901.278433,-0.531003,0.140135,0.321619
5901.288034,-0.505520,0.008581,0.324243
5901.297180,-0.448497,-0.097317,0.326505
5901.306233,-0.355038,-0.151974,0.325745
5901.315379,-0.272485,-0.155478,0.323246
5901.333290,-0.272675,-0.090831,0.330768
5901.342433,-0.327679,-0.066436,0.349485
5901.351579,-0.379222,-0.021257,0.376215
5901.360718,-0.410070,0.043436,0.399139
5901.369864,-0.422365,0.094645,0.405661
5901.379012,-0.422173,0.132356,0.395793
5901.388158,-0.411040,0.183487,0.384569
5901.397299,-0.397755,0.233496,0.386329
5901.406445,-0.389337,0.229882,0.389891
5901.415631,-0.378101,0.161560,0.376489
5901.424777,-0.359203,0.063879,0.345709
5901.433984,-0.339218,-0.031320,0.320796
5901.443130,-0.325599,-0.126431,0.310053
5901.452284,-0.324209,-0.244689,0.304320
5901.461430,-0.309290,-0.391006,0.290619
5901.470459,-0.245468,-0.525163,0.258977
5901.479605,-0.157246,-0.591076,0.219426
5901.489247,-0.099270,-0.591276,0.174473
5901.498393,-0.087255,-0.561155,0.122196
5901.507414,-0.093416,-0.524986,0.068711
5901.516560,-0.098514,-0.487546,0.022286
5901.534465,-0.144099,-0.394391,-0.061256
5901.544237,-0.183908,-0.299501,-0.074048
5901.553383,-0.205214,-0.173805,-0.044762
5901.562706,-0.198200,-0.058749,0.022335
5901.571852,-0.165950,0.019882,0.101589
5901.589423,-0.020615,0.140497,0.224948
5901.598630,0.071715,0.199543,0.274802
5901.607776,0.133899,0.220690,0.316896
5901.617264,0.152964,0.202566,0.333577
5901.626410,0.154385,0.172036,0.324484
5901.635902,0.166947,0.154857,0.304597
5901.645048,0.197756,0.149886,0.282173
5901.662486,0.282361,0.094925,0.241325
5901.671693,0.292084,0.021826,0.242137
5901.680839,0.262660,-0.068306,0.258564
5901.690292,0.217327,-0.103588,0.280300
5901.699438,0.207454,-0.031657,0.286580
5901.717350,0.324975,-0.011052,0.236542
5901.726772,0.357062,-0.190297,0.214921
5901.735918,0.329628,-0.387918,0.197177
5901.745225,0.260955,-0.525918,0.177664
5901.754371,0.187452,-0.550609,0.154511
5901.772219,0.220752,-0.339100,0.067089
5901.781362,0.298400,-0.268671,0.008311
5901.790508,0.339512,-0.255543,-0.042655
5901.800335,0.337910,-0.248512,-0.081662
5901.809481,0.306836,-0.221925,-0.104312
5901.827115,0.169706,-0.199042,-0.103095
5901.836227,0.091809,-0.210085,-0.091003
5901.845373,0.020029,-0.223570,-0.081255
5901.854520,-0.031026,-0.234609,-0.076300
5901.863666,-0.036030,-0.234568,-0.069211
5901.872803,0.000063,-0.213677,-0.055371
5901.881949,0.054248,-0.165904,-0.037158
5901.891414,0.098677,-0.115697,-0.016592
5901.900560,0.114091,-0.086300,-0.000444
5901.910176,0.095787,-0.064368,0.004064
5901.919322,0.058319,-0.032810,-0.003292
5901.928373,0.018503,-0.015906,-0.014016
5901.937519,-0.010462,-0.025764,-0.020919
5901.955352,0.034457,-0.045180,-0.021975
5901.965061,0.069596,-0.063371,-0.019484
5901.974207,0.074280,-0.092550,-0.010904
5901.992013,0.036190,-0.079063,0.011439
5902.001725,0.016547,-0.054655,0.021821
5902.010871,-0.004352,-0.061917,0.034927
5902.028256,-0.009638,-0.140989,0.057074
5902.037558,0.025673,-0.147052,0.051168
5902.046704,0.064815,-0.112959,0.035358
5902.056219,0.087092,-0.055788,0.013423
5902.065365,0.083892,-0.008418,-0.008344
5902.083495,0.053858,0.002387,-0.022559
5902.101413,0.054949,-0.007318,-0.016553
5902.110576,0.049995,-0.003638,-0.011865
5902.119722,0.047446,-0.014569,-0.005836
5902.128914,0.049800,-0.027944,-0.002150
5902.138060,0.060717,-0.016954,-0.002299
5902.147802,0.076509,0.003786,-0.003749
5902.156948,0.081284,0.020883,-0.000415
5902.174931,0.065374,0.073294,0.004921
5902.184062,0.066533,0.092812,0.007055
5902.193208,0.076161,0.101388,0.010476
5902.202777,0.084529,0.100228,0.016369
5902.211923,0.089236,0.084445,0.023617
5902.229428,0.094317,0.073413,0.013114
5902.238571,0.084806,0.096480,0.003435
5902.247717,0.070342,0.118353,-0.001502
5902.256859,0.060660,0.123199,-0.002716
5902.266005,0.060711,0.118308,-0.005020
5902.275161,0.066953,0.114606,-0.013249
5902.284307,0.064654,0.107247,-0.019059
5902.293439,0.052499,0.093826,-0.017700
5902.302585,0.043934,0.080428,-0.013989
5902.311728,0.043936,0.070679,-0.013878
5902.320874,0.039135,0.065778,-0.016172
5902.330013,0.033095,0.060882,-0.017282
5902.339159,0.038000,0.052345,-0.019555
5902.348692,0.047733,0.043826,-0.020659
5902.357838,0.053824,0.043830,-0.021852
5902.375738,0.050287,0.031602,-0.026423
5902.384882,0.050390,0.020601,-0.031017
5902.394028,0.049376,0.024188,-0.040493
5902.403323,0.044697,0.031431,-0.048824
5902.412469,0.043585,0.026521,-0.053485
5902.421930,0.044801,0.015555,-0.053362
5902.431076,0.041212,0.010657,-0.055658
5902.448912,0.024453,0.004453,-0.066168
5902.458894,0.034185,0.003246,-0.067355
5902.468040,0.053646,0.006925,-0.069799
5902.485560,0.039287,0.009266,-0.079232
5902.494996,0.027130,0.008031,-0.078012
5902.504142,0.029455,0.010507,-0.073326
5902.522054,0.021845,0.032536,-0.058225
5902.532092,0.013177,0.035015,-0.049976
5902.541238,0.016720,0.017994,-0.045071
5902.559329,0.030711,-0.015906,-0.017582
5902.568624,0.035239,-0.021881,-0.002187
5902.577770,0.037569,-0.036466,0.002693
5902.595434,0.036587,-0.063354,-0.007616
5902.613491,0.037631,-0.087666,0.000917
5902.622633,0.026717,-0.112062,0.001219
5902.631779,0.018326,-0.118206,-0.003412
5902.640933,0.027040,-0.101203,-0.014242
5902.650079,0.040681,-0.074465,-0.028733
