5867.892727,0.017185,0.003623,-0.009517
5867.901873,0.013395,0.001229,-0.002403
5867.911330,0.005992,-0.003619,0.003567
5867.920476,0.007131,-0.008466,0.007159
5867.929823,0.019262,-0.002348,0.007063
5867.938969,0.030255,0.003743,0.003430
5867.956862,0.015797,-0.001195,-0.001201
5867.966208,0.010817,0.006148,0.004625
5867.975354,0.009453,0.011071,0.011650
5867.993313,0.003484,0.019556,0.006847
5868.002835,0.007121,0.032968,0.006686
5868.011981,0.010658,0.043977,0.011272
5868.029894,0.010182,0.042917,0.033700
5868.039309,0.004879,0.039401,0.054986
5868.048455,-0.003940,0.043149,0.070299
5868.066468,-0.019866,0.056571,0.077259
5868.075978,-0.027420,0.052993,0.090293
5868.085124,-0.028959,0.051880,0.105645
5868.094626,-0.021907,0.061720,0.116135
5868.103772,-0.011190,0.071558,0.125438
5868.121335,-0.010403,0.070483,0.145503
5868.131215,-0.016670,0.072975,0.154926
5868.140361,-0.016846,0.075471,0.163156
5868.157925,-0.013438,0.101145,0.173474
5868.167053,-0.005122,0.108533,0.181629
5868.176199,0.010502,0.102522,0.188742
5868.185343,0.014043,0.092814,0.193564
5868.194489,0.004214,0.085524,0.199567
5868.204362,-0.005516,0.079419,0.200837
5868.213508,-0.013884,0.079360,0.194958
5868.231060,-0.029432,0.086564,0.184292
5868.240561,-0.031885,0.093880,0.185394
5868.249707,-0.028299,0.107309,0.187592
5868.267687,0.003097,0.101330,0.194670
5868.277439,0.015061,0.073384,0.203221
5868.286585,0.013701,0.057590,0.210482
5868.304218,0.015830,0.044290,0.224786
5868.313360,0.024126,0.028531,0.234385
5868.322506,0.036161,0.013966,0.239244
5868.332268,0.061643,0.003050,0.239313
5868.341414,0.096855,-0.010292,0.238209
5868.359088,0.113922,-0.032218,0.234882
5868.368224,0.066479,-0.033491,0.240899
5868.377370,0.010565,-0.017729,0.245559
5868.386512,-0.019751,0.023634,0.243974
5868.395658,-0.029493,0.071150,0.244633
5868.405732,-0.046663,0.108952,0.252498
5868.414878,-0.074777,0.147959,0.261552
5868.432283,-0.126026,0.218629,0.273835
5868.441382,-0.136087,0.235787,0.290177
5868.450528,-0.143598,0.261439,0.300519
5868.459667,-0.161832,0.304063,0.301252
5868.468813,-0.173875,0.349095,0.296047
5868.478338,-0.165161,0.368536,0.285188
5868.487484,-0.154139,0.358775,0.280557
5868.505589,-0.194324,0.345338,0.287875
5868.515106,-0.210023,0.351375,0.284302
5868.524252,-0.204002,0.330687,0.286884
5868.533569,-0.198222,0.269867,0.301721
5868.542715,-0.209374,0.193152,0.314417
5868.560625,-0.244866,0.111539,0.330760
5868.578545,-0.279012,0.215106,0.336732
5868.587887,-0.300764,0.272304,0.331409
5868.597033,-0.328926,0.302797,0.342920
5868.615121,-0.402901,0.306697,0.398483
5868.624269,-0.425244,0.320224,0.421971
5868.633415,-0.419436,0.354443,0.433366
5868.642557,-0.396464,0.378888,0.436577
5868.651703,-0.374549,0.374033,0.433045
5868.660843,-0.356144,0.348412,0.423859
5868.669989,-0.342568,0.328865,0.413435
5868.679135,-0.332610,0.321490,0.401701
5868.688281,-0.327505,0.316541,0.389949
5868.697417,-0.317424,0.318873,0.372205
5868.706563,-0.297240,0.341808,0.335328
5868.715712,-0.285250,0.369501,0.284259
5868.724858,-0.298782,0.370347,0.235910
5868.734010,-0.332982,0.337046,0.190355
5868.743156,-0.353783,0.292787,0.142536
5868.752465,-0.333534,0.248680,0.104065
5868.761611,-0.278476,0.202332,0.083238
5868.770642,-0.221139,0.149946,0.069554
5868.779788,-0.175960,0.096325,0.057090
5868.788860,-0.145292,0.048751,0.042229
5868.798006,-0.131538,0.016960,0.023686
5868.816309,-0.160760,-0.017592,-0.027763
5868.807163,-0.141952,-0.002728,0.000340
5868.825445,-0.164934,-0.026358,-0.059507
5868.834591,-0.148487,-0.020458,-0.091462
5868.844099,-0.130933,0.017163,-0.119062
5868.853245,-0.137753,0.087671,-0.142266
5868.871160,-0.159457,0.157040,-0.150088
5868.880302,-0.138999,0.123018,-0.141486
5868.889448,-0.119751,0.071933,-0.132687
5868.898591,-0.110133,0.019584,-0.127393
5868.907737,-0.105341,-0.043751,-0.123143
5868.916879,-0.100544,-0.124147,-0.118698
5868.926025,-0.087157,-0.194810,-0.119101
5868.935173,-0.061471,-0.224073,-0.128261
5868.944319,-0.023635,-0.220415,-0.139003
5868.953465,0.017739,-0.209404,-0.145117
5868.962611,0.049455,-0.193556,-0.153624
5868.971749,0.058293,-0.169283,-0.170436
5868.980895,0.046506,-0.146270,-0.187189
5868.990034,0.041800,-0.130487,-0.194437
5868.999180,0.063664,-0.134107,-0.195622
5869.008323,0.108637,-0.163288,-0.198927
5869.017469,0.148885,-0.205926,-0.207966
5869.026614,0.169719,-0.243729,-0.217018
5869.035760,0.188176,-0.270585,-0.228549
5869.045780,0.223739,-0.282825,-0.246183
5869.054926,0.277598,-0.278000,-0.268770
5869.072713,0.375389,-0.295105,-0.302999
5869.082144,0.387773,-0.295164,-0.314822
5869.091290,0.381776,-0.270828,-0.318626
5869.109305,0.302054,-0.240239,-0.278691
5869.118649,0.245911,-0.207341,-0.263607
5869.127795,0.214176,-0.146414,-0.255975
5869.145855,0.187227,-0.005030,-0.246910
5869.163781,0.163030,0.131376,-0.253131
5869.172919,0.184465,0.143741,-0.234443
5869.182065,0.216629,0.117198,-0.205897
5869.191400,0.251224,0.063850,-0.177051
5869.200546,0.279733,-0.007783,-0.146804
5869.209898,0.291227,-0.062380,-0.115534
5869.219044,0.283596,-0.061060,-0.099017
5869.228346,0.277695,-0.016040,-0.107775
5869.237492,0.289003,0.036251,-0.127271
5869.255218,0.319844,0.110475,-0.152958
5869.264362,0.332115,0.160415,-0.160632
5869.273508,0.332086,0.177484,-0.159647
5869.282658,0.295244,0.147094,-0.137986
5869.291804,0.204617,0.228836,-0.099790
5869.301494,0.090380,0.617387,-0.099251
5869.310640,-0.002917,1.185409,-0.231751
5869.328376,-0.353842,1.265208,-0.733276
5869.337599,-0.823562,0.310991,-0.588072
5869.346745,-1.312417,-1.133216,-0.102203
5869.355801,-1.464116,-2.391061,0.442154
5869.364947,-1.151453,-2.790797,0.867188
5869.374090,-0.576185,-2.292099,1.074962
5869.383236,-0.010901,-1.302254,0.942120
5869.392384,0.430390,-0.150109,0.531647
5869.401531,0.746779,0.883151,0.063813
5869.411051,0.915543,1.453331,-0.354773
5869.420197,0.906797,1.513103,-0.686935
5869.438156,0.432416,0.954436,-0.788070
5869.448011,0.088834,0.401397,-0.650072
5869.457157,-0.135207,-0.165828,-0.485039
5869.474682,0.147789,-0.560162,-0.148480
5869.483826,0.504169,-0.424877,-0.080014
5869.492972,0.801780,-0.313094,-0.043004
5869.502474,0.967722,-0.378058,0.028158
5869.511620,1.004691,-0.584515,0.120089
5869.521043,0.946286,-0.790108,0.189803
5869.530189,0.836439,-0.892473,0.223061
5869.547839,0.664479,-0.886841,0.208034
5869.557323,0.664272,-0.901801,0.161017
5869.566469,0.689035,-0.936444,0.081137
5869.584411,0.644760,-0.919683,-0.119509
5869.593553,0.567630,-0.826593,-0.202983
5869.602699,0.490254,-0.644465,-0.276852
5869.611995,0.434308,-0.429255,-0.332271
5869.621141,0.399492,-0.289316,-0.352666
5869.630506,0.379921,-0.250308,-0.345989
5869.639652,0.382174,-0.259994,-0.337626
5869.657565,0.410520,-0.388845,-0.298468
5869.666709,0.378173,-0.494657,-0.258261
5869.675855,0.323043,-0.572578,-0.231300
5869.685965,0.283135,-0.593419,-0.236874
5869.695111,0.265729,-0.555945,-0.275014
5869.712819,0.234458,-0.374942,-0.348971
5869.730745,0.157383,-0.308678,-0.434498
5869.739862,0.099720,-0.296803,-0.461642
5869.749008,0.032014,-0.237311,-0.473970
5869.758889,-0.022323,-0.165614,-0.487646
5869.768035,-0.047908,-0.140041,-0.483163
5869.786079,-0.071031,-0.111631,-0.423271
5869.795472,-0.090743,-0.006774,-0.411446
5869.804618,-0.110259,0.117514,-0.409281
5869.822160,-0.117282,0.200275,-0.423186
5869.831305,-0.116126,0.122309,-0.418761
5869.840451,-0.128702,-0.020140,-0.394695
5869.849595,-0.150090,-0.192964,-0.354928
5869.858741,-0.170314,-0.366987,-0.312791
5869.867878,-0.188137,-0.539778,-0.269492
5869.877024,-0.207096,-0.721127,-0.229634
5869.886170,-0.242696,-0.878255,-0.206531
5869.895316,-0.301064,-0.958756,-0.198408
5869.904462,-0.346210,-0.941702,-0.186707
5869.913608,-0.344356,-0.847677,-0.161829
5869.922746,-0.294109,-0.697453,-0.131798
5869.931892,-0.212178,-0.505781,-0.109386
5869.941036,-0.111874,-0.299505,-0.095440
5869.950182,-0.003648,-0.121049,-0.054059
5869.959393,0.108090,0.005465,0.051610
5869.968539,0.238148,0.090952,0.209614
5869.978472,0.411791,0.138784,0.372672
5869.987618,0.624395,0.144000,0.530232
5870.005050,1.015296,0.407936,0.855514
5870.014565,1.192805,0.739218,0.944551
5870.023711,1.313259,0.937163,0.980963
5870.041625,0.872392,0.498950,1.012869
5870.050766,0.466862,0.009172,0.981582
5870.059912,0.189592,-0.441641,0.908282
5870.069055,0.056155,-0.738845,0.799886
5870.078201,-0.019071,-0.929908,0.690155
5870.087762,-0.105506,-1.055093,0.592673
5870.096908,-0.206460,-1.029220,0.489963
5870.114781,-0.299079,-0.362720,0.323306
5870.123930,-0.265590,0.167177,0.277084
5870.133076,-0.204394,0.682575,0.240405
5870.143002,-0.150617,1.043246,0.213763
5870.152148,-0.139488,1.222328,0.199900
5870.170244,-0.331156,1.208522,0.199294
5870.187936,-0.562339,0.895100,0.066522
5870.197077,-0.575269,0.786075,-0.007709
5870.206223,-0.553242,0.730003,-0.015375
5870.215362,-0.544539,0.735232,0.031734
5870.224508,-0.572676,0.806335,0.098229
5870.233649,-0.625104,0.882272,0.165901
5870.242795,-0.671377,0.902138,0.230660
5870.252534,-0.695172,0.867000,0.266503
5870.261680,-0.696148,0.815739,0.256472
5870.279374,-0.693246,0.767655,0.177973
5870.288864,-0.704375,0.761203,0.130882
5870.298010,-0.710545,0.730354,0.079339
5870.315955,-0.714484,0.630929,-0.018614
5870.325095,-0.692994,0.575848,-0.058144
5870.334241,-0.631888,0.502711,-0.077498
5870.343717,-0.538699,0.427429,-0.065046
5870.352863,-0.448292,0.365663,-0.036225
5870.370814,-0.323066,0.219605,-0.045450
5870.379959,-0.216589,0.129340,-0.087123
5870.389105,-0.068807,0.022081,-0.131050
5870.398251,0.074275,-0.099862,-0.181879
5870.407397,0.165403,-0.180552,-0.243683
5870.417446,0.214990,-0.195428,-0.293169
5870.426592,0.281923,-0.209982,-0.302586
5870.443977,0.527532,-0.394472,-0.266806
5870.453623,0.648177,-0.479296,-0.233070
5870.462769,0.712540,-0.476340,-0.178976
5870.480548,0.550367,-0.353731,-0.029018
5870.490371,0.417730,-0.351027,0.046741
5870.499517,0.358475,-0.278911,0.093237
5870.517503,0.434573,0.334698,-0.018916
5870.535420,0.334011,0.665488,-0.089711
5870.545304,0.239712,0.448686,-0.043386
5870.554450,0.167486,0.194074,-0.007295
5870.571992,0.013399,0.202290,-0.007054
5870.581519,-0.105771,0.460065,-0.056921
5870.590665,-0.303158,0.739398,-0.137537
5870.608573,-0.780066,1.399725,-0.375250
5870.618529,-0.971155,1.436499,-0.461373
5870.627675,-1.249738,0.750130,-0.410475
5870.645152,-1.481470,-1.333673,0.036116
5870.654294,-1.096209,-1.598342,0.238846
5870.663440,-0.495350,-1.356342,0.332698
5870.673410,0.199873,-1.011294,0.322535
5870.682556,0.892118,-0.754618,0.226087
5870.700395,1.359282,-0.189492,-0.132924
5870.718299,0.500567,0.294458,-0.212074
5870.727443,0.333996,0.401065,-0.083159
5870.736589,0.353582,0.286098,0.025463
5870.745730,0.408895,-0.060913,0.056431
5870.754876,0.483311,-0.520295,0.047348
5870.764655,0.568434,-0.932060,0.047137
5870.773801,0.592703,-1.167193,0.052124
5870.791454,0.390748,-1.145082,-0.036168
5870.800595,0.278396,-1.106886,-0.116579
5870.809741,0.248387,-1.142801,-0.188067
5870.818903,0.317599,-1.212543,-0.246408
5870.828049,0.436142,-1.232085,-0.286554
5870.837180,0.521332,-1.167415,-0.300453
5870.846326,0.525987,-1.068635,-0.293331
5870.855463,0.473672,-0.983394,-0.288290
5870.864609,0.401084,-0.906843,-0.299622
5870.873747,0.326223,-0.847408,-0.317833
5870.882893,0.252488,-0.840339,-0.330730
5870.892035,0.178763,-0.879579,-0.343099
5870.901181,0.118409,-0.920019,-0.356663
5870.910325,0.089471,-0.939635,-0.364635
5870.919470,0.084740,-0.927500,-0.370661
5870.928615,0.081259,-0.852010,-0.379772
5870.937761,0.063299,-0.696151,-0.394487
5870.947821,0.034489,-0.511092,-0.413049
5870.956967,0.009451,-0.355315,-0.437184
5870.974712,0.019267,-0.181077,-0.446270
5870.984309,0.027288,-0.199181,-0.423666
5870.993455,0.027059,-0.291716,-0.410814
5871.010914,0.001433,-0.522026,-0.398696
5871.020847,-0.047185,-0.576932,-0.393246
5871.029993,-0.121223,-0.563670,-0.392056
5871.047497,-0.283068,-0.495193,-0.313444
5871.057011,-0.322632,-0.500711,-0.221277
5871.066157,-0.300394,-0.513391,-0.125624
5871.084069,-0.149283,-0.542548,0.014765
5871.093553,-0.082600,-0.619977,0.075668
5871.102699,-0.031655,-0.737663,0.135885
5871.120745,0.084402,-0.732004,0.212249
5871.129801,0.163857,-0.494827,0.293133
5871.138947,0.254966,-0.193691,0.452304
5871.148169,0.351420,0.083325,0.645949
5871.157315,0.488757,0.384512,0.799120
5871.166372,0.713391,0.789069,0.895476
5871.175518,0.961510,1.272735,0.969645
5871.184654,1.045214,1.693720,1.017753
5871.193800,0.873914,1.821396,1.026107
5871.202939,0.555920,1.463747,1.040312
5871.212085,0.222203,0.669805,1.061884
5871.221230,-0.066507,-0.242692,1.023363
5871.230376,-0.248091,-0.903254,0.905057
5871.240061,-0.255700,-1.135907,0.754362
5871.249207,-0.150787,-0.992908,0.609759
5871.266951,-0.260564,-0.274395,0.392999
5871.276094,-0.448516,-0.014448,0.325561
5871.285240,-0.512145,0.104614,0.291310
5871.294383,-0.415983,0.157104,0.275166
5871.303529,-0.266091,0.229084,0.242168
5871.312677,-0.164477,0.287476,0.197632
5871.321823,-0.129564,0.227522,0.154590
5871.330960,-0.143204,0.043183,0.115430
5871.340106,-0.187647,-0.161776,0.098988
5871.349588,-0.242714,-0.300647,0.124285
5871.358734,-0.305264,-0.311516,0.156397
5871.376683,-0.483337,0.222975,0.131817
5871.385825,-0.562190,0.514047,0.125132
5871.394971,-0.575452,0.584669,0.119637
5871.404118,-0.492353,0.494465,0.093351
5871.413264,-0.355349,0.423693,0.041952
5871.422954,-0.255483,0.479417,-0.034402
5871.432100,-0.227015,0.595862,-0.120730
5871.450206,-0.242770,0.538956,-0.234479
5871.468127,-0.296906,0.383933,-0.252650
5871.477266,-0.318942,0.371769,-0.243026
5871.486412,-0.285320,0.364643,-0.226502
5871.496397,-0.192306,0.394216,-0.208165
5871.505543,-0.077419,0.495717,-0.193056
5871.523170,0.079991,0.661867,-0.182315
5871.541281,0.114992,0.370765,-0.167276
5871.551172,0.126896,0.167366,-0.152008
5871.560318,0.153066,0.039646,-0.124655
5871.578224,0.191420,-0.048666,-0.043511
5871.596144,0.191118,0.007895,0.026627
5871.605849,0.169560,0.140987,0.067627
5871.614995,0.138509,0.216716,0.099863
5871.624334,0.144195,0.127900,0.119739
5871.633480,0.188602,-0.057068,0.146524
5871.651013,0.279706,0.168922,0.193299
5871.660486,0.327692,0.424694,0.156068
5871.669631,0.348531,0.430351,0.088714
5871.687585,0.259418,0.323927,-0.111610
5871.696914,0.181006,0.559203,-0.252148
5871.706060,0.094110,0.865135,-0.394652
5871.724171,-0.178724,1.113923,-0.635196
5871.733443,-0.414725,1.069376,-0.661309
5871.742589,-0.650944,0.932698,-0.617948
5871.751597,-0.812325,0.723188,-0.555044
5871.760743,-0.855006,0.511550,-0.482936
5871.770529,-0.754857,0.344186,-0.396306
5871.779675,-0.539479,0.205094,-0.309070
5871.797319,-0.071751,-0.061021,-0.161949
5871.806472,0.138443,-0.119994,-0.118085
5871.815618,0.306962,-0.118389,-0.112571
5871.825354,0.358120,-0.118352,-0.122120
5871.834500,0.292663,-0.161155,-0.123850
5871.852551,0.155738,-0.265071,-0.129446
5871.870470,0.102652,-0.250657,-0.143651
5871.879614,0.084502,-0.248273,-0.145998
5871.888760,0.084429,-0.259216,-0.142334
5871.897907,0.092846,-0.251862,-0.138897
5871.907053,0.095134,-0.195757,-0.133643
5871.916195,0.093675,-0.106723,-0.124037
5871.925341,0.095707,-0.024943,-0.107278
5871.934478,0.098958,0.031248,-0.090230
5871.943624,0.098700,0.063017,-0.078794
5871.952769,0.089042,0.072730,-0.081243
5871.961915,0.076048,0.067711,-0.097674
5871.971120,0.063105,0.057800,-0.116408
5871.980266,0.056080,0.036985,-0.127953
5871.989347,0.058564,0.007726,-0.129984
5871.998493,0.069437,-0.010515,-0.127441
5872.007635,0.070476,-0.014110,-0.119144
5872.016781,0.054401,-0.005512,-0.105051
5872.026354,0.033417,0.026248,-0.088851
5872.035500,0.019610,0.071461,-0.068101
5872.053357,0.034347,0.108396,-0.020186
5872.062500,0.057051,0.096373,-0.003582
5872.071646,0.072504,0.072141,0.011996
5872.081422,0.078350,0.049074,0.022864
5872.090568,0.075777,0.030839,0.030156
5872.099636,0.068372,0.030866,0.036070
5872.108782,0.057495,0.064949,0.033346
5872.126510,0.057524,0.155113,0.029959
5872.136028,0.095033,0.168629,0.034442
5872.145174,0.156860,0.161460,0.036749
5872.163088,0.244340,0.058019,0.033019
5872.173162,0.215318,-0.037120,0.030627
5872.182308,0.165620,-0.126192,0.030571
5872.199679,0.087808,-0.181132,0.039624
5872.208814,0.070539,-0.150608,0.052290
5872.217960,0.075057,-0.110274,0.067157
5872.227466,0.092975,-0.083334,0.079788
5872.236612,0.109811,-0.084468,0.086842
5872.254533,0.104582,-0.086790,0.104576
5872.263672,0.084988,-0.056305,0.112529
5872.272818,0.055686,-0.024621,0.120490
5872.282421,0.008164,-0.003934,0.129795
5872.291567,-0.034426,-0.002760,0.135773
5872.301375,-0.039275,-0.018613,0.135964
5872.310521,-0.006437,-0.039288,0.132589
5872.328591,0.049736,-0.090474,0.116534
5872.345975,-0.015744,-0.143019,0.116096
5872.355121,-0.042529,-0.171069,0.121193
5872.364267,-0.027965,-0.192975,0.121411
5872.373407,0.007397,-0.202711,0.113187
5872.382553,0.011236,-0.196677,0.103672
5872.391692,-0.029941,-0.190693,0.100154
5872.400838,-0.072156,-0.187207,0.088409
5872.409985,-0.063040,-0.170337,0.058704
5872.419131,0.000768,-0.136329,0.023966
5872.428460,0.067992,-0.107111,-0.000107
5872.437606,0.078051,-0.115739,-0.016546
5872.455704,-0.038131,-0.183095,-0.028503
5872.464847,-0.075970,-0.175785,-0.017887
5872.473993,-0.091973,-0.155025,-0.007471
5872.483152,-0.099501,-0.164705,0.004453
5872.492298,-0.093672,-0.218230,0.016847
5872.501433,-0.078085,-0.286376,0.027027
5872.510579,-0.064824,-0.352123,0.032467
5872.520397,-0.050278,-0.402049,0.034184
5872.529543,-0.029627,-0.406890,0.033014
5872.547160,-0.008997,-0.314239,0.030734
5872.556293,-0.008900,-0.299648,0.025848
5872.565439,-0.001464,-0.327712,0.019074
5872.574798,0.014516,-0.358213,0.009949
5872.583944,0.038984,-0.369199,0.000583
5872.593304,0.062162,-0.370412,-0.005352
5872.602450,0.063375,-0.370409,-0.005354
5872.620301,-0.003654,-0.375320,0.009004
5872.630123,-0.017201,-0.371624,0.018429
5872.639269,0.000766,-0.345920,0.028714
5872.656877,0.041880,-0.295830,0.033953
5872.666018,0.046809,-0.295844,0.030403
5872.675164,0.045669,-0.290997,0.026811
5872.685132,0.040888,-0.277627,0.023130
5872.694278,0.036158,-0.265492,0.017103
5872.711833,0.031332,-0.276479,0.016059
5872.721666,0.027592,-0.276453,0.020786
5872.730812,0.012977,-0.252092,0.022899
5872.748702,-0.017519,-0.187516,0.029308
5872.766608,-0.026139,-0.181398,0.035156
5872.775766,-0.028765,-0.186211,0.044654
5872.784911,-0.026535,-0.199544,0.054239
5872.794040,-0.020441,-0.215383,0.053226
5872.803186,-0.023853,-0.220340,0.042673
5872.812624,-0.037126,-0.213080,0.039080
5872.821770,-0.044383,-0.203354,0.037805
5872.839763,-0.039483,-0.189956,0.035282
5872.848904,-0.049211,-0.202154,0.036622
5872.858050,-0.057599,-0.220484,0.032131
5872.867190,-0.052646,-0.222945,0.027429
5872.876336,-0.035663,-0.209505,0.027239
5872.885479,-0.021109,-0.187540,0.026957
5872.894625,-0.019804,-0.152230,0.021833
5872.903934,-0.030609,-0.103548,0.015403
5872.913080,-0.036585,-0.060941,0.010211
5872.922328,-0.028050,-0.024380,0.007417
5872.931474,-0.006120,0.015846,0.002192
5872.941296,0.025689,0.063346,-0.011395
5872.950442,0.057651,0.103485,-0.031978
5872.967791,0.082166,0.105888,-0.043855
5872.977141,0.068448,0.090143,-0.025950
5872.986287,0.054604,0.075659,-0.002161
5872.995925,0.054230,0.068473,0.015617
5873.005071,0.066287,0.073398,0.019074
5873.022646,0.094314,0.086817,0.012962
5873.031789,0.100402,0.101445,0.011602
5873.040935,0.104089,0.111185,0.009123
5873.050101,0.110161,0.090481,0.009346
5873.059247,0.106533,0.036853,0.009965
5873.069265,0.090799,-0.021683,0.009487
5873.078411,0.075061,-0.063158,0.008814
5873.096181,0.055583,-0.102170,0.012840
5873.114091,0.037134,-0.106998,0.024733
5873.123612,0.035591,-0.088612,0.039862
5873.132758,0.041479,-0.076355,0.047968
5873.141764,0.035489,-0.081267,0.044498
5873.150910,0.017468,-0.094768,0.036433
5873.168954,-0.010203,-0.129022,0.026266
5873.178525,-0.016017,-0.133993,0.014538
5873.187671,-0.014552,-0.145041,0.002864
5873.196831,0.001350,-0.160894,-0.002889
5873.205977,0.018411,-0.163321,-0.006437
5873.215576,0.022175,-0.159700,-0.012385
5873.224722,0.010068,-0.159733,-0.013538
5873.242110,-0.020394,-0.134161,-0.007865
5873.251250,-0.015569,-0.123175,-0.006820
5873.260396,-0.006951,-0.124418,-0.012724
5873.269968,-0.005436,-0.126953,-0.026855
5873.279114,-0.008751,-0.124632,-0.042210
5873.288559,-0.013453,-0.124692,-0.049278
5873.297705,-0.020733,-0.125925,-0.049248
5873.315690,-0.018658,-0.122147,-0.032779
5873.333552,-0.022847,-0.131720,-0.006707
5873.343042,-0.026536,-0.134148,-0.004312
5873.352188,-0.025270,-0.143912,-0.006563
5873.370124,-0.020437,-0.167048,-0.005130
5873.379271,-0.011869,-0.170712,-0.008646
5873.388417,0.001579,-0.176811,-0.013325
5873.397558,0.005170,-0.181662,-0.010918
5873.406704,-0.001045,-0.187717,-0.003757
5873.416064,-0.007234,-0.198656,0.002280
5873.425210,-0.009786,-0.198619,0.008183
5873.434615,-0.008625,-0.188851,0.010429
5873.443761,-0.010979,-0.179131,0.006784
5873.461569,-0.021753,-0.154831,-0.000548
5873.470732,-0.027925,-0.135311,0.003962
5873.479878,-0.026690,-0.117037,0.002571
5873.489363,-0.016838,-0.098788,-0.004736
5873.498509,-0.003496,-0.081699,-0.004960
5873.508092,0.010888,-0.082830,0.003279
5873.517238,0.026463,-0.097355,0.012848
5873.534722,0.000963,-0.112022,0.014251
5873.544036,-0.025729,-0.109639,0.014282
5873.553182,-0.030534,-0.101135,0.011836
5873.562532,-0.012237,-0.091383,0.006966
5873.571678,0.013289,-0.081598,0.004440
5873.580991,0.036488,-0.065759,-0.002869
5873.590137,0.043865,-0.054809,-0.007729
5873.607881,0.020888,-0.053662,-0.011231
5873.617875,0.021085,-0.041543,-0.020808
5873.627021,0.037029,-0.022070,-0.029322
5873.636199,0.056612,-0.003809,-0.037831
5873.645345,0.072656,0.013192,-0.051036
5873.663095,0.077059,0.073873,-0.088309
5873.681044,0.033577,0.093216,-0.097872
5873.690175,0.018921,0.079814,-0.092969
5873.699321,0.027289,0.074998,-0.087033
5873.708463,0.055119,0.078736,-0.083597
5873.717609,0.080548,0.073931,-0.081239
5873.726752,0.076765,0.044726,-0.073819
5873.735898,0.049734,-0.007614,-0.056648
5873.745793,0.034861,-0.055063,-0.040739
5873.754939,0.049445,-0.056260,-0.041936
5873.764241,0.075259,0.009482,-0.059258
5873.773387,0.090320,0.117797,-0.085299
5873.790761,0.098688,0.288048,-0.140345
5873.799913,0.084426,0.300104,-0.154608
5873.809059,0.045657,0.276854,-0.156618
5873.818441,0.005524,0.256088,-0.151575
5873.827587,-0.004233,0.258522,-0.149222
5873.837061,0.014015,0.264636,-0.151691
5873.863918,0.037717,0.207601,-0.123959
5873.873059,0.053536,0.223459,-0.126533
5873.882205,0.074304,0.256355,-0.134032
5873.846207,0.028527,0.248840,-0.149183
5873.891349,0.084156,0.274604,-0.141339
5873.900495,0.083119,0.273325,-0.149580
5873.910337,0.088000,0.261140,-0.150632
5873.919483,0.096422,0.240465,-0.146875
5873.937071,0.064790,0.185594,-0.141463
5873.946759,0.059567,0.160118,-0.123465
5873.955905,0.067687,0.146855,-0.105636
5873.964921,0.079571,0.139652,-0.093783
5873.974067,0.095169,0.134868,-0.085504
5873.983676,0.106037,0.137344,-0.083196
5873.992822,0.102571,0.149465,-0.091585
5874.010226,0.080066,0.163858,-0.117654
5874.019777,0.079152,0.168630,-0.131863
5874.028923,0.096414,0.169791,-0.144890
5874.038283,0.108624,0.157605,-0.148317
5874.047429,0.095207,0.139322,-0.144540
5874.065252,0.051282,0.125912,-0.132495
5874.074371,0.040212,0.127158,-0.125407
5874.083517,0.037509,0.130901,-0.112467
5874.092928,0.051594,0.126215,-0.090029
5874.102074,0.074122,0.115469,-0.065182
5874.119957,0.063619,0.096219,-0.027189
5874.129957,0.047474,0.080469,-0.009278
5874.139103,0.043536,0.069594,0.005010
5874.156533,0.024091,0.103685,0.005844
5874.166051,-0.039534,0.205687,-0.028212
5874.175197,-0.118660,0.324625,-0.075405
5874.184910,-0.168728,0.377841,-0.118372
5874.194056,-0.193175,0.362823,-0.166516
5874.211398,-0.323111,0.445863,-0.276894
5874.221320,-0.390404,0.560052,-0.309901
5874.230466,-0.396307,0.612384,-0.318742
5874.247977,-0.268428,0.508093,-0.282440
5874.257363,-0.158760,0.456167,-0.246696
5874.266509,-0.027187,0.440820,-0.214954
5874.284553,0.161241,0.396401,-0.174747
5874.293709,0.199413,0.291901,-0.141787
5874.302855,0.227951,0.198325,-0.112470
5874.311989,0.256952,0.169178,-0.106302
5874.321135,0.293681,0.145990,-0.121454
5874.330275,0.341420,0.055772,-0.139404
5874.339421,0.391470,-0.075832,-0.150991
5874.349534,0.418312,-0.187936,-0.155670
5874.358680,0.415849,-0.246420,-0.152639
5874.375993,0.396522,-0.181904,-0.158051
5874.385137,0.407494,-0.081977,-0.162752
5874.394283,0.433837,0.020553,-0.148642
5874.403426,0.452636,0.070758,-0.120942
5874.412572,0.440030,0.057486,-0.098349
5874.421712,0.400864,0.019746,-0.081317
5874.430858,0.362883,-0.008235,-0.063220
5874.440014,0.328438,-0.017895,-0.040620
5874.449161,0.285644,-0.003249,-0.025358
5874.458291,0.252678,0.030873,-0.016238
5874.467437,0.252471,0.056531,-0.007092
5874.476579,0.267944,0.053008,0.007071
5874.485725,0.271313,0.031172,0.020289
5874.494865,0.256789,-0.010301,0.019614
5874.504011,0.225287,-0.092023,0.019434
5874.513153,0.183638,-0.210175,0.040926
5874.522299,0.152755,-0.319724,0.069375
5874.531444,0.148905,-0.387901,0.080778
5874.540590,0.163626,-0.439104,0.074251
5874.550118,0.170056,-0.492830,0.058334
5874.559264,0.154820,-0.536909,0.034095
5874.577170,0.071623,-0.553502,-0.046935
5874.586309,0.013965,-0.561125,-0.073856
5874.595455,-0.048797,-0.569893,-0.088956
5874.604781,-0.098887,-0.530073,-0.130591
5874.613927,-0.132493,-0.421001,-0.207263
5874.623280,-0.167574,-0.265539,-0.272663
5874.632426,-0.197520,-0.091475,-0.294637
5874.650324,-0.058479,0.057636,-0.275404
5874.659505,0.100459,-0.118323,-0.214758
5874.668651,0.250315,-0.451298,-0.122810
5874.677752,0.356928,-0.822283,-0.050390
5874.686898,0.407399,-1.104723,-0.021327
5874.696043,0.420750,-1.235084,-0.018691
5874.705189,0.419432,-1.217992,-0.014164
5874.714341,0.379748,-1.075213,0.023225
5874.723487,0.292631,-0.817540,0.120754
5874.732622,0.273962,-0.421793,0.248412
5874.741768,0.439208,0.147127,0.338306
5874.751047,0.733096,0.840184,0.366339
5874.760193,0.960572,1.458667,0.381210
5874.769203,0.969133,1.757616,0.428512
5874.778349,0.775929,1.665116,0.501949
5874.787483,0.519341,1.332529,0.594776
5874.796629,0.331521,0.938065,0.707034
5874.806356,0.232719,0.557038,0.797710
5874.815502,0.161208,0.241260,0.801465
5874.833217,0.143941,-0.029610,0.592241
5874.842350,0.261651,-0.066341,0.534597
5874.851496,0.367340,-0.110039,0.528967
5874.860636,0.369696,-0.129507,0.532723
5874.869782,0.252248,-0.077429,0.520588
5874.878924,0.045557,0.027903,0.482086
5874.888070,-0.209282,0.102543,0.426342
5874.897539,-0.471285,0.108891,0.366674
5874.906685,-0.687008,0.115275,0.298647
5874.924653,-0.750031,0.276379,0.177797
5874.933794,-0.637058,0.325305,0.169915
5874.942940,-0.570678,0.318247,0.186367
5874.952081,-0.604028,0.280602,0.215182
5874.961227,-0.704038,0.262294,0.240382
5874.970592,-0.813718,0.306101,0.262536
5874.979738,-0.888127,0.408442,0.279227
5874.997802,-0.898235,0.475170,0.239558
5875.007529,-0.885600,0.362920,0.218395
5875.016675,-0.868971,0.231062,0.180931
5875.034572,-0.740342,0.208162,0.008674
5875.043909,-0.676424,0.314030,-0.032781
5875.053055,-0.632632,0.362824,-0.039331
5875.070957,-0.523565,0.210362,-0.087379
5875.080101,-0.447727,0.149383,-0.115162
5875.089247,-0.362563,0.109265,-0.125507
5875.098505,-0.265484,0.030251,-0.124818
5875.107651,-0.159947,-0.109662,-0.121093
5875.117107,-0.059106,-0.283756,-0.124047
5875.126253,0.025050,-0.460424,-0.141092
5875.144108,0.181369,-0.758994,-0.182858
5875.153654,0.269175,-0.867418,-0.201869
5875.162800,0.367675,-0.975744,-0.210285
5875.180687,0.552481,-1.031551,-0.227747
5875.189831,0.658469,-0.848696,-0.252476
5875.198977,0.756771,-0.638911,-0.258620
5875.208121,0.774082,-0.485040,-0.220301
5875.217267,0.687298,-0.367613,-0.135331
5875.226782,0.531776,-0.282961,-0.012088
5875.235928,0.351399,-0.248123,0.140090
5875.253840,0.146594,-0.110515,0.354855
5875.263808,0.205124,0.029641,0.337794
5875.272954,0.315789,0.170727,0.265163
5875.290420,0.310307,0.307810,0.177493
5875.299563,0.155051,0.168969,0.236039
5875.308709,0.006135,-0.021941,0.339994
5875.317852,-0.055205,0.026091,0.428059
5875.326998,0.018856,0.457596,0.415901
5875.336139,0.213227,1.028601,0.276843
5875.345285,0.362158,1.437223,0.110241
5875.354428,0.262718,1.677465,-0.011432
5875.363574,-0.036002,1.893842,-0.174869
5875.372715,-0.370132,2.117939,-0.442132
5875.381861,-0.783999,2.072457,-0.719127
5875.391005,-1.412650,1.287695,-0.863359
5875.400151,-2.131624,-0.222923,-0.737226
5875.409294,-2.565082,-1.770863,-0.286866
5875.418440,-2.417130,-2.652364,0.306817
5875.428599,-1.724166,-2.658722,0.753675
5875.437745,-0.803112,-2.075239,0.958551
5875.455013,0.683054,-0.935256,0.934070
5875.464347,1.263747,-0.526105,0.716975
5875.473493,1.670611,-0.077799,0.400717
5875.491590,1.169879,0.281748,-0.136703
5875.500945,0.693903,-0.078576,-0.281385
5875.510091,0.508964,-0.689685,-0.299972
5875.528186,0.523460,-1.676262,-0.217977
5875.537318,0.443012,-1.690924,-0.199939
5875.546464,0.353130,-1.470514,-0.199896
5875.555599,0.299374,-1.210134,-0.245217
5875.564745,0.270165,-1.078966,-0.300915
5875.573894,0.272732,-1.144810,-0.306069
5875.583040,0.319281,-1.290685,-0.266757
5875.592177,0.396215,-1.339030,-0.232161
5875.601323,0.478529,-1.281526,-0.224738
5875.610493,0.544008,-1.227763,-0.224313
5875.619639,0.560873,-1.247185,-0.218229
5875.628771,0.505027,-1.310653,-0.215025
5875.637917,0.397335,-1.370679,-0.227084
5875.647074,0.292270,-1.429549,-0.248599
5875.656220,0.227069,-1.489497,-0.261930
5875.665372,0.199095,-1.518777,-0.257997
5875.674518,0.189108,-1.494332,-0.245277
5875.683619,0.182728,-1.439404,-0.231733
5875.692765,0.172836,-1.393057,-0.223981
5875.701988,0.150943,-1.377243,-0.221755
5875.711134,0.102444,-1.404160,-0.222522
5875.720217,0.028619,-1.445805,-0.230145
5875.729363,-0.043599,-1.451020,-0.257062
5875.738483,-0.093846,-1.381903,-0.291952
5875.747629,-0.127821,-1.255240,-0.294501
5875.756773,-0.152979,-1.186753,-0.253938
5875.765919,-0.178525,-1.281423,-0.191458
5875.775062,-0.206536,-1.432140,-0.125974
5875.784208,-0.207582,-1.457381,-0.076137
5875.793356,-0.143332,-1.334157,-0.076501
5875.802502,-0.016218,-1.146552,-0.124924
5875.811718,0.109601,-0.933333,-0.170098
5875.820864,0.165478,-0.676125,-0.179049
5875.830876,0.139605,-0.378717,-0.167046
5875.840022,0.082024,-0.131279,-0.146147
5875.857358,0.044925,-0.090501,-0.056872
5875.866501,0.037363,-0.167191,-0.041825
5875.875647,0.005244,-0.225962,-0.070579
5875.885201,-0.020301,-0.309260,-0.122661
5875.894347,-0.028828,-0.424218,-0.175599
5875.912229,-0.065645,-0.565506,-0.152674
5875.921372,-0.052878,-0.565690,-0.011134
5875.930518,0.002634,-0.549634,0.173777
5875.939788,0.091128,-0.517743,0.347819
5875.948934,0.233420,-0.440795,0.501175
5875.958181,0.442464,-0.349095,0.653039
5875.967327,0.667028,-0.251186,0.816595
5875.976929,0.854388,0.037825,0.956819
5875.986075,1.007294,0.591759,0.999721
5876.003671,1.011038,0.901247,0.987928
5876.013472,0.722863,0.268436,1.032338
5876.022618,0.367567,-0.442370,0.925599
5876.040720,0.113066,-1.278114,0.359977
5876.058532,0.064737,-1.738494,0.075119
5876.068066,-0.227326,-1.664870,0.058399
5876.077212,-0.695677,-1.316090,0.053082
5876.095115,-1.316365,0.101282,-0.115085
5876.104259,-1.099475,0.797619,-0.117593
5876.113405,-0.725526,1.163459,-0.024660
5876.122676,-0.487203,1.165803,0.064454
5876.131822,-0.445431,0.906567,0.102709
5876.140832,-0.486549,0.546963,0.104537
5876.149978,-0.525919,0.255422,0.079632
5876.159422,-0.551445,0.086817,0.028522
5876.168568,-0.564220,-0.047849,-0.052495
5876.186555,-0.515423,-0.363447,-0.229501
5876.195742,-0.481573,-0.427110,-0.279576
5876.204888,-0.471597,-0.400372,-0.292880
5876.213985,-0.492624,-0.289391,-0.276403
5876.223131,-0.528478,-0.102800,-0.248959
5876.232272,-0.546268,0.127742,-0.216157
5876.241418,-0.519313,0.335271,-0.176110
5876.250563,-0.448607,0.445380,-0.137409
5876.259709,-0.364226,0.429895,-0.111462
5876.268852,-0.280654,0.288760,-0.101777
5876.277998,-0.183457,0.025704,-0.102530
5876.287790,-0.065695,-0.301874,-0.099052
5876.296936,0.059135,-0.576967,-0.086751
5876.314575,0.320061,-0.727967,-0.144583
5876.323717,0.449891,-0.646875,-0.261401
5876.332863,0.554762,-0.537982,-0.403256
5876.342065,0.626403,-0.452151,-0.522361
5876.351211,0.658328,-0.406315,-0.598455
5876.360292,0.668664,-0.421128,-0.627802
5876.369438,0.686457,-0.506254,-0.606815
5876.378582,0.720186,-0.606838,-0.536139
5876.387728,0.752900,-0.649811,-0.418929
5876.396870,0.760804,-0.606134,-0.277878
5876.406016,0.731355,-0.491943,-0.150526
5876.415168,0.671481,-0.345289,-0.076566
5876.424314,0.622794,-0.210076,-0.072102
5876.433446,0.638758,-0.109374,-0.140528
5876.442592,0.711571,-0.055209,-0.256916
5876.451991,0.734565,-0.005996,-0.369600
5876.461137,0.594686,0.066544,-0.411412
5876.470276,0.328434,0.094617,-0.328574
5876.479422,0.109274,0.167137,-0.179100
5876.497461,-0.052695,1.051272,-0.569872
5876.506601,-0.554556,1.103717,-0.761672
5876.515747,-1.452330,0.493403,-0.462555
5876.525330,-2.045719,-0.440376,0.021263
5876.534476,-1.785310,-1.222414,0.344594
5876.552545,-0.062104,-0.974489,0.432399
5876.561844,0.638982,-0.181342,0.021912
5876.570990,1.084837,0.274297,-0.473831
5876.580128,1.174338,0.069040,-0.741841
5876.589274,0.979489,-0.529835,-0.751108
5876.598792,0.745285,-1.120488,-0.621177
5876.607938,0.620052,-1.565427,-0.427080
5876.625476,0.497185,-1.886858,-0.004351
5876.634622,0.448897,-1.711562,0.151838
5876.643768,0.473972,-1.435574,0.221781
5876.652910,0.555507,-1.199089,0.204751
5876.662056,0.621391,-1.095907,0.127930
5876.671272,0.635888,-1.139320,0.017500
5876.680418,0.610894,-1.271952,-0.116601
5876.689485,0.570276,-1.393699,-0.257870
5876.698631,0.517259,-1.448361,-0.388080
5876.708593,0.435648,-1.446796,-0.487017
5876.717739,0.333568,-1.427859,-0.536559
5876.735207,0.153600,-1.305017,-0.519872
5876.744352,0.059444,-1.161172,-0.488274
5876.753498,-0.010772,-1.018389,-0.441381
5876.762642,-0.018234,-0.941166,-0.377360
5876.771788,0.019285,-0.928466,-0.316242
5876.781304,0.047477,-0.929316,-0.272644
5876.790450,0.033574,-0.906005,-0.246925
5876.808361,-0.008833,-0.828124,-0.251260
5876.817508,0.002548,-0.764890,-0.274420
5876.826654,-0.008783,-0.653074,-0.314600
5876.835865,-0.042820,-0.523143,-0.371453
5876.845011,-0.073511,-0.426007,-0.413784
5876.854091,-0.090601,-0.408947,-0.409223
5876.863237,-0.096238,-0.485465,-0.370587
5876.872371,-0.093374,-0.599744,-0.331540
5876.881517,-0.092595,-0.671492,-0.309489
5876.890659,-0.102474,-0.679984,-0.301113
5876.899805,-0.124224,-0.632534,-0.306325
5876.908986,-0.159432,-0.530239,-0.307415
5876.918132,-0.204853,-0.403424,-0.285167
5876.927238,-0.254509,-0.304444,-0.234280
5876.936384,-0.298143,-0.227372,-0.180796
5876.945536,-0.325215,-0.101788,-0.165653
5876.954682,-0.339196,0.107582,-0.197501
5876.963815,-0.351918,0.338874,-0.231962
5876.972961,-0.358014,0.466820,-0.233407
5876.982103,-0.319552,0.409748,-0.215145
5876.991249,-0.246024,0.212653,-0.188284
5877.000801,-0.186259,-0.019669,-0.140937
5877.009947,-0.157308,-0.227521,-0.071387
5877.027830,-0.150873,-0.600509,0.090931
5877.036973,-0.170451,-0.814553,0.160657
5877.046119,-0.179690,-1.058034,0.201203
5877.055257,-0.172881,-1.296700,0.228682
5877.064403,-0.165284,-1.436519,0.273909
5877.073547,-0.170639,-1.383557,0.353537
5877.082693,-0.184292,-1.152359,0.477162
5877.091837,-0.144684,-0.886486,0.662800
5877.100983,0.054176,-0.741842,0.893123
5877.110120,0.441920,-0.600744,1.084145
5877.119266,0.894249,-0.139942,1.140434
5877.128408,1.202373,0.668202,1.066850
5877.137554,1.239871,1.393766,0.941707
5877.147063,1.046032,1.592305,0.810097
5877.156209,0.780398,1.187580,0.702035
5877.174134,0.521310,-0.496374,0.656905
5877.183279,0.472964,-1.237827,0.607655
5877.192425,0.379366,-1.656739,0.511177
5877.201565,0.218042,-1.769597,0.455008
5877.210711,-0.011917,-1.657741,0.483726
5877.219852,-0.306116,-1.280391,0.503659
5877.228998,-0.613627,-0.594379,0.400952
5877.238143,-0.849095,0.221606,0.216387
5877.247289,-0.941217,0.842041,0.084467
5877.256433,-0.873616,1.086818,0.037881
5877.265579,-0.710564,0.984633,0.017455
5877.274825,-0.571501,0.662965,-0.011033
5877.283971,-0.553935,0.317953,-0.030733
5877.293006,-0.639983,0.123995,-0.030695
5877.302152,-0.735921,0.081179,-0.025279
5877.320442,-0.783078,-0.009551,-0.087848
5877.311296,-0.784173,0.067583,-0.037996
5877.330051,-0.751259,-0.157431,-0.154654
5877.339197,-0.717669,-0.290464,-0.190962
5877.357296,-0.674117,-0.068555,-0.190047
5877.375306,-0.516381,0.379787,-0.258025
5877.384448,-0.451372,0.360186,-0.290974
5877.393595,-0.407370,0.257808,-0.304060
5877.402738,-0.357748,0.136095,-0.295702
5877.411884,-0.300172,-0.043913,-0.260744
5877.421277,-0.236617,-0.277496,-0.220469
5877.430423,-0.157097,-0.474554,-0.190083
5877.439676,-0.047316,-0.585009,-0.158390
5877.448822,0.076937,-0.640570,-0.123815
5877.466764,0.241869,-0.762065,-0.118070
5877.476048,0.327705,-0.786565,-0.160447
5877.485194,0.446436,-0.751334,-0.210655
5877.494726,0.568401,-0.691589,-0.242273
5877.503872,0.679731,-0.625461,-0.230293
5877.521679,0.835353,-0.371790,-0.080159
5877.531518,0.794385,-0.201774,0.017088
5877.540664,0.661032,-0.135466,0.125156
5877.558229,0.378621,-0.358318,0.403183
5877.567345,0.377128,-0.290800,0.472020
5877.576491,0.419634,0.025692,0.405796
5877.585623,0.380154,0.446232,0.255984
5877.594769,0.249007,0.740080,0.140847
5877.603911,0.107473,0.774989,0.120702
5877.613057,0.004353,0.678917,0.179827
5877.622203,-0.029757,0.785315,0.241213
5877.631349,0.025285,1.308853,0.151367
5877.640883,0.069934,1.974356,-0.194892
5877.650029,-0.097628,2.173083,-0.649804
5877.659095,-0.652588,1.591265,-0.897964
5877.668241,-1.500706,0.347427,-0.752175
5877.686211,-2.093000,-2.737065,0.127762
5877.695485,-1.340509,-3.503306,0.473437
5877.704631,-0.248998,-3.342516,0.659165
5877.713651,0.824654,-2.456024,0.584203
5877.722797,1.540993,-1.420989,0.249967
5877.731933,1.641110,-0.840964,-0.135549
5877.741079,1.202187,-0.716852,-0.379031
5877.750234,0.598325,-0.633310,-0.452992
5877.759380,0.150579,-0.476606,-0.395999
5877.768506,-0.036963,-0.394298,-0.250244
5877.777652,-0.000832,-0.401444,-0.066206
5877.786795,0.168298,-0.412226,0.082193
5877.795941,0.380555,-0.411364,0.141887
5877.805086,0.588532,-0.441573,0.118185
5877.814232,0.774400,-0.544039,0.051705
5877.824139,0.915223,-0.737938,-0.005377
5877.833285,0.972658,-0.999949,-0.019031
5877.850809,0.775478,-1.528996,0.022818
5877.859947,0.571632,-1.673197,0.027264
5877.869093,0.385378,-1.728610,0.001167
5877.878236,0.277398,-1.779199,-0.054648
5877.887382,0.247071,-1.849128,-0.110411
5877.896530,0.245802,-1.871453,-0.164421
5877.905676,0.230512,-1.831840,-0.245060
5877.915203,0.188780,-1.798458,-0.337367
5877.924349,0.124564,-1.788058,-0.398691
5877.942256,0.011012,-1.651977,-0.424770
5877.952029,-0.024496,-1.554457,-0.411647
5877.961175,-0.065177,-1.478773,-0.382928
5877.978827,-0.085026,-1.216677,-0.368176
5877.987969,-0.066603,-0.990062,-0.383776
5877.997115,-0.089859,-0.758515,-0.379287
5878.006671,-0.143681,-0.593972,-0.362169
5878.015817,-0.182596,-0.528219,-0.359295
5878.024937,-0.190594,-0.499155,-0.383203
5878.034083,-0.170125,-0.410513,-0.434985
5878.043852,-0.137982,-0.285136,-0.465977
5878.052998,-0.116885,-0.220260,-0.432550
5878.070894,-0.129087,-0.263317,-0.314062
5878.080197,-0.122181,-0.271707,-0.296285
5878.089343,-0.089448,-0.269194,-0.295206
5878.106863,-0.067179,-0.569871,-0.251717
5878.116595,-0.074780,-0.869138,-0.172788
5878.125741,-0.050985,-1.065932,-0.089196
5878.143554,-0.021873,-0.992349,-0.033472
5878.152796,-0.061755,-0.905966,-0.042628
5878.161942,-0.075093,-0.829226,-0.044653
5878.179998,0.102336,-0.640896,-0.005895
5878.189143,0.216482,-0.538742,0.101226
5878.198289,0.308741,-0.352939,0.323053
5878.207909,0.406011,-0.047355,0.591873
5878.217055,0.557074,0.393056,0.781178
5878.234867,1.032142,1.609925,0.892506
5878.244010,1.101614,1.919883,0.927753
5878.253156,0.978970,1.716167,0.937420
5878.263044,0.774190,1.008895,0.941207
5878.272190,0.560154,0.025247,0.987095
5878.289732,0.259474,-1.091235,0.888400
5878.298877,0.284248,-0.828147,0.687156
5878.308023,0.399357,-0.417209,0.513523
5878.317168,0.494206,-0.241209,0.385082
5878.326314,0.454970,-0.293145,0.291382
5878.336326,0.238613,-0.360882,0.254873
5878.345472,-0.121728,-0.359181,0.255637
5878.362883,-1.060028,-0.059965,0.271962
5878.372024,-1.402330,0.312269,0.272003
5878.381170,-1.473492,0.660491,0.244595
5878.390316,-1.303811,0.839619,0.191457
5878.399462,-1.074491,0.848206,0.133054
5878.408605,-0.959512,0.717742,0.091822
5878.417751,-1.016187,0.509136,0.080166
5878.427350,-1.163053,0.333383,0.087207
5878.436496,-1.277213,0.278352,0.093981
5878.454328,-1.250864,0.525482,0.047458
5878.463470,-1.172828,0.698548,0.025260
5878.472616,-1.065486,0.814338,-0.004606
5878.482195,-0.914835,0.851945,-0.072605
5878.491341,-0.736213,0.822567,-0.142262
5878.509198,-0.362713,0.714533,-0.189031
5878.518336,-0.216180,0.653589,-0.232305
5878.527482,-0.131134,0.535116,-0.292485
5878.536634,-0.082821,0.342349,-0.335222
5878.545780,-0.021924,0.091371,-0.340752
5878.555205,0.089410,-0.191011,-0.321259
5878.564351,0.239467,-0.463533,-0.297245
5878.582355,0.510975,-0.841862,-0.277007
5878.591514,0.638862,-0.982712,-0.240289
5878.600660,0.770740,-1.080616,-0.163958
5878.609794,0.853505,-1.040727,-0.063137
5878.618940,0.832852,-0.826698,0.047721
5878.628072,0.710813,-0.513131,0.131712
5878.637218,0.530471,-0.176916,0.161304
5878.646356,0.359301,0.146905,0.159165
5878.655502,0.257748,0.425626,0.136154
5878.665508,0.204107,0.627478,0.086782
5878.674654,0.111422,0.694062,0.050833
5878.692455,-0.095046,0.357795,0.125897
5878.710379,0.091231,0.637416,0.145899
5878.719519,0.222546,1.015342,-0.047447
5878.728665,0.166915,1.200792,-0.345549
5878.737798,-0.281468,1.170452,-0.540060
5878.746944,-1.079323,0.896111,-0.497448
5878.756827,-1.803815,0.253727,-0.302157
5878.765973,-1.977951,-0.644492,-0.080373
5878.783524,-0.699921,-2.051091,0.383531
5878.792911,0.096264,-1.987817,0.481355
5878.802057,0.681108,-1.311151,0.348501
5878.811785,1.037774,-0.627613,0.048546
5878.820931,1.160417,-0.439336,-0.246435
5878.830084,1.009826,-0.489558,-0.409516
5878.839230,0.664461,-0.339302,-0.431713
5878.856676,0.195261,0.073535,-0.169962
5878.865814,0.223043,-0.012882,0.009099
5878.874960,0.341930,-0.190950,0.127662
5878.884105,0.512070,-0.388915,0.175557
5878.893251,0.695398,-0.606705,0.174102
5878.902397,0.824738,-0.855273,0.144801
5878.911543,0.851078,-1.113843,0.109940
5878.920780,0.764419,-1.312880,0.081724
5878.929926,0.597988,-1.412259,0.037209
5878.938972,0.443189,-1.449706,-0.042247
5878.948118,0.372404,-1.480989,-0.136114
5878.957258,0.358416,-1.501113,-0.219614
5878.966404,0.343051,-1.471224,-0.296603
5878.975550,0.330480,-1.402459,-0.391736
5878.984696,0.339193,-1.361897,-0.517267
5878.994235,0.333515,-1.400628,-0.648942
5879.003381,0.272329,-1.507406,-0.736071
5879.012904,0.157428,-1.655208,-0.749472
5879.022050,0.021737,-1.805027,-0.697922
5879.039559,-0.110299,-1.813895,-0.535913
5879.048970,-0.090049,-1.659782,-0.464571
5879.058116,-0.086272,-1.444946,-0.418659
5879.067545,-0.115932,-1.160900,-0.399417
5879.076691,-0.145275,-0.836748,-0.395970
5879.094424,-0.120272,-0.228882,-0.444242
5879.103577,-0.076816,0.032864,-0.496868
5879.112723,-0.027736,0.149763,-0.525440
5879.122214,0.002118,0.048843,-0.500760
5879.131360,-0.005127,-0.161587,-0.440540
5879.140494,-0.035440,-0.307476,-0.381006
5879.149640,-0.061714,-0.336508,-0.342867
5879.167582,-0.070546,-0.387592,-0.325750
5879.177088,-0.088829,-0.565511,-0.317784
5879.186234,-0.133300,-0.821234,-0.274662
5879.204155,-0.126036,-1.220493,-0.036544
5879.213307,-0.015454,-1.232916,0.069531
5879.222453,0.086938,-1.082577,0.100628
5879.231589,0.115087,-0.837670,0.083618
5879.240735,0.093220,-0.607398,0.079862
5879.250404,0.098344,-0.430380,0.120303
5879.259550,0.204097,-0.219824,0.220308
5879.277309,0.634848,0.582048,0.599539
5879.286452,0.794563,1.097975,0.779706
5879.295598,0.949085,1.517331,0.920876
5879.304747,1.168005,1.739380,1.061794
5879.313893,1.341180,1.927096,1.186688
5879.323029,1.348711,2.190643,1.226137
5879.332175,1.263177,2.159800,1.198362
5879.341315,1.149141,1.457673,1.213690
5879.350461,0.912280,0.354482,1.251552
5879.359604,0.546207,-0.536741,1.142174
5879.368750,0.255234,-0.923288,0.855823
5879.377895,0.174813,-1.011077,0.531397
5879.387041,0.207376,-1.157989,0.258127
5879.396184,0.155590,-1.445806,0.075125
5879.405330,-0.076481,-1.658603,0.039124
5879.414471,-0.454442,-1.579550,0.125164
5879.423617,-0.889662,-1.122780,0.214102
5879.432762,-1.277155,-0.314292,0.218707
5879.441908,-1.499667,0.653765,0.163328
5879.451047,-1.497274,1.455594,0.147106
5879.460193,-1.329135,1.846453,0.218968
5879.469337,-1.124750,1.809723,0.307421
5879.478483,-0.997412,1.505362,0.316511
5879.487625,-0.992116,1.169713,0.246003
5879.496770,-1.057710,0.972602,0.139858
5879.505915,-1.106299,0.918092,0.029692
5879.515061,-1.093671,0.891955,-0.050258
5879.524201,-1.039512,0.793102,-0.084641
5879.533347,-0.961591,0.592108,-0.093137
5879.542821,-0.857044,0.344884,-0.097625
5879.551967,-0.738148,0.145284,-0.093249
5879.561766,-0.630295,0.049281,-0.085311
5879.570912,-0.527067,0.048240,-0.090243
5879.588216,-0.323299,0.157941,-0.147382
5879.597407,-0.253495,0.173707,-0.178386
5879.606553,-0.197425,0.132304,-0.189833
5879.615966,-0.147359,0.042125,-0.203071
5879.625112,-0.081011,-0.087186,-0.239492
5879.643159,0.195865,-0.405563,-0.359156
5879.652223,0.371717,-0.574966,-0.409515
5879.661369,0.533557,-0.791699,-0.427452
5879.670888,0.682203,-1.076342,-0.393858
5879.680034,0.818039,-1.359566,-0.328401
5879.697947,0.999831,-1.381466,-0.204676
5879.707088,1.001579,-1.109089,-0.121665
5879.716234,0.919311,-0.833127,-0.024356
5879.725381,0.796419,-0.562333,0.043608
5879.734527,0.676313,-0.160456,0.034570
5879.744031,0.550736,0.333414,-0.061623
5879.753177,0.384732,0.617333,-0.191908
5879.762579,0.189756,0.532326,-0.263657
5879.771725,0.056225,0.298114,-0.254799
5879.789389,0.196396,0.042693,-0.222700
5879.798724,0.214613,0.071969,-0.224253
5879.807870,-0.047657,0.310340,-0.219321
5879.825966,-1.095593,0.895842,-0.188325
5879.835108,-1.462303,1.014614,-0.175904
5879.844254,-1.580746,0.723794,-0.247834
5879.853397,-1.531402,-0.292253,-0.377927
5879.862543,-1.455448,-1.733902,-0.380537
5879.871687,-1.400628,-2.738768,-0.140339
5879.880833,-1.205764,-2.739833,0.167154
5879.889992,-0.699147,-1.977424,0.288312
5879.899138,0.036666,-1.093875,0.240071
5879.908264,0.794896,-0.433470,0.169551
5879.917410,1.436384,0.152048,0.056489
5879.926602,1.771220,0.777860,-0.128328
5879.935748,1.638099,1.176349,-0.267068
5879.945283,1.208859,1.038907,-0.275185
5879.954429,0.805735,0.401290,-0.188002
5879.963499,0.553288,-0.540330,-0.048132
5879.972645,0.458108,-1.676446,0.117206
5879.990569,0.663965,-3.403810,0.345255
5879.999710,0.672300,-3.369620,0.351925
5880.008856,0.493118,-2.945650,0.210636
5880.018527,0.242424,-2.481233,-0.048930
5880.027673,0.087939,-2.124785,-0.266185
5880.045432,0.207212,-1.721729,-0.350079
5880.054572,0.302796,-1.550846,-0.341617
5880.063718,0.329414,-1.339956,-0.342899
5880.072858,0.301641,-1.151180,-0.353248
5880.082004,0.249851,-1.062459,-0.373022
5880.091775,0.196944,-1.068820,-0.395249
5880.100921,0.145054,-1.087298,-0.407902
5880.110392,0.103701,-1.077600,-0.403204
5880.119538,0.091291,-1.073877,-0.390243
5880.136874,0.104036,-1.074868,-0.361946
5880.146012,0.069826,-1.017585,-0.351907
5880.155158,0.024905,-0.886062,-0.353308
5880.165180,0.003299,-0.700963,-0.368347
5880.174326,0.008885,-0.508665,-0.407122
5880.191734,0.073340,-0.171857,-0.536151
5880.200889,0.076625,-0.092931,-0.578348
5880.210035,0.018719,-0.115095,-0.593306
5880.219162,-0.063765,-0.190820,-0.592263
5880.228308,-0.126178,-0.257789,-0.565410
5880.238325,-0.172090,-0.284348,-0.516640
5880.247471,-0.215585,-0.268250,-0.468360
5880.264891,-0.267860,-0.265071,-0.349131
5880.274032,-0.252144,-0.366565,-0.230037
5880.283178,-0.181081,-0.517752,-0.088083
5880.292330,-0.039279,-0.640891,0.035702
5880.301476,0.124203,-0.666855,0.107605
5880.310606,0.179527,-0.620274,0.129369
5880.319752,0.040489,-0.564668,0.105443
5880.328901,-0.191379,-0.463144,0.052882
5880.338047,-0.306258,-0.270974,0.030887
5880.347618,-0.201984,-0.041243,0.085848
5880.356764,0.056891,0.217473,0.229801
5880.374619,0.561413,0.732809,0.740726
5880.383762,0.694209,0.860442,0.997340
5880.392908,0.890299,1.038910,1.185993
5880.402054,1.229251,1.400147,1.327424
5880.411200,1.548635,1.955960,1.414772
5880.420711,1.638733,2.436152,1.389049
5880.429857,1.479398,2.324256,1.296293
5880.447777,0.704685,0.297235,1.316360
5880.456921,0.316201,-0.547944,1.175834
5880.466067,0.140872,-0.909200,0.813441
5880.476048,0.135827,-1.054566,0.425803
5880.485194,0.117051,-1.285535,0.172478
5880.502638,-0.216539,-1.693642,0.122408
5880.511938,-0.432492,-1.532423,0.233113
5880.521084,-0.673597,-1.043571,0.321263
5880.539223,-1.276825,0.616988,0.411003
5880.548738,-1.510119,1.517551,0.464951
5880.557884,-1.578036,2.279004,0.446982
5880.575795,-1.208860,2.503857,0.253683
5880.584938,-1.029008,2.134090,0.133637
5880.594084,-0.983065,1.821065,-0.023337
5880.603240,-1.017524,1.621312,-0.167270
5880.612386,-1.021798,1.457415,-0.247972
5880.621518,-0.945958,1.274579,-0.273187
5880.630664,-0.832029,1.026265,-0.262347
5880.639800,-0.720957,0.690353,-0.229267
5880.648946,-0.627150,0.364247,-0.183285
5880.658988,-0.543455,0.174737,-0.121141
5880.668134,-0.435298,0.108285,-0.071071
5880.685884,-0.161650,0.058661,-0.101773
5880.703814,-0.038511,0.020529,-0.186545
5880.712956,0.014809,-0.076014,-0.238648
5880.722102,0.112189,-0.200622,-0.308223
5880.731245,0.265505,-0.330032,-0.383763
5880.740391,0.436477,-0.490906,-0.433028
5880.749533,0.580955,-0.707549,-0.433233
5880.758679,0.697670,-0.948259,-0.382375
5880.767821,0.812434,-1.135110,-0.297915
5880.776967,0.928050,-1.171954,-0.199830
5880.786169,1.013160,-0.997992,-0.098183
5880.795315,1.035098,-0.681559,0.004337
5880.804809,0.980776,-0.365341,0.098768
5880.813955,0.846905,-0.056774,0.168684
5880.831835,0.415747,0.869414,0.113057
5880.840984,0.245643,1.193691,0.003557
5880.850130,0.155925,1.151241,-0.112556
5880.859261,0.101923,0.802016,-0.189859
5880.868407,0.074614,0.387449,-0.208669
5880.877552,0.123217,0.182806,-0.207622
5880.886698,0.212832,0.315462,-0.260056
5880.896233,0.143436,0.611915,-0.369458
5880.905379,-0.337224,0.699550,-0.417780
5880.923280,-2.232032,0.121632,-0.244274
5880.932416,-2.793586,-0.110698,-0.189678
5880.941562,-2.784195,-0.435522,-0.110495
5880.951332,-2.364505,-0.998011,0.020053
5880.960478,-1.737513,-1.486907,0.156390
5880.978138,-0.396226,-1.018883,0.284987
5880.987445,0.386889,-0.596662,0.133368
5880.996591,1.314485,-0.382148,-0.132990
5881.005944,2.101825,-0.260287,-0.362596
5881.015090,2.309438,-0.109623,-0.487454
5881.033206,1.014222,0.346944,-0.349456
5881.051295,0.143867,-0.082802,0.139837
5881.060854,0.130054,-0.666364,0.174831
5881.070000,0.306963,-1.243931,0.140919
5881.079065,0.572212,-1.705478,0.114930
5881.088211,0.756805,-1.973650,0.055060
5881.106166,0.661370,-2.167737,-0.131275
5881.115396,0.485310,-2.278129,-0.179182
5881.124542,0.335723,-2.306749,-0.218641
5881.134183,0.290647,-2.198734,-0.269322
5881.143329,0.325804,-2.015057,-0.329298
5881.161027,0.326624,-1.706223,-0.431915
5881.170172,0.257980,-1.645606,-0.457231
5881.179318,0.157548,-1.615438,-0.470334
5881.188920,0.049548,-1.534009,-0.471027
5881.198066,0.005564,-1.399954,-0.459482
5881.207447,0.069540,-1.285169,-0.446773
5881.216593,0.172477,-1.216655,-0.439519
5881.234184,0.156238,-1.042278,-0.421416
5881.243323,0.087053,-0.915679,-0.422709
5881.252469,0.043848,-0.789195,-0.447651
5881.261613,0.021716,-0.653070,-0.493983
5881.270759,0.004660,-0.499949,-0.551137
5881.280758,-0.006302,-0.360230,-0.609333
5881.289904,-0.030923,-0.278925,-0.651496
5881.307341,-0.169831,-0.414269,-0.620158
5881.316480,-0.239978,-0.568837,-0.569876
5881.325626,-0.262999,-0.659880,-0.512162
5881.334765,-0.238944,-0.680069,-0.444740
5881.343911,-0.201742,-0.703820,-0.367869
5881.353056,-0.193748,-0.773906,-0.285688
5881.362202,-0.212271,-0.847760,-0.211663
5881.371342,-0.203983,-0.889918,-0.143957
5881.380488,-0.116762,-0.911221,-0.080199
5881.389632,-0.012137,-0.902166,-0.036881
5881.398778,-0.005017,-0.860667,-0.030291
5881.408289,-0.108918,-0.815940,-0.051810
5881.417435,-0.211484,-0.750535,-0.079465
5881.426590,-0.198168,-0.620112,-0.080981
5881.435736,-0.050279,-0.445106,-0.021951
5881.453643,0.469777,0.032972,0.386729
5881.463423,0.703562,0.265918,0.684393
5881.472569,0.805304,0.440847,0.916941
5881.481866,0.872870,0.645425,1.044231
5881.491012,1.073593,0.926739,1.126708
5881.508508,1.513353,1.913269,1.248996
5881.517653,1.549560,2.199769,1.251550
5881.526799,1.448686,1.749972,1.269873
5881.536499,1.113294,0.740089,1.260877
5881.545645,0.610424,-0.210414,1.081689
5881.563380,0.104069,-1.093149,0.322497
5881.573265,0.089099,-1.392405,0.062864
5881.582411,-0.035267,-1.656477,-0.016436
5881.600128,-0.490520,-1.617099,0.168140
5881.609475,-0.789784,-1.202318,0.311528
5881.618621,-1.161023,-0.432138,0.408552
5881.636528,-1.339666,1.825588,0.372591
5881.645806,-1.137386,2.586090,0.313936
5881.654952,-0.971835,2.667482,0.228889
5881.664400,-0.900280,2.258605,0.124859
5881.673546,-0.923521,1.786224,0.030018
5881.691395,-1.134251,1.198317,-0.145679
5881.700537,-1.117013,0.923685,-0.208651
5881.709683,-0.963902,0.647304,-0.214092
5881.718827,-0.784117,0.387232,-0.161970
5881.727973,-0.638417,0.178308,-0.105639
5881.737112,-0.508044,0.105682,-0.073243
5881.746258,-0.381118,0.175556,-0.053080
5881.755401,-0.270938,0.294058,-0.045232
5881.764547,-0.197685,0.376917,-0.068751
5881.774058,-0.172497,0.399812,-0.112716
5881.783204,-0.170477,0.376392,-0.150204
5881.792645,-0.142060,0.329973,-0.173331
5881.801791,-0.078473,0.237326,-0.194828
5881.819706,0.172047,-0.183170,-0.270801
5881.829050,0.338099,-0.386682,-0.316031
5881.838196,0.484307,-0.555969,-0.341553
5881.847696,0.616446,-0.742103,-0.332641
5881.856842,0.747732,-0.929171,-0.283605
5881.874278,0.895573,-0.995828,-0.102671
5881.883422,0.877671,-0.778247,-0.007195
5881.892568,0.799496,-0.510958,0.068969
5881.901771,0.695500,-0.331751,0.106084
5881.910917,0.615691,-0.186995,0.090451
5881.919998,0.564687,0.079374,0.029720
5881.929144,0.510473,0.440641,-0.053321
5881.938631,0.409147,0.666482,-0.142973
5881.947777,0.248138,0.598606,-0.214992
5881.957052,0.131142,0.320303,-0.241059
5881.966198,0.176332,0.105828,-0.250509
5881.975691,0.329755,0.167697,-0.335308
5881.984837,0.339160,0.356692,-0.496744
5882.002598,-0.856741,0.226171,-0.509172
5882.020585,-2.113990,-0.272248,-0.309645
5882.030569,-2.067537,-0.703641,-0.316627
5882.039715,-1.634425,-1.422510,-0.243311
5882.057162,-0.579125,-2.482853,0.132191
5882.066521,-0.258583,-2.061468,0.167981
5882.075667,0.037794,-1.407016,0.079658
5882.085051,0.411696,-0.863252,-0.000495
5882.094197,0.802693,-0.425099,-0.026393
5882.103764,1.082424,0.001741,-0.068437
5882.112910,1.181130,0.364522,-0.154187
5882.130316,0.987766,0.177026,-0.242468
5882.139900,0.786377,-0.382303,-0.173130
5882.149046,0.562796,-1.098346,-0.026457
5882.166896,0.321785,-2.515353,0.270989
5882.176039,0.318139,-2.772068,0.334088
5882.185185,0.327256,-2.654059,0.302050
5882.194338,0.337023,-2.356325,0.178305
5882.203484,0.335204,-2.041739,0.028439
5882.212618,0.296226,-1.789120,-0.084069
5882.221764,0.212515,-1.638598,-0.144588
5882.231575,0.109696,-1.565798,-0.160530
5882.240721,0.028171,-1.519580,-0.150262
5882.258340,0.013579,-1.487917,-0.149412
5882.267484,0.043367,-1.563631,-0.179286
5882.276630,0.046478,-1.707644,-0.208324
5882.286461,0.001440,-1.829543,-0.198579
5882.295607,-0.059003,-1.871983,-0.150775
5882.313670,-0.111020,-1.730381,-0.103908
5882.331489,-0.150150,-1.101988,-0.160532
5882.340831,-0.133706,-0.753671,-0.199930
5882.349977,-0.075910,-0.513755,-0.241720
5882.368069,0.069961,-0.403476,-0.371883
5882.377213,0.072758,-0.428372,-0.445927
5882.386359,0.018309,-0.465497,-0.509090
5882.395819,-0.049513,-0.491673,-0.571169
5882.404965,-0.090574,-0.492227,-0.637138
5882.414426,-0.105266,-0.506023,-0.687677
5882.423572,-0.112111,-0.543958,-0.707284
5882.432575,-0.109488,-0.529396,-0.716894
5882.441721,-0.101912,-0.399094,-0.733732
5882.459515,-0.130650,-0.045491,-0.702308
5882.468917,-0.150269,0.025621,-0.637011
5882.478063,-0.150930,0.009189,-0.548344
5882.487679,-0.159946,-0.068235,-0.464862
5882.496825,-0.198887,-0.167791,-0.399938
5882.505985,-0.243007,-0.270903,-0.319626
5882.515131,-0.236847,-0.366375,-0.207659
5882.524301,-0.168741,-0.436153,-0.099657
5882.533447,-0.094712,-0.478251,-0.042712
5882.550957,-0.133238,-0.574696,-0.054506
5882.560103,-0.184297,-0.571111,-0.049717
5882.569249,-0.175344,-0.452639,-0.016875
5882.578386,-0.067038,-0.250651,0.077324
5882.587532,0.155836,-0.039259,0.260825
5882.597324,0.412799,0.145762,0.496460
5882.606470,0.565723,0.321938,0.718266
5882.624144,0.683370,0.777938,1.052571
5882.633251,0.899404,1.208103,1.153373
5882.642397,1.151767,1.786622,1.196958
5882.651544,1.309439,2.237830,1.189113
5882.660690,1.342498,2.237797,1.174885
5882.669829,1.220989,1.718502,1.195225
5882.678975,0.902114,0.895250,1.204121
5882.688124,0.492417,0.095311,1.090258
5882.697270,0.216657,-0.477456,0.834310
5882.706404,0.142810,-0.869636,0.549909
5882.715550,0.127859,-1.207485,0.347342
5882.724720,0.039199,-1.449725,0.242942
5882.733866,-0.125047,-1.474686,0.208192
5882.742984,-0.346334,-1.275136,0.226454
5882.752130,-0.648365,-0.886649,0.272231
5882.761276,-1.004637,-0.308298,0.297087
5882.770422,-1.300689,0.412491,0.282437
5882.780158,-1.434082,1.105557,0.264211
5882.789304,-1.388162,1.579733,0.262246
5882.806992,-1.082945,1.642273,0.227837
5882.816133,-1.013799,1.422670,0.175923
5882.825279,-1.036625,1.266165,0.111693
5882.834962,-1.104642,1.216902,0.059315
5882.844108,-1.120846,1.192235,0.023060
5882.861865,-0.877283,1.048637,-0.017123
5882.871001,-0.730865,0.882123,0.004512
5882.880147,-0.614918,0.665633,0.033860
5882.889288,-0.502320,0.492906,0.048561
5882.898434,-0.375976,0.430963,0.041914
5882.908320,-0.257842,0.450551,0.020199
5882.917466,-0.175902,0.451719,-0.010665
5882.935420,-0.057580,0.258808,-0.093663
5882.944675,0.025879,0.124616,-0.135964
5882.953821,0.121353,-0.039976,-0.172047
5882.971591,0.351041,-0.431199,-0.238870
5882.981051,0.498657,-0.583490,-0.274027
5882.990197,0.633821,-0.649181,-0.295987
5882.999804,0.723551,-0.636794,-0.293963
5883.008950,0.772259,-0.603446,-0.246081
5883.026452,0.862767,-0.523889,-0.053711
5883.035599,0.892275,-0.380574,0.038968
5883.044745,0.852829,-0.136327,0.120030
5883.054127,0.755509,0.164952,0.182872
5883.063273,0.632156,0.433056,0.215476
5883.073080,0.439666,0.566564,0.193138
5883.082226,0.179823,0.599407,0.088334
5883.099611,0.093977,0.823751,-0.216043
5883.108754,0.319715,0.794535,-0.276366
5883.117900,0.501252,0.477014,-0.248368
5883.127411,0.519858,0.107287,-0.145099
5883.136557,0.386402,0.078581,-0.030049
5883.154475,0.081926,0.715249,-0.046081
5883.163618,-0.100628,0.895817,-0.137400
5883.172764,-0.397783,1.040591,-0.258735
5883.182063,-0.722162,1.168021,-0.411666
5883.191209,-1.017563,1.250471,-0.557068
5883.200726,-1.334329,1.167401,-0.663966
5883.209872,-1.655085,0.694908,-0.688557
5883.219214,-1.825106,-0.138067,-0.547745
5883.228360,-1.669416,-0.955938,-0.262709
5883.245918,-0.497352,-1.427574,0.085774
5883.255678,0.090837,-1.170799,0.033201
5883.264824,0.473477,-0.823289,-0.054171
5883.282499,0.808155,-0.174675,-0.117738
5883.292090,0.855947,0.096190,-0.089076
5883.301236,0.821362,0.303887,-0.007609
5883.319082,0.664890,0.227599,0.106853
5883.328595,0.584938,-0.202757,0.110752
5883.337741,0.523835,-0.910719,0.147267
5883.355652,0.705065,-2.679038,0.279099
5883.364791,0.853358,-3.174375,0.333970
5883.373937,0.863538,-3.164764,0.311424
5883.383076,0.674726,-2.850510,0.169047
5883.392222,0.363630,-2.499223,-0.043090
5883.401365,0.111517,-2.185434,-0.232513
5883.410511,0.060388,-1.857283,-0.345855
5883.419988,0.178698,-1.514835,-0.383048
5883.429134,0.313052,-1.219562,-0.374908
5883.447094,0.278497,-0.972068,-0.352879
5883.456666,0.160836,-1.081988,-0.351371
5883.465812,0.035867,-1.291836,-0.346348
5883.483678,-0.154633,-1.432353,-0.341973
5883.493143,-0.187482,-1.256917,-0.341542
5883.502289,-0.172007,-1.049630,-0.332140
5883.520250,-0.056395,-0.790770,-0.297591
5883.529385,-0.027647,-0.704069,-0.282125
5883.538531,-0.043716,-0.615048,-0.270128
5883.548129,-0.081200,-0.514027,-0.278277
5883.557275,-0.117075,-0.389982,-0.305566
5883.575109,-0.116483,-0.130626,-0.339196
5883.584490,-0.078661,-0.067254,-0.350618
5883.593636,-0.037872,-0.064985,-0.386124
5883.611690,0.006901,-0.192398,-0.492123
5883.621201,-0.005408,-0.234203,-0.539988
5883.630347,-0.041353,-0.241739,-0.561059
5883.648267,-0.129572,-0.298902,-0.518925
5883.657426,-0.126340,-0.267076,-0.500420
5883.666572,-0.097568,-0.180384,-0.486134
5883.675949,-0.095854,-0.132617,-0.453650
5883.685095,-0.127400,-0.191984,-0.395099
5883.694538,-0.144669,-0.327996,-0.321549
5883.703684,-0.115614,-0.442053,-0.258967
5883.713013,-0.063147,-0.485507,-0.214936
5883.722159,-0.038391,-0.503492,-0.180574
5883.739711,-0.129771,-0.571789,-0.160721
5883.748848,-0.146365,-0.534179,-0.179989
5883.757994,-0.074449,-0.457375,-0.197537
5883.767322,0.048960,-0.375364,-0.183403
5883.776468,0.176669,-0.239134,-0.087317
5883.794575,0.472929,0.144842,0.350055
5883.804588,0.691659,0.198389,0.617945
5883.813734,0.896251,0.164029,0.867991
5883.831709,1.070087,0.668352,1.126121
5883.841065,1.175966,1.264743,1.154485
5883.850211,1.287618,1.568383,1.146063
5883.867725,0.987030,0.687866,1.152033
5883.876867,0.596519,-0.062808,1.104811
5883.886013,0.252305,-0.653416,0.930614
5883.895628,0.057348,-0.967521,0.691597
5883.904774,0.002087,-1.095769,0.497346
5883.913824,0.000817,-1.161150,0.387201
5883.922970,-0.057957,-1.160279,0.355466
5883.940884,-0.607375,-0.483132,0.446859
5883.950690,-0.882230,0.414606,0.458461
5883.959836,-0.928699,1.519461,0.394062
5883.977458,-0.568127,3.035197,0.234438
5883.986603,-0.478137,3.002410,0.225178
5883.995749,-0.529117,2.556320,0.236271
5884.005231,-0.646529,2.011291,0.235660
5884.014377,-0.747641,1.574571,0.207825
5884.023679,-0.801166,1.269461,0.164230
5884.032825,-0.810194,1.043782,0.137329
5884.050620,-0.754003,0.851643,0.180687
5884.059862,-0.689653,0.865163,0.178033
5884.069008,-0.600091,0.901570,0.130235
5884.078446,-0.513868,0.936650,0.068303
5884.087592,-0.464190,0.959519,0.013667
5884.105478,-0.408290,1.070086,-0.050239
5884.114622,-0.417472,1.077203,-0.075074
5884.123768,-0.432565,0.953869,-0.104308
5884.133433,-0.410153,0.752660,-0.126838
5884.142579,-0.346796,0.568697,-0.135497
5884.160463,-0.178099,0.337497,-0.133228
5884.170093,-0.095950,0.242736,-0.114631
5884.179239,-0.021332,0.145606,-0.084193
5884.196919,0.144275,-0.035416,-0.051818
5884.206067,0.230590,-0.129127,-0.058016
5884.215213,0.313564,-0.220508,-0.078389
5884.224351,0.390566,-0.288780,-0.103733
5884.233497,0.458969,-0.330225,-0.124644
5884.242651,0.510082,-0.353326,-0.131570
5884.251797,0.539199,-0.342298,-0.131759
5884.260929,0.543912,-0.278877,-0.126593
5884.270075,0.550738,-0.159292,-0.107916
5884.279227,0.580109,-0.011464,-0.066015
5884.288373,0.626122,0.101175,-0.007234
5884.297511,0.668566,0.132140,0.050127
5884.306658,0.685868,0.105668,0.092861
5884.315800,0.640681,0.086177,0.107338
5884.324946,0.529500,0.136982,0.085766
5884.334085,0.414026,0.255830,0.036294
5884.343231,0.346096,0.372262,-0.023871
5884.352369,0.314628,0.426600,-0.085767
5884.361515,0.290138,0.377476,-0.131163
5884.370658,0.278128,0.169037,-0.132300
5884.379803,0.276103,-0.115838,-0.087759
5884.389694,0.232651,-0.174087,-0.039812
5884.398840,0.149046,0.215645,-0.053510
5884.416383,0.131045,1.053094,-0.538440
5884.425952,-0.097640,0.885066,-0.792026
5884.435098,-0.796408,0.717077,-0.733146
5884.452963,-2.256426,0.479069,-0.360368
5884.463012,-2.353230,-0.206047,-0.357068
5884.472158,-2.243638,-1.082507,-0.242323
5884.489541,-1.756891,-1.590128,0.214235
5884.499504,-1.276240,-1.152154,0.308474
5884.508650,-0.648360,-0.646187,0.323757
5884.526116,0.618576,0.144308,0.232953
5884.535257,1.010800,0.488628,0.037062
5884.544403,1.147181,0.767382,-0.221229
5884.554186,1.004503,0.903404,-0.418302
5884.563332,0.684791,0.905802,-0.502574
5884.581353,0.190358,0.544716,-0.406546
5884.599269,0.223090,-0.545409,0.018707
5884.608451,0.363039,-1.112706,0.239577
5884.617597,0.513518,-1.490568,0.360348
5884.626697,0.592994,-1.609624,0.391025
5884.635843,0.577953,-1.519726,0.354641
5884.644988,0.510784,-1.336527,0.257143
5884.654134,0.441759,-1.129152,0.132239
5884.663657,0.397960,-0.911893,0.018965
5884.672803,0.373174,-0.699334,-0.075421
5884.690710,0.323029,-0.574604,-0.173471
5884.700533,0.308524,-0.703820,-0.173146
5884.709679,0.312373,-0.851328,-0.179731
5884.727304,0.362804,-0.944473,-0.267258
5884.737454,0.383109,-0.900862,-0.310269
5884.746600,0.362895,-0.837676,-0.331000
5884.763862,0.235025,-0.726889,-0.310750
5884.773010,0.197919,-0.698700,-0.277958
5884.782156,0.209018,-0.669085,-0.229952
5884.791665,0.257623,-0.619862,-0.177531
5884.800811,0.283422,-0.552488,-0.137065
5884.810111,0.232920,-0.523092,-0.101899
5884.819257,0.120212,-0.588760,-0.048998
5884.837022,-0.039237,-0.776978,0.093879
5884.846602,-0.037793,-0.754711,0.139631
5884.855748,-0.033526,-0.711856,0.166267
5884.873596,-0.143460,-0.763012,0.202481
5884.882737,-0.224514,-0.803469,0.192500
5884.891883,-0.291874,-0.833047,0.165850
5884.901445,-0.336084,-0.852863,0.134320
5884.910591,-0.345888,-0.798422,0.080634
5884.919677,-0.313854,-0.577149,-0.004537
5884.928823,-0.212741,-0.231416,-0.088918
5884.946778,0.160183,0.203002,-0.120634
5884.955895,0.312846,0.242378,-0.111976
5884.965041,0.390541,0.259581,-0.114701
5884.974550,0.365272,0.218028,-0.123610
5884.983696,0.229624,0.055602,-0.130902
5885.001618,0.034403,-0.339649,-0.127152
5885.010758,0.075517,-0.395572,-0.119526
5885.019904,0.126120,-0.381946,-0.103276
5885.029047,0.158251,-0.374359,-0.073939
5885.038193,0.163374,-0.415463,-0.028652
5885.048336,0.119802,-0.499261,0.025484
5885.057482,0.032803,-0.585670,0.067948
5885.075387,-0.094627,-0.643190,0.071240
5885.093056,-0.030220,-0.595976,0.008037
5885.102240,0.032431,-0.590015,-0.028738
5885.111386,0.081786,-0.578005,-0.067912
5885.120536,0.115409,-0.527047,-0.109856
5885.129682,0.123372,-0.446835,-0.143820
5885.138781,0.082377,-0.362924,-0.157664
5885.147927,-0.003784,-0.279012,-0.158433
5885.157077,-0.081450,-0.202396,-0.159137
5885.166223,-0.099642,-0.125666,-0.161152
5885.175787,-0.065546,-0.011093,-0.169610
5885.184933,-0.015513,0.148543,-0.186875
5885.194019,0.030858,0.292338,-0.202771
5885.203165,0.066103,0.358193,-0.207137
5885.221080,0.072906,0.249914,-0.182324
5885.230238,0.050724,0.109850,-0.162983
5885.239384,0.034585,-0.041162,-0.142352
5885.248510,0.035350,-0.159210,-0.118594
5885.257656,0.044572,-0.235799,-0.094146
5885.266802,0.051438,-0.285607,-0.073538
5885.275948,0.046344,-0.329405,-0.061231
5885.285507,0.035411,-0.378165,-0.059472
5885.294653,0.026975,-0.412321,-0.061424
5885.312520,0.021452,-0.375958,-0.087780
5885.321662,0.013225,-0.332196,-0.101238
5885.330808,0.003661,-0.294487,-0.108725
5885.340357,-0.008430,-0.259187,-0.111460
5885.349503,-0.023000,-0.212908,-0.111956
5885.367385,-0.011881,-0.099626,-0.123889
5885.376528,0.011286,-0.055749,-0.130338
5885.385674,0.028242,-0.037426,-0.129404
5885.395524,0.024528,-0.038628,-0.125843
5885.404670,-0.001074,-0.048387,-0.119778
5885.422251,-0.028278,-0.106762,-0.094279
