5313.366400,0.226349,-0.964981,0.061920
5313.376637,0.246170,-0.978928,0.054626
5313.387755,0.258102,-0.987885,0.050018
5313.398219,0.257141,-0.983994,0.044189
5313.408889,0.257233,-0.975357,0.029633
5313.419926,0.257034,-0.963760,0.025742
5313.429513,0.256592,-0.950195,0.029617
5313.440346,0.248825,-0.948120,0.029434
5313.450322,0.248825,-0.952927,0.035248
5313.461222,0.246017,-0.960602,0.040054
5313.472189,0.245132,-0.963486,0.040024
5313.482351,0.245117,-0.963486,0.040985
5313.492842,0.250732,-0.958755,0.043060
5313.504110,0.251785,-0.960709,0.042114
5313.515342,0.254929,-0.965607,0.036362
5313.525492,0.245392,-0.974136,0.040039
5313.537146,0.238892,-0.983704,0.038910
5313.548848,0.234283,-0.991364,0.037827
5313.558341,0.224564,-0.991180,0.039566
5313.569287,0.220627,-0.990128,0.042389
5313.580125,0.213501,-0.982224,0.050003
5313.591840,0.218185,-0.973633,0.046234
5313.600916,0.219162,-0.965927,0.036514
5313.612179,0.220184,-0.964981,0.033646
5313.624092,0.226028,-0.964157,0.028915
5313.633584,0.226974,-0.968018,0.035721
5313.645531,0.228851,-0.964172,0.033829
5313.656410,0.226898,-0.962234,0.031845
5313.667151,0.230820,-0.967133,0.034836
5313.678261,0.228821,-0.968994,0.040619
5313.687940,0.232834,-0.981628,0.048492
5313.699536,0.228073,-0.985382,0.050323
5313.709268,0.224136,-0.986267,0.054123
5313.719750,0.225967,-0.980515,0.052216
5313.730560,0.231750,-0.975784,0.047501
5313.739998,0.229050,-0.971924,0.033844
5313.752532,0.229950,-0.967117,0.030945
5313.761749,0.227951,-0.963226,0.028961
5313.774089,0.233704,-0.966202,0.034897
5313.783809,0.234589,-0.965225,0.037842
5313.794348,0.239532,-0.970169,0.038910
5313.804241,0.246307,-0.972214,0.040070
5313.814785,0.248245,-0.972244,0.040115
5313.826054,0.245300,-0.967377,0.037094
5313.836489,0.244141,-0.959625,0.036118
5313.847050,0.251236,-0.967529,0.029480
5313.858582,0.254349,-0.971466,0.025665
5313.868428,0.254349,-0.974350,0.028580
5313.879714,0.252533,-0.979156,0.028534
5313.890029,0.251587,-0.980103,0.028519
5313.900470,0.244751,-0.978043,0.029343
5313.910024,0.244537,-0.975113,0.036133
5313.920781,0.244659,-0.978012,0.034195
5313.932574,0.239746,-0.974060,0.033112
5313.943302,0.239517,-0.965332,0.034073
5313.953819,0.240494,-0.961517,0.028259
5313.964029,0.236450,-0.955627,0.029160
5313.975696,0.230621,-0.954575,0.029022
5313.986897,0.222153,-0.963120,0.028824
5313.996966,0.226852,-0.965088,0.037659
5314.008726,0.230743,-0.968063,0.039703
5314.017492,0.231705,-0.970978,0.043610
5314.030239,0.230576,-0.969009,0.048431
5314.039444,0.231491,-0.965149,0.046524
5314.050746,0.238846,-0.957504,0.056396
5314.060921,0.243057,-0.961487,0.043869
5314.071805,0.244110,-0.960587,0.039017
5314.083157,0.246918,-0.961563,0.043945
5314.092804,0.239212,-0.963364,0.045715
5314.104593,0.235565,-0.964294,0.035919
5314.115607,0.231812,-0.963303,0.029053
5314.125197,0.232925,-0.969131,0.029068
5314.136124,0.223267,-0.968948,0.028854
5314.146165,0.219330,-0.971756,0.035568
5314.157239,0.217560,-0.972733,0.028732
5314.167168,0.214493,-0.968765,0.032532
5314.178420,0.212616,-0.970673,0.032486
5314.189653,0.217514,-0.970795,0.028717
5314.199805,0.217728,-0.975632,0.024857
5314.210831,0.217789,-0.975647,0.021927
5314.221230,0.215927,-0.974655,0.017044
5314.231368,0.213989,-0.975571,0.018951
5314.242197,0.212921,-0.972672,0.019882
5314.252377,0.205261,-0.973511,0.016815
5314.263634,0.210175,-0.977432,0.018860
5314.273002,0.207245,-0.980286,0.023636
5314.285624,0.208206,-0.983185,0.026581
5314.293998,0.210129,-0.982254,0.026627
5314.304356,0.210953,-0.975494,0.025665
5314.315096,0.210907,-0.969727,0.020798
5314.326062,0.209641,-0.962891,0.026611
5314.336155,0.211777,-0.968765,0.022766
5314.346345,0.209900,-0.971619,0.024689
5314.357087,0.215775,-0.976547,0.026749
5314.368511,0.217758,-0.979492,0.027756
5314.378448,0.223587,-0.981537,0.028870
5314.389694,0.225357,-0.979599,0.034729
5314.400990,0.224243,-0.976669,0.037613
5314.411799,0.226074,-0.972839,0.037659
5314.420984,0.223099,-0.965027,0.032730
5314.431908,0.215408,-0.963959,0.028671
5314.442975,0.217117,-0.959137,0.033569
5314.453584,0.213257,-0.960037,0.034454
5314.463928,0.215363,-0.966843,0.034485
5314.475645,0.216492,-0.974579,0.036469
5314.487522,0.225189,-0.971863,0.033768
5314.496806,0.230042,-0.971954,0.031937
5314.507179,0.235855,-0.970139,0.029129
5314.518797,0.237671,-0.965332,0.029175
5314.528080,0.237625,-0.963409,0.029175
5314.540519,0.240463,-0.963440,0.032150
5314.549147,0.237305,-0.965256,0.046646
5314.560572,0.244156,-0.973114,0.051651
5314.572096,0.247223,-0.979919,0.051712
5314.581932,0.247238,-0.981873,0.053650
5314.592305,0.250107,-0.979004,0.051788
5314.601853,0.245331,-0.972198,0.041000
5314.613173,0.241318,-0.966309,0.039948
5314.622618,0.237381,-0.959503,0.035965
5314.634329,0.238403,-0.962418,0.036957
5314.645386,0.242142,-0.963409,0.043839
5314.656754,0.238312,-0.969147,0.048615
5314.667951,0.238419,-0.975891,0.052505
5314.677032,0.238480,-0.978806,0.052505
5314.688825,0.235397,-0.973892,0.055344
5314.699371,0.233383,-0.972885,0.059189
5314.708760,0.231628,-0.972900,0.049438
5314.719429,0.228729,-0.968002,0.044510
5314.729072,0.222763,-0.965942,0.049225
5314.740019,0.220718,-0.963959,0.052094
5314.749837,0.222549,-0.963959,0.056992
5314.761750,0.220627,-0.961060,0.053055
5314.773725,0.223434,-0.961090,0.057007
5314.785139,0.220596,-0.966827,0.061798
5314.796404,0.226486,-0.971771,0.062912
5314.805498,0.228485,-0.972778,0.061981
5314.816073,0.222427,-0.968765,0.068649
5314.826775,0.228302,-0.969849,0.066818
5314.838001,0.230362,-0.974731,0.065903
5314.849589,0.225449,-0.969803,0.063843
5314.859210,0.219589,-0.970657,0.068588
5314.870981,0.222641,-0.976501,0.067673
5314.880073,0.220764,-0.979370,0.068619
5314.890342,0.220703,-0.979355,0.071533
5314.901211,0.220581,-0.979340,0.077347
5314.912102,0.223373,-0.972641,0.074493
5314.922650,0.229218,-0.972748,0.072693
5314.933551,0.231903,-0.966980,0.075653
5314.944527,0.235748,-0.966064,0.074768
5314.955459,0.237625,-0.968994,0.081604
5314.965391,0.242416,-0.968094,0.082687
5314.976391,0.246307,-0.966248,0.078873
5314.986145,0.245193,-0.963318,0.082748
5314.998265,0.241333,-0.962296,0.080704
5315.008179,0.241287,-0.960358,0.080704
5315.018537,0.239365,-0.962250,0.082611
5315.028792,0.235504,-0.961212,0.080582
5315.040348,0.235443,-0.958313,0.080582
5315.051313,0.232574,-0.959229,0.080505
5315.061757,0.235474,-0.959274,0.079620
5315.072466,0.239319,-0.959335,0.081635
5315.083572,0.236542,-0.963181,0.080597
5315.092727,0.236557,-0.963181,0.079636
5315.104270,0.233643,-0.960236,0.076660
5315.114079,0.235245,-0.955368,0.086426
5315.125885,0.233398,-0.953445,0.080536
5315.134802,0.233398,-0.953445,0.080536
5315.145987,0.233475,-0.958267,0.082489
5315.155122,0.233536,-0.958282,0.079575
5315.165764,0.230865,-0.968887,0.080475
5315.177887,0.241425,-0.970978,0.087509
5315.187846,0.241806,-0.978760,0.077820
5315.199406,0.241669,-0.968124,0.071991
5315.209023,0.240585,-0.963272,0.071976
5315.219144,0.232910,-0.961227,0.066925
5315.229298,0.228104,-0.965942,0.070709
5315.240550,0.225586,-0.965988,0.052200
5315.251424,0.226425,-0.982529,0.032806
5315.263012,0.217453,-1.006561,0.028732
5315.273956,0.203934,-1.019806,0.043961
5315.283927,0.191925,-1.018555,0.062134
5315.295246,0.186584,-1.001038,0.064911
5315.307282,0.191803,-0.972137,0.058258
5315.316200,0.205872,-0.949188,0.050797
5315.326500,0.215393,-0.939697,0.046173
5315.336634,0.222931,-0.932114,0.046326
5315.346735,0.231506,-0.936066,0.057190
5315.358096,0.241470,-0.945938,0.054520
5315.368286,0.250458,-0.956772,0.053726
5315.379871,0.247757,-0.966370,0.056595
5315.389040,0.244934,-0.973083,0.061386
5315.401089,0.236435,-0.979691,0.059265
5315.410404,0.229660,-0.982468,0.062988
5315.422567,0.220993,-0.982315,0.061813
5315.433168,0.210297,-0.983078,0.065445
5315.442974,0.205521,-0.983948,0.063400
5315.454041,0.200684,-0.981949,0.061356
5315.463458,0.203659,-0.982025,0.058517
5315.475611,0.210922,-0.963760,0.057709
5315.484450,0.218658,-0.963898,0.057877
5315.495000,0.226440,-0.959229,0.050278
5315.505583,0.231354,-0.957413,0.043610
5315.515913,0.232483,-0.961319,0.040710
5315.527433,0.224915,-0.971817,0.046387
5315.539205,0.220139,-0.979431,0.053055
5315.548553,0.216232,-0.982239,0.057831
5315.559540,0.217178,-0.984177,0.060760
5315.569113,0.213226,-0.981216,0.061646
5315.581228,0.214203,-0.983139,0.063599
5315.590470,0.211166,-0.984024,0.070343
5315.601902,0.216675,-0.982162,0.082108
5315.611510,0.231735,-0.973694,0.091187
5315.622754,0.244858,-0.967102,0.103134
5315.633499,0.251205,-0.957504,0.111038
5315.642676,0.263657,-0.950012,0.107437
5315.655124,0.270676,-0.946335,0.091095
5315.664001,0.260330,-0.942352,0.072433
5315.675192,0.245239,-0.938278,0.050705
5315.684905,0.215515,-0.932983,0.032562
5315.695656,0.194702,-0.936539,0.015610
5315.706737,0.176590,-0.939163,0.006470
5315.715852,0.168610,-0.936066,0.015015
5315.727489,0.166733,-0.947601,0.026611
5315.737139,0.175415,-0.958344,0.039429
5315.750116,0.191162,-0.978912,0.050461
5315.758887,0.210861,-1.001495,0.061569
5315.770404,0.229202,-1.011444,0.073654
5315.780712,0.241760,-1.012619,0.075882
5315.790758,0.235062,-1.016373,0.076691
5315.801753,0.233261,-1.013474,0.066940
5315.812314,0.225693,-1.018188,0.064835
5315.822259,0.215622,-1.004425,0.067505
5315.833091,0.205582,-0.990723,0.068268
5315.843667,0.203461,-0.982941,0.068222
5315.855374,0.201462,-0.974213,0.061386
5315.864986,0.198654,-0.972275,0.054520
5315.876726,0.207275,-0.959885,0.043060
5315.887376,0.219955,-0.969757,0.050140
5315.899161,0.223099,-0.976608,0.046341
5315.910764,0.221313,-0.982391,0.046295
5315.920021,0.211456,-0.977356,0.048981
5315.932069,0.214035,-0.974442,0.061661
5315.941520,0.218842,-0.970688,0.057877
5315.952272,0.221390,-0.965836,0.067627
5315.963842,0.224136,-0.955261,0.063828
5315.973396,0.219055,-0.938766,0.054977
5315.985502,0.207443,-0.927948,0.043060
5315.994834,0.199005,-0.928833,0.031235
5316.005885,0.179565,-0.942108,0.007507
5316.017107,0.167023,-0.946701,0.011108
5316.027355,0.153198,-0.942566,0.020477
5316.038536,0.136902,-0.948074,0.020111
5316.048076,0.118607,-0.946777,0.015823
5316.058882,0.103973,-0.946487,0.022308
5316.070228,0.095551,-0.932724,0.036667
5316.080792,0.087357,-0.926712,0.052017
5316.091617,0.090576,-0.942230,0.055984
5316.102772,0.107269,-0.971664,0.032074
5316.113345,0.134583,-1.004150,0.014267
5316.122887,0.151810,-1.022919,-0.000885
5316.133420,0.182587,-1.037109,-0.022522
5316.144598,0.224396,-1.052536,-0.061386
5316.154509,0.252090,-1.075302,-0.064667
5316.164088,0.268433,-1.075577,-0.060394
5316.174175,0.272232,-1.083328,-0.047714
5316.185906,0.259872,-1.069489,-0.027588
5316.195605,0.225357,-1.068741,0.003677
5316.206939,0.206589,-1.021912,0.012955
5316.217243,0.183563,-0.988617,0.010498
5316.227306,0.182510,-0.953720,0.018234
5316.238089,0.140427,-0.930542,0.060974
5316.248364,0.121429,-0.890427,0.088715
5316.258999,0.109604,-0.873611,0.125366
5316.269834,0.123657,-0.872818,0.145081
5316.280263,0.147842,-0.891739,0.121353
5316.291522,0.175278,-0.926193,0.098663
5316.302086,0.184372,-0.958374,0.073608
5316.312040,0.180527,-0.990280,0.064774
5316.322108,0.175247,-1.006638,0.060791
5316.333419,0.162842,-1.016068,0.063416
5316.343578,0.150528,-1.029404,0.067993
5316.354031,0.149994,-1.024460,0.087402
5316.365003,0.152756,-1.023514,0.093277
5316.375317,0.159256,-1.010117,0.088593
5316.385760,0.153564,-1.000412,0.071945
5316.397658,0.122131,-0.981430,0.073196
5316.407035,0.083969,-0.959488,0.069412
5316.418763,0.038971,-0.932556,0.062576
5316.429222,-0.004898,-0.907639,0.050934
5316.439517,-0.026672,-0.889816,0.054321
5316.449415,-0.045364,-0.889404,0.069443
5316.460749,-0.045258,-0.908691,0.086914
5316.471453,-0.024643,-0.926453,0.093216
5316.481424,-0.001663,-0.935654,0.069443
5316.491096,0.008041,-0.935852,0.066772
5316.502355,0.010117,-0.920334,0.087189
5316.514865,0.012573,-0.906799,0.092102
5316.523442,0.009064,-0.902008,0.068710
5316.535052,0.012024,-0.905136,0.024124
5316.545419,0.005981,-0.913818,0.000687
5316.556266,-0.013809,-0.925125,-0.010437
5316.567606,-0.037109,-0.971252,-0.040085
5316.577099,-0.035965,-1.025421,-0.029388
5316.589197,-0.072815,-1.074982,-0.010788
5316.598257,-0.099792,-1.047363,-0.001694
5316.610095,-0.010208,-1.064346,0.033310
5316.618961,-0.009445,-1.115509,0.058563
5316.630046,0.090393,-1.178238,0.073425
5316.639568,0.155212,-1.214279,0.068085
5316.650673,0.156693,-1.258881,0.051590
5316.661203,0.159027,-1.344269,-0.003662
5316.670909,0.178497,-1.408752,-0.070236
5316.681789,0.217987,-1.483154,-0.111099
5316.691174,0.188599,-1.594009,-0.142838
5316.702219,0.042786,-1.724106,0.052887
5316.713855,-0.110519,-1.811157,0.325195
5316.723645,-0.211548,-1.850876,0.581192
5316.734718,-0.195206,-1.813629,0.769943
5316.744273,0.008835,-1.687180,0.658981
5316.754444,0.240845,-1.518250,0.406891
5316.765893,0.392380,-1.345337,0.299622
5316.775350,0.465073,-1.186310,0.236221
5316.786571,0.456360,-1.037308,0.196213
5316.796221,0.402542,-0.930908,0.190186
5316.807427,0.341461,-0.879318,0.229584
5316.817456,0.299759,-0.845444,0.287903
5316.827562,0.300262,-0.842468,0.305374
5316.838888,0.317612,-0.863205,0.286346
5316.849286,0.339645,-0.906296,0.255753
5316.861227,0.363892,-0.959091,0.224258
5316.870655,0.385529,-1.000183,0.210175
5316.882035,0.402863,-1.007217,0.221268
5316.891399,0.420883,-0.997849,0.226517
5316.902272,0.427185,-0.969955,0.214996
5316.913350,0.417297,-0.922363,0.213821
5316.922990,0.385040,-0.864746,0.208237
5316.934783,0.354965,-0.862244,0.209503
5316.944326,0.317490,-0.792099,0.162064
5316.955847,0.315353,-0.788177,0.165894
5316.967484,0.312683,-0.765045,0.127975
5316.977141,0.303802,-0.729248,0.091858
5316.988463,0.284363,-0.711533,0.076859
5316.997930,0.266144,-0.696777,0.052170
5317.009654,0.247253,-0.701340,0.037170
5317.020789,0.263367,-0.710419,0.017166
5317.030241,0.286682,-0.721649,-0.021118
5317.041784,0.307388,-0.719208,-0.043945
5317.051884,0.295822,-0.713226,-0.052002
5317.061965,0.268494,-0.730209,-0.065247
5317.072402,0.248825,-0.731903,-0.092880
5317.083886,0.219147,-0.756439,-0.077026
5317.093221,0.185028,-0.771347,-0.091385
5317.104229,0.145981,-0.746338,-0.057297
5317.115499,0.148956,-0.725021,-0.040741
5317.125137,0.170502,-0.704269,-0.078110
5317.137385,0.208832,-0.680847,-0.091827
5317.147378,0.233093,-0.646652,-0.136917
5317.156930,0.263321,-0.632812,-0.167297
5317.167279,0.288254,-0.640121,-0.193924
5317.177828,0.305481,-0.658875,-0.209061
5317.188077,0.301682,-0.682114,-0.230515
5317.198335,0.300919,-0.722778,-0.237335
5317.210052,0.287918,-0.765182,-0.257050
5317.220188,0.268585,-0.799698,-0.261368
5317.230625,0.246017,-0.810928,-0.277405
5317.241078,0.235352,-0.810745,-0.276688
5317.252321,0.243622,-0.789627,-0.281357
5317.262758,0.231842,-0.814590,-0.288406
5317.272739,0.254456,-0.832428,-0.285965
5317.283508,0.290909,-0.873840,-0.315262
5317.293677,0.314148,-0.931442,-0.339020
5317.304014,0.316223,-0.979828,-0.333130
5317.314566,0.329468,-1.048569,-0.283340
5317.324679,0.363403,-1.138931,-0.224319
5317.335683,0.460724,-1.255569,-0.161942
5317.345884,0.569916,-1.511703,-0.081833
5317.356849,0.503479,-1.812408,-0.098892
5317.367046,0.394867,-1.832703,-0.103287
5317.377359,0.381760,-1.500458,-0.064713
5317.387964,0.504547,-1.250290,-0.093002
5317.398679,0.554596,-1.048584,-0.233612
5317.408593,0.566406,-0.936005,-0.333344
5317.418982,0.573120,-0.867554,-0.367172
5317.429232,0.546707,-0.861832,-0.266785
5317.439793,0.523697,-0.908279,-0.128479
5317.449876,0.461044,-0.968613,-0.018219
5317.460632,0.395828,-1.004898,0.047287
5317.470865,0.330383,-1.012253,0.088562
5317.481454,0.287048,-1.019012,0.136108
5317.491652,0.259598,-1.026138,0.162674
5317.501928,0.237503,-1.033463,0.165100
5317.512292,0.200287,-1.022308,0.128342
5317.522522,0.177032,-1.002808,0.061813
5317.532699,0.155075,-0.963928,0.003082
5317.543059,0.143753,-0.915466,-0.022415
5317.554191,0.141830,-0.877686,-0.023422
5317.564937,0.137329,-0.830124,-0.004089
5317.575484,0.131058,-0.792191,0.018051
5317.585528,0.134354,-0.776749,0.026886
5317.595596,0.142426,-0.767136,0.045502
5317.606285,0.153152,-0.753677,0.070038
5317.616302,0.159454,-0.736374,0.071136
5317.626714,0.167557,-0.739487,0.057724
5317.636909,0.175323,-0.732880,0.048187
5317.647029,0.186798,-0.734039,0.055252
5317.657262,0.192490,-0.731232,0.057312
5317.668518,0.186142,-0.737747,0.091156
5317.678761,0.177109,-0.743301,0.113281
5317.688796,0.167938,-0.754776,0.104340
5317.699097,0.164948,-0.766266,0.121735
5317.709169,0.169678,-0.779816,0.143234
5317.720836,0.161331,-0.797058,0.146912
5317.730693,0.143097,-0.815048,0.163010
5317.742525,0.125961,-0.863129,0.161636
5317.752638,0.116455,-0.876450,0.170166
5317.763871,0.102921,-0.884872,0.180542
5317.774194,0.097168,-0.891693,0.140610
5317.784436,0.088715,-0.895432,0.133606
5317.795833,0.088409,-0.905197,0.114197
5317.805333,0.085373,-0.921677,0.094711
5317.815922,0.072723,-0.940872,0.075974
5317.825900,0.038269,-0.947037,0.067444
5317.837001,0.006699,-0.948456,0.054108
5317.847182,-0.016205,-0.941360,0.032227
5317.858860,-0.050522,-0.946625,0.015900
5317.870090,-0.077774,-0.967468,0.003662
5317.879676,-0.085068,-0.996475,-0.027573
5317.889770,-0.086380,-1.035263,-0.056717
5317.901071,-0.092590,-1.081665,-0.073380
5317.910566,-0.106079,-1.139389,-0.051346
5317.921782,-0.120056,-1.201797,-0.001190
5317.931091,-0.123886,-1.266266,0.074432
5317.942687,-0.098358,-1.325531,0.127426
5317.952004,0.002975,-1.343704,0.156891
5317.962787,0.108353,-1.360046,0.172867
5317.973637,0.222977,-1.473740,0.328827
5317.983310,0.151428,-1.433014,0.510742
5317.995018,0.041061,-1.388062,0.602463
5318.004881,0.024841,-1.445358,0.478760
5318.015804,0.147263,-1.586884,0.480530
5318.026703,0.351318,-1.665863,0.524918
5318.036576,0.593811,-1.729141,0.559479
5318.047557,0.756607,-1.671921,0.608765
5318.056971,0.794449,-1.554611,0.598953
5318.069414,0.731339,-1.410553,0.530563
5318.079389,0.582718,-1.226334,0.434998
5318.090312,0.433792,-1.038239,0.350113
5318.099724,0.311707,-0.888275,0.276520
5318.110327,0.227966,-0.796143,0.194031
5318.120372,0.196915,-0.776489,0.131195
5318.130801,0.191986,-0.801773,0.073792
5318.141960,0.208878,-0.829300,0.039230
5318.151524,0.237747,-0.878311,0.012711
5318.163888,0.253601,-0.917191,0.041199
5318.173066,0.264847,-0.924866,0.112320
5318.183132,0.251617,-0.944885,0.122696
5318.194022,0.208908,-0.888046,0.109116
5318.204607,0.191284,-0.910980,0.100967
5318.217830,0.185486,-0.706619,0.130951
5318.226632,0.231949,-0.607925,0.099960
5318.237114,0.285629,-0.535629,0.034180
5318.248331,0.324692,-0.495972,-0.032867
5318.258370,0.337952,-0.491547,-0.070435
5318.269753,0.336746,-0.525543,-0.110275
5318.280513,0.317459,-0.577560,-0.141785
5318.291004,0.288437,-0.599167,-0.114288
5318.300536,0.228195,-0.615356,-0.079727
5318.310716,0.194138,-0.609695,-0.029984
5318.321815,0.179565,-0.604614,-0.032257
5318.332370,0.185364,-0.630905,-0.047668
5318.342860,0.201797,-0.650635,-0.068665
5318.352921,0.203918,-0.683624,-0.084152
5318.364065,0.217667,-0.706253,-0.112976
5318.373608,0.217194,-0.720978,-0.165421
5318.383678,0.221405,-0.749207,-0.193497
5318.395591,0.235825,-0.748672,-0.235886
5318.404603,0.260406,-0.785019,-0.257675
5318.415808,0.255615,-0.804184,-0.236435
5318.425398,0.256577,-0.803055,-0.192719
5318.436313,0.271500,-0.783005,-0.190414
5318.446084,0.298538,-0.811584,-0.200516
5318.458403,0.312866,-0.850693,-0.237076
5318.469598,0.292084,-0.873703,-0.278351
5318.479041,0.263504,-0.880981,-0.289642
5318.490773,0.277100,-0.906464,-0.307816
5318.500071,0.308151,-0.962280,-0.338181
5318.510456,0.343185,-1.025909,-0.364594
5318.521332,0.365982,-1.099991,-0.394180
5318.530863,0.341888,-1.166367,-0.409302
5318.542090,0.253357,-1.184875,-0.359818
5318.551605,0.196228,-1.189041,-0.211578
5318.563994,0.298416,-1.193588,0.081970
5318.573238,0.484802,-1.339615,0.219193
5318.584109,0.589569,-1.466690,0.124420
5318.594714,0.683273,-1.716324,-0.170593
5318.604865,0.727478,-1.858139,-0.355057
5318.616485,0.559875,-1.426865,-0.212173
5318.627698,0.434433,-1.058487,-0.113968
5318.638248,0.415207,-0.903381,-0.122162
5318.647806,0.422409,-0.796936,-0.087997
5318.658679,0.445221,-0.773621,0.039673
5318.669138,0.449783,-0.806381,0.092209
5318.680395,0.427414,-0.847549,0.102402
5318.691663,0.422836,-0.907593,0.071198
5318.701830,0.399078,-0.968246,0.032806
5318.712587,0.349747,-1.000275,0.027817
5318.722827,0.289139,-1.002899,0.063324
5318.733769,0.233871,-0.994934,0.107727
5318.745523,0.200226,-0.974915,0.120590
5318.755203,0.177597,-0.934952,0.091904
5318.767391,0.173996,-0.883743,0.062714
5318.777947,0.167435,-0.831482,0.036346
5318.788138,0.156250,-0.764557,0.027374
5318.800015,0.152176,-0.706299,0.059326
5318.809353,0.136932,-0.666412,0.047333
5318.819992,0.117981,-0.647659,0.051788
5318.830565,0.092529,-0.648087,0.067719
5318.840692,0.073975,-0.660248,0.091553
5318.852351,0.064789,-0.662872,0.117569
5318.862839,0.060287,-0.685974,0.130096
5318.873616,0.079605,-0.706711,0.110138
5318.883512,0.076492,-0.705658,0.118774
5318.893807,0.084488,-0.701797,0.148087
5318.905464,0.103043,-0.707962,0.145599
5318.914910,0.140701,-0.719406,0.115387
5318.926335,0.161575,-0.724701,0.094482
5318.936762,0.183243,-0.759857,0.117294
5318.949048,0.214767,-0.807114,0.053925
5318.958476,0.214203,-0.843948,0.033524
5318.969354,0.173096,-0.892395,0.070465
5318.980622,0.095276,-0.937302,0.101730
5318.990250,0.027084,-0.966980,0.117645
5319.001510,-0.029587,-1.007584,0.105713
5319.010954,-0.057236,-1.069138,0.069168
5319.023136,-0.104767,-1.132355,0.015656
5319.033358,-0.146469,-1.186829,-0.004684
5319.043588,-0.174408,-1.235626,0.004379
5319.055505,-0.183929,-1.265533,-0.012329
5319.065705,-0.181015,-1.272324,-0.004486
5319.076675,-0.165039,-1.275223,0.065735
5319.086230,-0.116150,-1.251572,0.149384
5319.096779,-0.007843,-1.227356,0.162491
5319.107840,0.148026,-1.240829,0.165985
5319.118528,0.277817,-1.289642,0.164993
5319.128967,0.303802,-1.357117,0.344238
5319.139403,0.215744,-1.424057,0.383057
5319.151529,0.171860,-1.556610,0.423798
5319.161217,0.147614,-1.646057,0.443649
5319.170543,0.249130,-1.653488,0.497375
5319.181460,0.402466,-1.598419,0.446442
5319.192489,0.546234,-1.501617,0.387543
5319.203568,0.606644,-1.387848,0.319962
5319.212967,0.586365,-1.285065,0.287476
5319.223750,0.491470,-1.183762,0.264984
5319.233639,0.377151,-1.106201,0.276016
5319.243612,0.283676,-1.033890,0.268082
5319.253944,0.201355,-0.970581,0.244888
5319.264012,0.144318,-0.900055,0.206711
5319.277013,0.119568,-0.840744,0.163452
5319.285537,0.118805,-0.807068,0.112946
5319.296943,0.141373,-0.836594,0.087219
5319.306349,0.192108,-0.884781,0.122345
5319.317240,0.260559,-0.899475,0.149124
5319.327200,0.312943,-0.898529,0.137680
5319.338008,0.335709,-0.880569,0.137222
5319.347960,0.346390,-0.850739,0.144272
5319.358256,0.336365,-0.825455,0.131424
5319.369851,0.340332,-0.768570,0.103363
5319.379161,0.356003,-0.718628,0.079437
5319.389438,0.380539,-0.675827,0.011063
5319.399328,0.409256,-0.637772,-0.022263
5319.410359,0.408783,-0.688095,-0.030045
5319.421624,0.378189,-0.656799,-0.084106
5319.430642,0.336197,-0.708328,-0.093811
5319.442903,0.207703,-0.711609,-0.046204
5319.452279,0.207031,-0.692215,-0.037491
5319.463255,0.150681,-0.653412,-0.025146
5319.473210,0.129166,-0.613312,-0.015930
5319.484076,0.112686,-0.590851,-0.039597
5319.495698,0.088959,-0.589554,-0.062454
5319.505485,0.088196,-0.607071,-0.097427
5319.516883,0.090942,-0.630569,-0.152725
5319.527415,0.090485,-0.663574,-0.182831
5319.536782,0.097610,-0.693817,-0.209854
5319.547056,0.117188,-0.737747,-0.215256
5319.558049,0.161179,-0.777313,-0.236603
5319.569400,0.224670,-0.755310,-0.248749
5319.580191,0.289871,-0.772919,-0.248276
5319.590963,0.343063,-0.795258,-0.269409
5319.601899,0.382568,-0.816360,-0.284058
5319.612206,0.401474,-0.862228,-0.301102
5319.625347,0.406235,-0.923340,-0.315567
5319.634270,0.389908,-0.967545,-0.313049
5319.644754,0.376526,-1.011795,-0.312363
5319.655862,0.363968,-1.062973,-0.342758
5319.666199,0.361786,-1.135651,-0.381653
5319.676392,0.324585,-1.179550,-0.398026
5319.686862,0.259964,-1.211151,-0.366486
5319.698823,0.263748,-1.242233,-0.142090
5319.709172,0.382889,-1.263535,0.146973
5319.718868,0.518234,-1.378845,0.239334
5319.728915,0.570938,-1.387558,-0.005096
5319.739227,0.659912,-1.604340,-0.342972
5319.750453,0.611069,-1.649368,-0.447006
5319.760257,0.385895,-1.307465,-0.172363
5319.772636,0.302948,-0.896133,-0.032440
5319.781174,0.302948,-0.896133,-0.032440
5319.791498,0.356033,-0.824509,-0.023468
5319.803276,0.399033,-0.814407,0.032822
5319.813185,0.429260,-0.848709,0.062622
5319.822867,0.439255,-0.881668,0.086151
5319.833928,0.418991,-0.944275,0.068207
5319.843815,0.384827,-1.008652,0.023743
5319.854104,0.332306,-1.033829,0.023529
5319.865636,0.281601,-1.036682,0.048599
5319.876868,0.237137,-1.022202,0.076736
5319.887041,0.199615,-1.001175,0.089493
5319.898949,0.174728,-0.964935,0.080185
5319.908593,0.156006,-0.915253,0.083679
5319.918655,0.133881,-0.855774,0.097748
5319.930032,0.115768,-0.796402,0.106064
5319.939029,0.102753,-0.745819,0.113556
5319.950999,0.098602,-0.707001,0.126083
5319.959754,0.096893,-0.673111,0.120224
5319.970486,0.111267,-0.679123,0.134140
5319.980036,0.163284,-0.697754,0.072205
5319.992162,0.192459,-0.701385,0.022354
5320.001609,0.215622,-0.705643,0.028702
5320.011418,0.217514,-0.709518,0.036499
5320.022846,0.203476,-0.707245,0.057556
5320.032211,0.184296,-0.705963,0.048386
5320.044267,0.145935,-0.699371,0.071808
5320.053022,0.101288,-0.699493,0.081482
5320.063537,0.067047,-0.710510,0.068115
5320.074355,0.034348,-0.742874,0.053772
5320.084794,0.009979,-0.774353,0.056137
5320.095215,-0.013596,-0.817368,0.079880
5320.105235,-0.029419,-0.862442,0.106689
5320.116102,-0.034698,-0.934845,0.122116
5320.126840,-0.032639,-1.020020,0.126984
5320.138393,-0.017380,-1.105347,0.147720
5320.148133,0.004517,-1.181168,0.162766
5320.159106,0.041748,-1.233139,0.153900
5320.169345,0.090210,-1.274857,0.106415
5320.179980,0.120590,-1.282394,0.049820
5320.189933,0.118210,-1.269943,0.009979
5320.200222,0.088440,-1.239410,0.010284
5320.210372,0.058395,-1.202850,0.061066
5320.221118,0.061172,-1.170746,0.120346
5320.230899,0.113052,-1.166626,0.176865
5320.240952,0.211349,-1.208771,0.241196
5320.251080,0.279068,-1.313202,0.317490
5320.261333,0.223984,-1.365189,0.380325
5320.272622,0.133041,-1.406860,0.434586
5320.284223,0.079269,-1.401932,0.457657
5320.293642,0.117752,-1.384277,0.444931
5320.304062,0.259521,-1.356949,0.426743
5320.314444,0.402832,-1.305832,0.306671
5320.325600,0.498047,-1.256638,0.223358
5320.336933,0.534714,-1.194321,0.244568
5320.346872,0.503159,-1.115250,0.271072
5320.357599,0.427841,-1.053848,0.284927
5320.369493,0.342621,-0.981827,0.251953
5320.380585,0.187881,-0.942627,0.163025
5320.390608,0.149567,-0.911163,0.108765
5320.401717,0.144745,-0.911255,0.062042
5320.413022,0.166306,-0.925186,0.065445
5320.423016,0.215912,-0.963699,0.095673
5320.433895,0.286682,-1.007553,0.093399
5320.445144,0.344894,-1.033875,0.069443
5320.454564,0.370926,-1.058594,0.056427
5320.466177,0.382248,-1.024841,0.074173
5320.476441,0.379135,-0.961807,0.099350
5320.488159,0.361252,-0.886093,0.078568
5320.497428,0.336670,-0.815109,0.058609
5320.507950,0.324341,-0.766586,0.035019
5320.519664,0.322586,-0.743500,-0.000916
5320.530088,0.314270,-0.728027,-0.037979
5320.541048,0.296570,-0.701660,-0.055862
5320.552116,0.271515,-0.654831,-0.070007
5320.561808,0.247330,-0.605087,-0.083176
5320.573159,0.226547,-0.573792,-0.097244
5320.582218,0.219421,-0.552429,-0.106155
5320.593082,0.202057,-0.542465,-0.119141
5320.603076,0.181900,-0.545029,-0.123489
5320.613893,0.159134,-0.564926,-0.120102
5320.625949,0.136292,-0.611938,-0.125488
5320.636275,0.136993,-0.666183,-0.140030
5320.648109,0.123703,-0.711441,-0.143250
5320.656950,0.119354,-0.748215,-0.166656
5320.668222,0.138443,-0.792999,-0.147781
5320.677942,0.174286,-0.796539,-0.146973
5320.688310,0.221710,-0.811081,-0.178925
5320.698032,0.298065,-0.812469,-0.177216
5320.708647,0.376984,-0.874069,-0.224960
5320.720649,0.432220,-0.893753,-0.299454
5320.729968,0.418671,-0.909119,-0.325974
5320.742425,0.407486,-0.921494,-0.331085
5320.753966,0.408966,-0.953568,-0.363113
5320.765082,0.401825,-0.995148,-0.386566
5320.775856,0.363541,-1.025543,-0.414627
5320.784947,0.312180,-1.041702,-0.341980
5320.796256,0.285797,-1.119965,-0.188202
5320.807114,0.430878,-1.227173,0.027664
5320.816675,0.554901,-1.441071,0.087708
5320.826619,0.497589,-1.472107,0.045654
5320.837838,0.419785,-1.678329,-0.095901
5320.849862,0.324997,-1.509674,-0.203857
5320.859062,0.323242,-1.127899,-0.074722
5320.870214,0.310745,-0.836227,-0.016724
5320.880640,0.339432,-0.783920,-0.110245
5320.890569,0.363266,-0.741928,-0.145645
5320.901141,0.417648,-0.759140,-0.091019
5320.911626,0.449036,-0.797150,-0.020401
5320.923773,0.452271,-0.851013,0.073822
5320.933395,0.450180,-0.895233,0.134949
5320.943719,0.456558,-0.955353,0.133148
5320.953964,0.449982,-1.005692,0.093170
5320.964359,0.404434,-1.033920,0.087296
5320.975748,0.325729,-1.027603,0.098145
5320.984904,0.276550,-1.020782,0.131027
5320.997327,0.247192,-1.001877,0.126480
5321.006972,0.232208,-0.969742,0.110596
5321.017300,0.238647,-0.924545,0.070953
5321.027263,0.249908,-0.882309,0.037216
5321.037547,0.250275,-0.840805,0.014923
5321.049704,0.224350,-0.806503,0.011429
5321.058678,0.188370,-0.773849,0.028091
5321.069708,0.162949,-0.753098,0.017822
5321.079381,0.147507,-0.738220,0.043671
5321.090710,0.099670,-0.761322,0.095047
5321.101039,0.086853,-0.784348,0.087952
5321.112219,0.062027,-0.803207,0.096130
5321.123059,0.054749,-0.804901,0.124130
5321.132706,0.053619,-0.820251,0.149338
5321.144501,0.072144,-0.820618,0.141983
5321.153130,0.089859,-0.823883,0.131699
5321.163327,0.116913,-0.820511,0.127472
5321.173254,0.147415,-0.814255,0.139801
5321.183599,0.180466,-0.812958,0.128906
5321.193420,0.217499,-0.813675,0.116135
5321.205660,0.248489,-0.802505,0.145950
5321.216125,0.244675,-0.818039,0.116745
5321.225777,0.229553,-0.861542,0.060074
5321.235977,0.205795,-0.904694,0.046906
5321.246057,0.174454,-0.915604,0.080200
5321.256745,0.123199,-0.904861,0.113052
5321.268870,0.051437,-0.888901,0.152206
5321.279094,-0.020096,-0.903961,0.171967
5321.290236,-0.041168,-0.941345,0.161774
5321.300593,-0.041992,-0.987946,0.119019
5321.310523,-0.061661,-1.022552,0.085556
5321.320955,-0.067459,-1.055374,0.079605
5321.331686,-0.076004,-1.084335,0.059982
5321.341986,-0.070572,-1.123215,0.032928
5321.351927,-0.071625,-1.166901,-0.002014
5321.362558,-0.087708,-1.199585,-0.025696
5321.372396,-0.112137,-1.201996,-0.009735
5321.383863,-0.141220,-1.201248,0.039093
5321.393776,-0.146667,-1.187378,0.098206
5321.404053,-0.097305,-1.184235,0.136200
5321.414657,0.003250,-1.206299,0.161758
5321.426340,0.080917,-1.259598,0.253815
5321.437047,0.085861,-1.319778,0.459763
5321.447446,0.027008,-1.332230,0.469116
5321.458655,0.043564,-1.425705,0.391815
5321.469865,0.093399,-1.551468,0.380295
5321.478785,0.209183,-1.659622,0.473175
5321.489832,0.339615,-1.630035,0.485809
5321.499831,0.480301,-1.542572,0.492859
5321.511130,0.561050,-1.419373,0.457794
5321.522333,0.606720,-1.281036,0.417084
5321.531945,0.611374,-1.147858,0.356995
5321.542692,0.549469,-1.050262,0.287659
5321.552546,0.448746,-0.969254,0.245575
5321.562075,0.330673,-0.889877,0.203140
5321.573074,0.237549,-0.841904,0.162201
5321.582985,0.168121,-0.829330,0.092682
5321.593094,0.130966,-0.843384,0.038452
5321.603237,0.125336,-0.872391,0.019852
5321.615490,0.145248,-0.904633,0.030014
5321.624895,0.193008,-0.945038,0.061188
5321.636572,0.242615,-0.971039,0.076859
5321.647113,0.265503,-1.010101,0.091934
5321.657234,0.295807,-0.967010,0.115921
5321.668862,0.286392,-0.915497,0.134171
5321.677788,0.285263,-0.836288,0.093369
5321.688823,0.297089,-0.768005,0.045090
5321.700020,0.321686,-0.707504,0.043716
5321.710713,0.350647,-0.674316,0.005539
5321.720484,0.366638,-0.654495,-0.043594
5321.730965,0.359436,-0.647720,-0.077759
5321.741108,0.330048,-0.654053,-0.096848
5321.751471,0.311417,-0.671158,-0.109909
5321.764526,0.300507,-0.687485,-0.121796
5321.773365,0.289642,-0.692047,-0.105530
5321.785453,0.277985,-0.674316,-0.077652
5321.796313,0.261948,-0.653687,-0.076050
5321.805678,0.243423,-0.637909,-0.087143
5321.816325,0.221863,-0.652100,-0.102188
5321.826590,0.202957,-0.683792,-0.129791
5321.837567,0.190491,-0.744614,-0.154388
5321.847377,0.168930,-0.724930,-0.163589
5321.857702,0.181198,-0.767624,-0.143906
5321.867642,0.203384,-0.791321,-0.157974
5321.878650,0.235062,-0.787994,-0.152405
5321.890224,0.261475,-0.794296,-0.159576
5321.899485,0.298935,-0.797058,-0.191757
5321.910544,0.342087,-0.822205,-0.236420
5321.920389,0.370453,-0.866486,-0.291153
5321.931145,0.374451,-0.909317,-0.337662
5321.940875,0.353180,-0.943771,-0.342010
5321.951242,0.280365,-0.954147,-0.360168
5321.963006,0.228180,-0.966660,-0.344818
5321.972502,0.245590,-1.024384,-0.184235
5321.984524,0.361450,-1.112381,0.111557
5321.993845,0.544403,-1.284607,0.212738
5322.004046,0.702271,-1.347580,0.182312
5322.015390,0.765747,-1.447571,-0.095901
5322.025703,0.672577,-1.585159,-0.325195
5322.037550,0.528046,-1.373001,-0.188614
5322.047408,0.357590,-1.097076,0.047394
5322.058306,0.285431,-0.881760,0.093369
5322.068428,0.339981,-0.883011,0.028580
5322.079956,0.429901,-0.815140,-0.009186
5322.091527,0.434296,-0.823792,0.022919
5322.101726,0.402405,-0.855774,0.105713
5322.112657,0.366821,-0.904282,0.156357
5322.122141,0.342987,-0.945511,0.145157
5322.133633,0.321655,-0.992645,0.112610
5322.144028,0.288025,-1.023056,0.094376
5322.154429,0.263031,-1.030151,0.142380
5322.165324,0.228287,-1.019730,0.172668
5322.175694,0.209824,-0.992233,0.190689
5322.186732,0.192795,-0.956177,0.175751
5322.197225,0.202408,-0.916870,0.130341
5322.207134,0.208420,-0.871780,0.066391
5322.217302,0.203476,-0.819473,0.054642
5322.227587,0.172699,-0.759857,0.067551
5322.237787,0.143402,-0.713837,0.071762
5322.248050,0.125214,-0.678696,0.067459
5322.258333,0.110535,-0.674545,0.071014
5322.269821,0.120926,-0.687378,0.051834
5322.279971,0.121368,-0.705765,0.052795
5322.291225,0.112488,-0.719055,0.077850
5322.301106,0.102722,-0.731369,0.098022
5322.311236,0.099884,-0.740967,0.105713
5322.322048,0.095169,-0.751480,0.113388
5322.332860,0.096252,-0.761169,0.119217
5322.343117,0.099655,-0.778641,0.116409
5322.353123,0.104141,-0.796188,0.107742
5322.366226,0.099747,-0.813522,0.107651
5322.374986,0.089340,-0.820114,0.105484
5322.385976,0.075882,-0.828537,0.111984
5322.395384,0.064926,-0.855423,0.113678
5322.406479,0.067978,-0.890366,0.102081
5322.417092,0.070343,-0.931107,0.084656
5322.426770,0.072205,-0.972702,0.093430
5322.438469,0.060562,-1.006378,0.090256
5322.448788,0.039978,-1.042709,0.101440
5322.460047,0.023499,-1.081131,0.103973
5322.469659,0.011658,-1.132263,0.085266
5322.481318,0.009766,-1.231766,0.112396
5322.491387,0.024445,-1.232071,0.103989
5322.502231,0.072159,-1.284210,0.103104
5322.513038,0.092911,-1.279678,0.121033
5322.524585,0.117020,-1.263550,0.150726
5322.533394,0.150131,-1.252457,0.171860
5322.545066,0.206833,-1.268814,0.206146
5322.555612,0.184204,-1.307816,0.272629
5322.566809,0.083633,-1.317947,0.424744
5322.576663,0.006485,-1.369370,0.524963
5322.588401,0.018433,-1.480911,0.504822
5322.598254,0.073166,-1.536926,0.542969
5322.608237,0.206207,-1.548691,0.619720
5322.619451,0.353577,-1.515823,0.557007
5322.630057,0.472748,-1.478729,0.453857
5322.640706,0.548096,-1.398056,0.404099
5322.650277,0.554535,-1.289917,0.381927
5322.662270,0.509552,-1.160583,0.342087
5322.671761,0.424026,-1.051880,0.279984
5322.682487,0.367386,-0.955246,0.236969
5322.693242,0.305634,-0.878860,0.185089
5322.703525,0.261963,-0.828934,0.133621
5322.714699,0.223969,-0.788712,0.099777
5322.725067,0.209702,-0.764221,0.105270
5322.735666,0.215042,-0.748840,0.109268
5322.746914,0.231171,-0.741379,0.114502
5322.757174,0.253204,-0.758301,0.098495
5322.768648,0.293488,-0.773590,0.085785
5322.778050,0.335876,-0.837280,0.077026
5322.788150,0.353424,-0.858978,0.050232
5322.799315,0.357727,-0.827972,0.083344
5322.809700,0.337646,-0.781067,0.109131
5322.819411,0.330368,-0.738464,0.081772
5322.829752,0.332245,-0.699982,0.038116
5322.841041,0.337631,-0.672089,0.024643
5322.851090,0.346191,-0.679138,-0.007187
5322.863272,0.324173,-0.721313,-0.011551
5322.872811,0.314621,-0.728882,-0.007889
5322.883457,0.289642,-0.734222,-0.009415
5322.894811,0.296326,-0.718918,-0.023819
5322.904348,0.297379,-0.702591,-0.047119
5322.915130,0.306351,-0.686447,-0.079910
5322.924428,0.321259,-0.694687,-0.134933
5322.936016,0.329849,-0.729858,-0.179398
5322.946657,0.312057,-0.791443,-0.178833
5322.958041,0.294327,-0.829742,-0.161758
5322.970318,0.294449,-0.844208,-0.150116
5322.979495,0.280884,-0.847824,-0.144577
5322.990922,0.267319,-0.801163,-0.153625
5323.000456,0.279388,-0.741425,-0.156265
5323.010408,0.320297,-0.685028,-0.146591
5323.022709,0.339493,-0.676666,-0.151031
5323.032758,0.396225,-0.674957,-0.184692
5323.045541,0.404419,-0.611252,-0.191315
5323.055661,0.401520,-0.609299,-0.194275
5323.064974,0.402527,-0.626846,-0.220474
5323.076348,0.380356,-0.636261,-0.257874
5323.086573,0.352325,-0.657120,-0.278900
5323.097888,0.331299,-0.697403,-0.287140
5323.109071,0.302505,-0.766617,-0.305267
5323.119080,0.296524,-0.860428,-0.321930
5323.129949,0.307785,-0.944885,-0.342056
5323.140463,0.317673,-1.060043,-0.304962
5323.150380,0.240372,-1.136047,-0.306702
5323.160568,0.273743,-1.300034,-0.271011
5323.171978,0.552826,-1.510849,-0.189026
5323.181663,0.554993,-1.607590,-0.175400
5323.191861,0.462753,-1.569046,-0.156097
5323.202427,0.460434,-1.442261,-0.153244
5323.213405,0.583740,-1.235504,-0.152390
5323.225383,0.566620,-1.104904,-0.231415
5323.235209,0.551025,-1.011963,-0.290985
5323.245742,0.544083,-0.959641,-0.299866
5323.256232,0.515564,-0.897034,-0.260696
5323.266284,0.506973,-0.892670,-0.178345
5323.278605,0.482620,-0.891830,-0.078888
5323.288175,0.451385,-0.897614,0.033981
5323.298120,0.427521,-0.901642,0.116959
5323.309393,0.410034,-0.926376,0.150543
5323.319225,0.384842,-0.954971,0.142212
5323.329000,0.348618,-0.982513,0.106430
5323.340064,0.301071,-0.996246,0.084976
5323.349644,0.234833,-1.004761,0.073792
5323.360024,0.177734,-1.007782,0.034637
5323.372388,0.124405,-1.000046,0.033417
5323.382081,0.079041,-0.970154,0.041168
5323.392694,0.041321,-0.944260,0.055847
5323.403915,0.014847,-0.911728,0.081482
5323.414452,0.007370,-0.887390,0.087128
5323.426239,0.016342,-0.864304,0.091202
5323.435801,0.028351,-0.850937,0.101196
5323.447765,0.058975,-0.830276,0.090225
5323.457884,0.121643,-0.808258,0.071274
5323.468460,0.189514,-0.790253,0.040741
5323.478725,0.241577,-0.782700,-0.008560
5323.489234,0.274551,-0.770813,-0.029175
5323.501054,0.290054,-0.760498,-0.042404
5323.510501,0.286591,-0.742996,-0.037659
5323.521503,0.264114,-0.719254,-0.008041
5323.531767,0.234161,-0.718719,-0.008713
5323.541859,0.205658,-0.704620,-0.003525
5323.552787,0.161545,-0.685410,0.002289
5323.562117,0.118500,-0.671066,0.011002
5323.573616,0.078247,-0.693497,0.020752
5323.583182,0.053925,-0.728851,0.025070
5323.595550,0.029556,-0.777649,0.047821
5323.604976,0.030151,-0.828796,0.080841
5323.615830,0.039047,-0.882156,0.088806
5323.627762,0.055771,-0.948364,0.062958
5323.638071,0.076401,-1.003845,0.068298
5323.648137,0.086548,-1.042633,0.092773
5323.659875,0.080688,-1.061783,0.117874
5323.670292,0.068985,-1.062500,0.124420
5323.681544,0.056473,-1.050735,0.108612
5323.691513,0.049850,-1.041992,0.090012
5323.703421,0.054565,-1.047989,0.057114
5323.713577,0.048843,-1.038284,0.041443
5323.723536,0.032562,-1.010880,0.047867
5323.735907,0.033356,-0.981781,0.067322
5323.744404,0.054306,-0.977295,0.076508
5323.756198,0.112167,-0.968887,0.026352
5323.765404,0.184555,-1.001343,-0.021515
5323.776186,0.226501,-1.019669,-0.063293
5323.786580,0.214722,-1.030029,-0.042191
5323.796925,0.154816,-1.027618,0.045746
5323.807647,0.069595,-1.038193,0.158417
5323.818150,0.049225,-1.111008,0.249222
5323.828392,0.079758,-1.266251,0.271271
5323.838500,0.129089,-1.399246,0.384003
5323.848983,0.119568,-1.465363,0.502258
5323.860518,0.077927,-1.493301,0.584824
5323.870471,0.039673,-1.455704,0.613098
5323.881049,0.071030,-1.359528,0.614761
5323.891103,0.199081,-1.251984,0.507950
5323.902592,0.369064,-1.141220,0.427292
5323.911333,0.465775,-1.047470,0.357620
5323.923151,0.547256,-0.969864,0.296356
5323.933367,0.585052,-0.772415,0.007904
5323.944736,0.503876,-0.676407,-0.062851
5323.955633,0.376389,-0.656616,-0.045334
5323.965069,0.240356,-0.680984,0.017609
5323.977047,0.135895,-0.735092,0.041473
5323.986973,0.070129,-0.784164,0.056503
5323.997907,0.018372,-0.821823,0.081558
5324.009053,-0.013306,-0.890808,0.108994
5324.020119,-0.032135,-0.982208,0.149353
5324.031709,-0.019928,-1.039337,0.189423
5324.042416,0.003677,-1.085098,0.224899
5324.053565,0.013275,-1.152084,0.216370
5324.063833,0.025833,-1.129013,0.234146
5324.074345,0.060013,-1.090805,0.263046
5324.084669,0.092636,-1.003372,0.260895
5324.095330,0.130600,-0.916107,0.234573
5324.107241,0.170700,-0.843399,0.217026
5324.115956,0.207932,-0.791977,0.177078
5324.127771,0.248947,-0.775452,0.137207
5324.138548,0.278641,-0.775177,0.103912
5324.147949,0.310699,-0.810623,0.091995
5324.158009,0.326279,-0.835190,0.070007
5324.168256,0.344147,-0.883926,0.061691
5324.178476,0.362747,-0.927811,0.057236
5324.189872,0.363953,-0.961761,0.040741
5324.199675,0.349228,-0.992447,0.042374
5324.208946,0.320343,-0.997742,0.043655
5324.218957,0.281509,-0.990265,0.042786
5324.229495,0.248932,-0.974136,0.055649
5324.239836,0.239075,-0.935211,0.064148
5324.250532,0.240524,-0.882004,0.069077
5324.260722,0.236740,-0.826904,0.044708
5324.271401,0.238739,-0.783432,0.035049
5324.281531,0.229599,-0.757187,0.024155
5324.292022,0.209274,-0.746216,0.013046
5324.303075,0.191772,-0.728577,-0.003845
5324.313065,0.217102,-0.673798,0.012253
5324.322974,0.202805,-0.694763,0.028427
5324.334005,0.155670,-0.827759,-0.052246
5324.344117,0.147842,-0.937500,-0.190308
5324.354658,0.226715,-0.943665,-0.165222
5324.364905,0.279724,-0.971375,-0.078613
5324.375998,0.260284,-1.033356,-0.181976
5324.385886,0.224823,-1.059921,-0.210922
5324.396048,0.178360,-1.064102,-0.018738
5324.406277,0.138535,-1.069519,0.134720
5324.416564,0.136810,-1.076111,0.178375
5324.426352,0.166458,-1.124496,0.068344
5324.437571,0.194641,-1.191422,-0.088287
5324.448622,0.168915,-1.201019,-0.185959
5324.459095,0.076401,-1.135315,-0.140472
5324.469219,-0.018082,-1.066269,-0.003723
5324.479384,-0.068146,-0.996689,-0.004852
5324.490698,0.054321,-0.946899,0.176544
5324.501731,0.261475,-0.962433,0.134583
5324.511767,0.476685,-1.025375,0.134552
5324.523324,0.585724,-1.113358,0.156418
5324.533849,0.640366,-1.186829,0.175110
5324.544094,0.657745,-1.293594,0.166748
5324.554396,0.650375,-1.408676,0.150085
5324.565634,0.592361,-1.402039,0.097305
5324.576881,0.447220,-1.270599,0.129974
5324.585863,0.268539,-1.098740,0.192978
5324.597367,0.161896,-0.908661,0.301300
5324.606472,0.096863,-0.735947,0.381393
5324.618126,0.088715,-0.647720,0.387070
5324.629466,0.158463,-0.644363,0.329407
5324.640663,0.247604,-0.692978,0.193527
5324.650730,0.333542,-0.779205,0.072113
5324.661197,0.419586,-0.877777,0.006104
5324.672481,0.474884,-0.964111,-0.038284
5324.682226,0.481995,-1.036880,-0.058548
5324.692993,0.353363,-1.031464,-0.015793
5324.704089,0.216522,-1.021591,0.137436
5324.714620,0.125580,-0.962738,0.162582
5324.725600,0.077881,-0.924103,0.177063
5324.735543,0.044907,-0.914825,0.172440
5324.745728,0.018753,-0.933762,0.152435
5324.757202,-0.010712,-0.924484,0.163406
5324.766606,-0.033432,-0.908569,0.168747
5324.777048,-0.000916,-0.898514,0.172379
5324.787976,0.054169,-0.884094,0.154205
5324.798939,0.099823,-0.879181,0.137772
5324.808288,0.119614,-0.878677,0.114899
5324.819465,0.132584,-0.920563,0.100616
5324.830190,0.143784,-0.950714,0.110580
5324.840218,0.144836,-1.000061,0.119324
5324.850308,0.141281,-1.020248,0.128952
5324.860877,0.136826,-1.016235,0.151199
5324.873193,0.117691,-0.999374,0.168243
5324.881507,0.103760,-0.980743,0.164047
5324.893656,0.116272,-0.969406,0.153656
5324.903399,0.130249,-0.964935,0.126770
5324.914037,0.129562,-0.961121,0.109283
5324.924088,0.124100,-0.965881,0.099442
5324.934337,0.113266,-0.987976,0.089493
5324.944938,0.111847,-1.013275,0.048676
5324.954587,0.121567,-1.050415,0.000366
5324.967546,0.126556,-1.077682,-0.020874
5324.977072,0.123978,-1.064026,-0.006378
5324.989189,0.105652,-1.026764,0.038834
5324.998836,0.094391,-0.975983,0.098785
5325.009051,0.098938,-0.944672,0.212494
5325.019481,0.125839,-0.928192,0.338348
5325.029396,0.174057,-0.959854,0.381180
5325.040006,0.217499,-1.038406,0.294769
5325.050217,0.228943,-1.093216,0.185287
5325.060300,0.207352,-1.110092,0.220734
5325.071158,0.187241,-1.110367,0.303787
5325.081460,0.203766,-1.132843,0.325516
5325.092930,0.258835,-1.209305,0.326736
5325.102976,0.308121,-1.275055,0.315216
5325.113432,0.361603,-1.293442,0.322235
5325.123839,0.382278,-1.237839,0.282913
5325.134602,0.367966,-1.144806,0.254440
5325.145893,0.322052,-1.032806,0.234955
5325.155071,0.241974,-0.924133,0.188522
5325.165620,0.160385,-0.853073,0.167267
5325.176331,0.095688,-0.783188,0.172623
5325.186433,0.050293,-0.743683,0.169678
5325.196778,0.050064,-0.733994,0.168686
5325.207720,0.074249,-0.741180,0.176025
5325.217943,0.143967,-0.814087,0.165939
5325.228002,0.223816,-0.939423,0.151199
5325.238218,0.280319,-1.053741,0.130142
5325.248343,0.344193,-1.159256,0.161667
5325.258459,0.412964,-1.214813,0.130188
5325.269310,0.466583,-1.233398,0.083801
5325.280094,0.516418,-1.202438,0.066498
5325.292449,0.542755,-1.158478,0.048630
5325.301538,0.566299,-1.113541,0.023941
5325.311961,0.543427,-1.068726,-0.000839
5325.321983,0.475494,-0.999847,-0.023712
5325.332571,0.367233,-0.945724,-0.042633
5325.343011,0.257004,-0.922531,-0.068420
5325.353055,0.167542,-0.926788,-0.084030
5325.364562,0.069214,-0.919083,-0.059052
5325.373780,0.033325,-0.899933,-0.029755
5325.385644,0.066055,-0.853149,-0.034821
5325.395166,0.136124,-0.806183,-0.068222
5325.406970,0.196487,-0.786163,-0.112488
5325.416158,0.230988,-0.784042,-0.147629
5325.427231,0.268112,-0.819626,-0.169144
5325.437527,0.291733,-0.820145,-0.188995
5325.448281,0.304977,-0.844559,-0.191635
5325.458689,0.317703,-0.883347,-0.152496
5325.469855,0.314621,-0.869583,-0.113739
5325.481157,0.307419,-0.862640,-0.102249
5325.491607,0.323380,-0.848404,-0.097015
5325.501969,0.353897,-0.831528,-0.097305
5325.511983,0.386734,-0.819611,-0.111115
5325.524377,0.394516,-0.797623,-0.140076
5325.534816,0.397919,-0.779480,-0.184677
5325.545279,0.381836,-0.766724,-0.217072
5325.555739,0.352203,-0.766251,-0.233276
5325.566641,0.312653,-0.779053,-0.221542
5325.576553,0.282272,-0.796890,-0.226120
5325.587922,0.250183,-0.825333,-0.228775
5325.597487,0.217911,-0.848938,-0.228531
5325.608279,0.196213,-0.873703,-0.224167
5325.618555,0.184906,-0.897598,-0.208893
5325.630095,0.184067,-0.919754,-0.188522
5325.642213,0.202087,-0.948135,-0.183258
5325.651671,0.234787,-0.971985,-0.193222
5325.663789,0.281174,-1.003815,-0.199936
5325.675050,0.315460,-1.079819,-0.176849
5325.684538,0.370010,-1.080505,-0.103775
5325.695414,0.458801,-1.166031,-0.040604
5325.704969,0.567261,-1.301453,-0.025558
5325.715896,0.623840,-1.760941,-0.231155
5325.725903,0.585159,-1.760254,-0.232025
5325.737292,0.422531,-1.637909,-0.137589
5325.748279,0.385635,-1.315887,-0.103439
5325.758037,0.388458,-1.086029,-0.193649
5325.769549,0.369247,-0.947479,-0.227081
5325.779333,0.351868,-0.880157,-0.171143
5325.790782,0.363266,-0.874374,-0.123322
5325.801993,0.393234,-0.912476,-0.077972
5325.810554,0.392654,-0.945099,-0.011963
5325.821720,0.387177,-0.969910,0.049042
5325.832506,0.403763,-0.993332,0.070770
5325.843033,0.413864,-1.006119,0.065170
5325.854015,0.407166,-1.009857,0.065994
5325.864683,0.377090,-1.005447,0.066284
5325.875714,0.336288,-0.990219,0.056641
5325.886297,0.302063,-0.966415,0.048096
5325.898267,0.266098,-0.942642,0.028854
5325.907941,0.232513,-0.910110,0.024200
5325.918885,0.221344,-0.896317,0.033676
5325.929993,0.207062,-0.870880,0.038193
5325.939608,0.181015,-0.841354,0.046356
5325.950653,0.152420,-0.812637,0.083603
5325.960618,0.124908,-0.780090,0.112122
5325.972473,0.130280,-0.741409,0.131653
5325.982108,0.155563,-0.724564,0.104065
5325.994035,0.196320,-0.693558,0.059341
5326.004770,0.207626,-0.692917,0.026596
5326.014645,0.205856,-0.699677,0.027512
5326.026367,0.167816,-0.711426,0.057739
5326.036056,0.136780,-0.731064,0.086166
5326.047241,0.110184,-0.761490,0.101089
5326.058852,0.083023,-0.791016,0.094666
5326.068121,0.049469,-0.812607,0.107498
5326.079190,0.001373,-0.824097,0.156906
5326.088922,0.003098,-0.836624,0.182190
5326.100455,0.010742,-0.851379,0.158081
5326.111380,0.034042,-0.871078,0.176102
5326.121129,0.064529,-0.895782,0.181625
5326.132450,0.109711,-0.916946,0.171951
5326.142136,0.153214,-0.949722,0.165161
5326.153082,0.195679,-0.977600,0.156418
5326.162283,0.230026,-1.007401,0.121246
5326.174036,0.246414,-1.029053,0.104126
5326.185171,0.237579,-1.020203,0.099091
5326.195028,0.182846,-0.996948,0.100754
5326.206603,0.104614,-0.968399,0.109695
5326.216254,0.027710,-0.933975,0.140015
5326.226503,-0.012009,-0.904160,0.155640
5326.236853,-0.022552,-0.894363,0.139847
5326.248028,-0.001511,-0.898758,0.109253
5326.259444,0.019577,-0.914688,0.090302
5326.270156,0.026428,-0.932327,0.060364
5326.281322,0.032806,-0.959717,0.020706
5326.291136,0.035797,-0.998672,-0.028748
5326.302333,0.032471,-1.019119,-0.075409
5326.313463,0.006073,-1.029358,-0.094452
5326.324208,-0.086563,-1.030228,-0.007202
5326.334693,-0.100510,-1.042236,0.072067
5326.345234,-0.055069,-1.071762,0.152710
5326.355398,0.041183,-1.131378,0.196625
5326.367144,0.112610,-1.187714,0.222473
5326.377614,0.099243,-1.246246,0.285294
5326.388381,0.071335,-1.262115,0.299240
5326.398903,0.097733,-1.285156,0.221161
5326.409806,0.163269,-1.371964,0.105148
5326.419509,0.214569,-1.483231,0.096573
5326.430562,0.253006,-1.574188,0.262497
5326.440613,0.263336,-1.664642,0.432632
5326.451945,0.287430,-1.755600,0.544830
5326.462094,0.321671,-1.760727,0.623276
5326.473173,0.399170,-1.754089,0.699783
5326.484656,0.439087,-1.600266,0.637573
5326.494580,0.472504,-1.432098,0.500473
5326.504562,0.458069,-1.239868,0.358398
5326.516800,0.419113,-1.068329,0.257523
5326.526442,0.379471,-0.954773,0.167313
5326.537134,0.359039,-0.910080,0.120285
5326.547467,0.342804,-0.921387,0.123779
5326.558582,0.315659,-0.952667,0.165894
5326.569412,0.279984,-0.971283,0.184494
5326.580259,0.251617,-0.963959,0.191635
5326.591913,0.223892,-0.954849,0.165771
5326.600945,0.213333,-0.944077,0.149033
5326.612563,0.223175,-0.910416,0.146347
5326.622656,0.256866,-0.824341,0.049042
5326.634222,0.306793,-0.751831,0.023956
5326.645707,0.308517,-0.690002,0.005585
5326.655011,0.310211,-0.620300,0.025024
5326.665883,0.295319,-0.577606,-0.007339
5326.675672,0.294510,-0.547577,-0.005417
5326.685869,0.292252,-0.538818,-0.000595
5326.697198,0.278320,-0.552139,-0.011597
5326.707602,0.258972,-0.573166,-0.032425
5326.717704,0.221054,-0.587997,-0.048813
5326.727421,0.184250,-0.590225,-0.042831
5326.739123,0.148132,-0.554672,-0.023254
5326.748432,0.109955,-0.546173,-0.010513
5326.759427,0.104950,-0.591492,0.006821
5326.769473,0.113571,-0.558884,-0.028885
5326.779941,0.157516,-0.568436,-0.038589
5326.790842,0.202911,-0.579071,-0.069611
5326.801634,0.232376,-0.613571,-0.097107
5326.812307,0.257401,-0.654816,-0.134415
5326.822142,0.293030,-0.704895,-0.159836
5326.832329,0.331116,-0.770554,-0.191040
5326.842634,0.355515,-0.770248,-0.247772
5326.852840,0.383621,-0.804642,-0.255875
5326.864416,0.390564,-0.810608,-0.257660
5326.874598,0.371765,-0.798615,-0.251297
5326.885146,0.351685,-0.812714,-0.243973
5326.896376,0.317795,-0.869293,-0.265152
5326.907032,0.270447,-0.930420,-0.283676
5326.919047,0.240540,-0.969559,-0.285339
5326.928966,0.232819,-1.011978,-0.280640
5326.940879,0.243607,-1.055695,-0.281387
5326.950359,0.279053,-1.105759,-0.298050
5326.961341,0.339661,-1.149536,-0.323898
5326.972677,0.378128,-1.185211,-0.363831
5326.983477,0.355392,-1.218048,-0.207993
5326.994811,0.423843,-1.206589,0.061493
5327.004883,0.636627,-1.358337,0.099274
5327.014543,0.807526,-1.549454,0.016693
5327.026372,0.830322,-1.769791,-0.295471
5327.037011,0.675659,-1.712311,-0.410583
5327.047572,0.539551,-1.232834,-0.168915
5327.057836,0.453751,-0.946609,-0.111572
5327.069077,0.415314,-0.808853,-0.194977
5327.079080,0.397324,-0.715622,-0.187592
5327.089785,0.417084,-0.698166,-0.091034
5327.100571,0.412018,-0.734451,0.008881
5327.110206,0.394653,-0.797684,0.083206
5327.121740,0.388870,-0.860352,0.112198
5327.132660,0.395279,-0.937958,0.085144
5327.143077,0.399292,-1.007950,0.025040
5327.154196,0.381226,-1.053131,0.018814
5327.165229,0.348022,-1.076538,0.062714
5327.176531,0.288940,-1.079102,0.118683
5327.186506,0.214844,-1.058380,0.123795
5327.197054,0.155334,-1.027359,0.112762
5327.206930,0.123245,-0.978424,0.109146
5327.217056,0.113312,-0.913467,0.089508
5327.227110,0.104706,-0.836914,0.084457
5327.238701,0.084625,-0.757111,0.115082
5327.250673,0.070877,-0.698853,0.102158
5327.259727,0.070679,-0.630264,0.074966
5327.271912,0.075668,-0.589752,0.064407
5327.281181,0.081085,-0.573425,0.062576
5327.292380,0.111053,-0.591476,0.039001
5327.302413,0.134781,-0.613190,0.039520
5327.312614,0.155045,-0.636642,0.069107
5327.322927,0.169525,-0.662140,0.053894
5327.333243,0.171310,-0.662140,0.061707
5327.343184,0.176071,-0.687241,0.094818
5327.355429,0.166504,-0.746002,0.114990
5327.364843,0.167297,-0.766388,0.102371
5327.375420,0.128662,-0.790726,0.130630
5327.385558,0.109070,-0.834808,0.150589
5327.398216,0.089127,-0.883789,0.146240
5327.407846,0.083771,-0.937881,0.144180
5327.418964,0.077133,-0.989960,0.154709
5327.429547,0.069595,-1.034348,0.153580
5327.440644,0.051697,-1.062210,0.119171
5327.450529,0.017349,-1.085922,0.080536
5327.460312,-0.013000,-1.085495,0.053650
5327.470339,-0.035233,-1.077393,0.043427
5327.481699,-0.068527,-1.071121,0.010651
5327.492061,-0.099838,-1.082230,-0.003632
5327.503518,-0.129578,-1.103088,-0.035355
5327.513979,-0.146591,-1.140579,-0.054184
5327.525286,-0.150818,-1.174332,-0.042648
5327.534819,-0.148407,-1.191605,0.002060
5327.545156,-0.131088,-1.197510,0.058746
5327.556500,-0.082718,-1.188553,0.091873
5327.567189,-0.000412,-1.195679,0.139374
5327.578296,0.106003,-1.235168,0.180573
5327.588297,0.170837,-1.296051,0.250961
5327.599866,0.166351,-1.344772,0.384842
5327.611104,0.141632,-1.380020,0.407593
5327.621825,0.162384,-1.592438,0.366287
5327.632345,0.196060,-1.592834,0.419495
5327.642122,0.282303,-1.592941,0.546661
5327.654248,0.569748,-1.518097,0.484192
5327.664479,0.644669,-1.430786,0.401413
5327.674707,0.642914,-1.305252,0.333420
5327.686310,0.580490,-1.164032,0.282516
5327.695767,0.500656,-1.073715,0.247711
5327.707117,0.405365,-1.016815,0.252380
5327.718896,0.313797,-0.994827,0.259064
5327.729405,0.234100,-0.980789,0.263107
5327.740770,0.174042,-0.965225,0.251053
5327.752075,0.148590,-0.941605,0.237869
5327.762206,0.154999,-0.937958,0.204041
5327.771743,0.194824,-0.923340,0.176773
5327.783088,0.264343,-0.917816,0.174469
5327.792554,0.345810,-0.902969,0.143280
5327.803798,0.401077,-0.863586,0.087234
5327.813953,0.418808,-0.854324,0.060455
5327.823986,0.405380,-0.817337,0.057220
5327.835110,0.372299,-0.769333,0.054535
5327.845365,0.345657,-0.707901,0.052979
5327.855404,0.324295,-0.664001,0.050568
5327.866853,0.309235,-0.624146,0.029846
5327.876634,0.299271,-0.603668,0.018951
5327.887091,0.291550,-0.597748,0.011993
5327.897309,0.274994,-0.585892,0.002899
5327.909487,0.235184,-0.580322,0.004913
5327.918985,0.189041,-0.578568,-0.008743
5327.929359,0.123947,-0.594650,0.026672
5327.939912,0.091339,-0.580643,-0.002213
5327.951167,0.093430,-0.603043,-0.029343
5327.963249,0.134247,-0.622284,-0.062393
5327.972527,0.134705,-0.642609,-0.060455
5327.984736,0.127808,-0.650345,-0.089722
5327.994039,0.137985,-0.666199,-0.140991
5328.005401,0.194473,-0.715820,-0.194092
5328.015811,0.249863,-0.755768,-0.251114
5328.025900,0.315231,-0.834457,-0.277817
5328.037921,0.355759,-0.788971,-0.329315
5328.048717,0.388367,-0.786621,-0.319855
5328.060070,0.413956,-0.809296,-0.314423
5328.071306,0.417496,-0.825867,-0.325027
5328.080983,0.413437,-0.841339,-0.342606
5328.092514,0.381149,-0.870728,-0.335571
5328.102322,0.347427,-0.910751,-0.338257
5328.112633,0.291748,-0.911743,-0.354065
5328.124921,0.255615,-0.918900,-0.373337
5328.133485,0.252197,-0.953781,-0.399628
5328.144452,0.260345,-1.034286,-0.414032
5328.155236,0.278763,-1.103348,-0.425262
5328.165326,0.298386,-1.145370,-0.434540
5328.175666,0.270096,-1.160370,-0.449738
5328.185573,0.265091,-1.200531,-0.347900
5328.195657,0.362427,-1.206299,-0.143753
5328.206174,0.529160,-1.351120,-0.038086
5328.218465,0.521225,-1.431427,-0.069321
5328.228110,0.465286,-1.550140,-0.254120
5328.238599,0.427246,-1.565170,-0.311279
5328.249718,0.410294,-1.223816,-0.192200
5328.260314,0.404694,-0.995422,-0.201035
5328.271278,0.422729,-0.854736,-0.262787
5328.280969,0.449860,-0.749725,-0.255356
5328.292417,0.488586,-0.724670,-0.103989
5328.301954,0.481796,-0.785995,0.016251
5328.312076,0.462296,-0.855286,0.015793
5328.322209,0.449326,-0.854797,0.080551
5328.332634,0.461334,-0.918839,0.092468
5328.342500,0.474991,-0.974350,0.061691
5328.352758,0.453964,-1.008850,0.045685
5328.363669,0.407532,-1.023438,0.064056
5328.373857,0.326599,-1.027786,0.057388
5328.383998,0.270782,-1.025848,0.044479
5328.395968,0.180557,-0.991425,0.019150
5328.406092,0.154037,-0.953125,0.038956
5328.415690,0.136124,-0.912094,0.059921
5328.426302,0.113144,-0.884552,0.062317
5328.438133,0.104599,-0.855362,0.065033
5328.447681,0.094452,-0.832001,0.059952
5328.459778,0.095291,-0.827148,0.060944
5328.468904,0.102249,-0.797287,0.061096
5328.480317,0.130478,-0.779358,0.076309
5328.490477,0.159149,-0.773087,0.083740
5328.501762,0.186722,-0.754242,0.083405
5328.512982,0.176575,-0.753189,0.058899
5328.522455,0.167267,-0.760788,0.050919
5328.533077,0.162094,-0.768341,0.076050
5328.542722,0.182068,-0.772659,0.051239
5328.552604,0.193085,-0.767166,0.026260
5328.565026,0.192230,-0.764282,0.016525
5328.573855,0.179596,-0.755386,0.010437
5328.585647,0.127563,-0.745621,0.036438
5328.595062,0.064529,-0.755035,0.058319
5328.605643,0.032578,-0.777542,0.087708
5328.616565,0.015182,-0.805328,0.075638
5328.626719,0.005341,-0.829391,0.066711
5328.637225,-0.009415,-0.867752,0.080933
5328.647803,-0.025299,-0.918793,0.069885
5328.659867,-0.038895,-0.978592,0.053070
5328.669233,-0.078278,-1.031067,0.058975
5328.681036,-0.097656,-1.081940,0.076981
5328.689645,-0.076447,-1.130814,0.045410
5328.701342,-0.028946,-1.172501,-0.002045
5328.711436,0.005035,-1.184875,-0.041092
5328.722290,0.007812,-1.190872,-0.073090
5328.732768,0.000473,-1.191788,-0.091690
5328.742552,-0.023651,-1.178665,-0.063095
5328.753532,-0.037277,-1.170334,0.022995
5328.763558,-0.027328,-1.169220,0.100891
5328.774544,0.021805,-1.179718,0.119446
5328.786068,0.114258,-1.207504,0.122498
5328.796860,0.238068,-1.354355,0.248581
5328.807603,0.262634,-1.431534,0.414185
5328.817959,0.161514,-1.518738,0.410950
5328.828289,0.068405,-1.658112,0.456421
5328.838462,0.023163,-1.686996,0.528229
5328.848528,0.163177,-1.620773,0.545944
5328.861018,0.346695,-1.486206,0.435501
5328.869451,0.499619,-1.358643,0.363190
5328.880760,0.580933,-1.224014,0.287354
5328.892149,0.585602,-1.116806,0.258347
5328.901176,0.501511,-1.034042,0.251617
5328.913608,0.387802,-0.954483,0.276260
5328.922906,0.281021,-0.897385,0.275818
5328.934533,0.201553,-0.854523,0.234222
5328.943918,0.152924,-0.827759,0.170029
5328.953959,0.143906,-0.793076,0.097977
5328.965311,0.187088,-0.776642,0.046494
5328.975011,0.261917,-0.784042,-0.010040
5328.986449,0.324814,-0.841400,-0.035828
5328.995805,0.344742,-0.907547,-0.030533
5329.008500,0.316467,-0.977432,0.019302
5329.018506,0.277512,-0.992874,0.098038
5329.029591,0.273788,-0.992630,0.137756
5329.039838,0.278183,-0.961823,0.120392
5329.050198,0.284286,-0.897110,0.120529
5329.060248,0.282181,-0.834290,0.098160
5329.070844,0.292786,-0.791153,0.047913
5329.082209,0.271271,-0.787994,0.010544
5329.092128,0.231262,-0.718658,-0.009750
5329.103406,0.224014,-0.642197,-0.033218
5329.114445,0.224716,-0.585159,-0.042892
5329.124124,0.245026,-0.563370,-0.069626
5329.135116,0.280029,-0.583496,-0.101852
5329.145881,0.295792,-0.615799,-0.121902
5329.155896,0.299927,-0.628433,-0.119858
5329.167207,0.295197,-0.662262,-0.129684
5329.177188,0.261139,-0.683929,-0.138214
5329.187234,0.220016,-0.694794,-0.145935
5329.197456,0.198547,-0.721542,-0.151276
5329.208219,0.182053,-0.686569,-0.189499
5329.218154,0.189484,-0.708008,-0.196152
5329.228285,0.222488,-0.722290,-0.230347
5329.239093,0.259827,-0.736572,-0.243118
5329.249312,0.301315,-0.761551,-0.254807
5329.261511,0.349731,-0.805954,-0.251801
5329.269724,0.382233,-0.868484,-0.251068
5329.280090,0.392319,-0.910309,-0.266373
5329.290092,0.374237,-0.915817,-0.273560
5329.300708,0.348923,-0.929947,-0.293579
5329.311380,0.332947,-0.975204,-0.307510
5329.321374,0.303070,-1.005661,-0.319855
5329.331997,0.267731,-1.044754,-0.339096
5329.342076,0.236740,-1.073059,-0.301926
5329.352883,0.221283,-1.117355,0.164734
5329.364044,0.312424,-1.340469,0.190063
5329.374964,0.686462,-1.521835,0.086761
5329.385408,0.774185,-1.776108,-0.192825
5329.396963,0.575821,-1.629974,-0.358444
5329.407713,0.410492,-1.154755,-0.101913
5329.417225,0.308777,-0.895889,0.056992
5329.429442,0.349548,-0.834061,-0.025558
5329.440542,0.446793,-0.785675,-0.065109
5329.451083,0.500381,-0.770950,-0.011475
5329.461683,0.521042,-0.787598,0.035568
5329.472019,0.494980,-0.806381,0.057281
5329.483647,0.472244,-0.834930,0.069397
5329.494548,0.451035,-0.877319,0.026199
5329.506035,0.429962,-0.930267,-0.011139
5329.517426,0.388458,-0.967270,-0.014984
5329.526458,0.337357,-0.981583,0.042114
5329.537846,0.294800,-0.988342,0.097443
5329.547364,0.244263,-0.974854,0.095337
5329.558452,0.200775,-0.953857,0.069138
5329.569458,0.171127,-0.917572,0.056824
5329.579507,0.138641,-0.808487,0.091049
5329.591681,0.088501,-0.745605,0.101593
5329.600236,0.087708,-0.701141,0.086029
5329.611726,0.032257,-0.674072,0.070221
5329.621225,0.014694,-0.643707,0.087311
5329.632841,-0.008270,-0.639297,0.117859
5329.642567,0.000183,-0.655975,0.103500
5329.652703,0.021439,-0.680603,0.086487
5329.663676,0.046112,-0.700394,0.086075
5329.673623,0.070007,-0.734665,0.094376
5329.684915,0.130371,-0.775314,0.121918
5329.696426,0.172577,-0.804123,0.126770
5329.706428,0.205475,-0.834763,0.116821
5329.717807,0.230545,-0.857513,0.099915
5329.727094,0.247711,-0.870499,0.079895
5329.739768,0.247772,-0.887039,0.052719
5329.749787,0.234787,-0.895599,0.035919
5329.760598,0.181610,-0.882889,0.067749
5329.772850,0.128265,-0.893463,0.088867
5329.781253,0.088989,-0.920731,0.105453
5329.792322,0.041733,-0.960510,0.102448
5329.802541,-0.000519,-1.003296,0.096649
5329.813350,-0.022949,-1.036743,0.100021
5329.823874,-0.051270,-1.080826,0.075104
5329.834621,-0.078796,-1.117981,0.095856
5329.844775,-0.088776,-1.160492,0.069412
5329.856079,-0.076859,-1.203506,0.015289
5329.867711,-0.045746,-1.231232,-0.006302
5329.877163,-0.040573,-1.222534,0.013199
5329.888649,-0.060806,-1.198715,0.072952
5329.898761,-0.068100,-1.159592,0.143677
5329.908313,-0.023178,-1.125473,0.171860
5329.919781,0.109344,-1.131546,0.218536
5329.929204,0.260406,-1.207321,0.342316
5329.939634,0.236237,-1.330307,0.444672
5329.951012,0.103333,-1.493195,0.480530
5329.960410,0.017883,-1.528366,0.496063
5329.970268,0.042984,-1.596405,0.532562
5329.980578,0.264847,-1.539642,0.486084
5329.992605,0.501389,-1.417526,0.167114
5330.001861,0.709183,-1.421280,0.171768
5330.012312,0.804382,-1.337982,0.140915
5330.023013,0.737244,-1.228897,0.260773
5330.032762,0.556213,-1.045197,0.374207
5330.043581,0.404449,-0.973114,0.289246
5330.053671,0.300064,-0.933701,0.241272
5330.065395,0.178268,-0.921066,0.180283
5330.077487,0.168762,-0.924011,0.130554
5330.087436,0.194061,-0.921783,0.073837
5330.099366,0.229294,-0.936157,0.025116
5330.108781,0.269379,-0.949493,0.019211
5330.121260,0.300369,-0.940262,0.050003
5330.130194,0.319885,-0.935654,0.081512
5330.140708,0.322098,-0.935745,0.068939
5330.151149,0.300583,-0.926636,0.070404
5330.161280,0.287170,-0.906967,0.087585
5330.171405,0.278976,-0.853592,0.090317
5330.181585,0.292419,-0.778366,0.095474
5330.193219,0.317627,-0.704315,0.094116
5330.203036,0.341904,-0.656448,0.077179
5330.216201,0.361969,-0.647324,0.031998
5330.225258,0.380615,-0.641159,-0.034546
5330.235707,0.364883,-0.636200,-0.073746
5330.246926,0.331024,-0.632690,-0.076447
5330.257067,0.318848,-0.627563,-0.056305
5330.268341,0.296646,-0.623123,-0.016037
5330.278386,0.270416,-0.598358,0.006653
5330.289360,0.264023,-0.578873,0.011368
5330.300530,0.255463,-0.581650,0.008255
5330.309615,0.250671,-0.602921,-0.015137
5330.320863,0.242691,-0.645462,-0.043472
5330.331475,0.222870,-0.680038,-0.070145
5330.341536,0.187592,-0.679504,-0.094254
5330.354462,0.170425,-0.729675,-0.136383
5330.362988,0.187546,-0.741653,-0.154449
5330.372998,0.188599,-0.763046,-0.178696
5330.383979,0.235336,-0.792084,-0.205795
5330.395011,0.276489,-0.783310,-0.242737
5330.405022,0.311783,-0.822723,-0.265274
5330.416779,0.322708,-0.855911,-0.285400
5330.427184,0.332947,-0.897797,-0.307526
5330.437785,0.340240,-0.941528,-0.325806
5330.448044,0.351212,-0.991089,-0.328476
5330.459536,0.366577,-1.044678,-0.351440
5330.470583,0.360352,-1.082397,-0.377792
5330.479885,0.331573,-1.117737,-0.391052
5330.490418,0.297287,-1.175766,-0.299591
5330.500580,0.353989,-1.240067,-0.161438
5330.510529,0.503128,-1.344894,-0.048370
5330.523126,0.575531,-1.408768,0.032852
5330.532937,0.545837,-1.521667,-0.028992
5330.543233,0.502625,-1.608521,-0.166870
5330.553034,0.488144,-1.408813,-0.132217
5330.563979,0.432907,-1.154816,-0.017883
5330.573424,0.373657,-0.992188,-0.016296
5330.585195,0.369461,-0.908264,-0.101822
5330.596318,0.376694,-0.841660,-0.112335
5330.606538,0.387711,-0.804993,-0.082962
5330.617375,0.403641,-0.806931,-0.010742
5330.628603,0.400665,-0.824020,0.059067
5330.637738,0.399826,-0.861542,0.098846
5330.648783,0.387314,-0.900040,0.095657
5330.658578,0.383774,-0.947403,0.091705
5330.669137,0.363297,-0.980881,0.095108
5330.679341,0.339066,-1.008545,0.085831
5330.690799,0.317963,-1.017838,0.089233
5330.702277,0.307114,-1.003159,0.081207
5330.711027,0.284271,-0.968918,0.070038
5330.722226,0.249207,-0.916046,0.064392
5330.732428,0.207932,-0.844711,0.056686
5330.744833,0.172043,-0.700027,0.026749
5330.754028,0.125671,-0.699188,0.023773
5330.764709,0.044083,-0.604645,0.067596
5330.775104,0.009033,-0.612610,0.090103
5330.785373,0.002609,-0.627991,0.091904
5330.796858,-0.006165,-0.659775,0.087814
5330.807519,0.003799,-0.692749,0.113281
5330.817779,0.021057,-0.719025,0.150574
5330.828010,0.050186,-0.750397,0.183258
5330.838932,0.103348,-0.791977,0.186386
5330.849019,0.159424,-0.842468,0.154633
5330.859467,0.198364,-0.877090,0.137054
5330.870605,0.220566,-0.890213,0.108414
5330.881010,0.225174,-0.909683,0.095901
5330.891728,0.211884,-0.917175,0.094620
5330.902896,0.172119,-0.917404,0.101517
5330.912344,0.143143,-0.915924,0.098923
5330.923436,0.107941,-0.908478,0.108810
5330.933417,0.075897,-0.910767,0.118759
5330.944121,0.052017,-0.936371,0.135696
5330.953938,0.019653,-0.960922,0.141769
5330.965157,-0.002167,-0.975998,0.142242
5330.976268,-0.002029,-0.999329,0.117004
5330.986784,-0.004791,-1.010071,0.078110
5330.997852,-0.006653,-1.012939,0.078064
5331.007701,0.009445,-1.031662,0.069672
5331.018965,0.046249,-1.067368,0.016129
5331.028662,0.056534,-1.124847,-0.035065
5331.040024,0.033890,-1.197128,-0.066650
5331.051395,-0.018829,-1.249405,-0.069809
5331.060842,-0.091110,-1.243912,0.006241
5331.073526,-0.164795,-1.184982,0.129837
5331.083336,-0.206223,-1.127686,0.237671
5331.093634,-0.170029,-1.096283,0.271500
5331.104394,-0.033936,-1.114090,0.301727
5331.114456,0.137650,-1.179108,0.308487
5331.126419,0.322708,-1.343704,0.393219
5331.135944,0.326370,-1.473495,0.375809
5331.146014,0.275406,-1.567520,0.338730
5331.157099,0.315842,-1.607697,0.394974
5331.167115,0.414291,-1.580566,0.369034
5331.177476,0.544418,-1.550110,0.348663
5331.188942,0.631592,-1.465652,0.330231
5331.199861,0.649261,-1.383652,0.355881
5331.209866,0.620041,-1.307602,0.367859
5331.221542,0.544418,-1.213577,0.311798
5331.230299,0.453598,-1.128952,0.254425
5331.240440,0.355591,-1.051041,0.178436
5331.250923,0.265488,-0.961578,0.125916
5331.260930,0.192139,-0.886902,0.077682
5331.271196,0.143234,-0.839706,0.047440
5331.281907,0.111313,-0.810989,0.061310
5331.292978,0.122269,-0.807220,0.086792
5331.302760,0.168854,-0.836227,0.066467
5331.312747,0.217468,-0.868149,0.045242
5331.323743,0.251801,-0.878479,0.034363
5331.334527,0.262207,-0.864014,0.072464
5331.344650,0.246384,-0.813400,0.075027
5331.356033,0.260590,-0.798218,0.070480
5331.366420,0.286530,-0.775543,0.050674
5331.377023,0.302856,-0.716888,0.030670
5331.387845,0.326096,-0.684586,-0.009567
5331.399052,0.336304,-0.673309,-0.049149
5331.409760,0.343353,-0.682343,-0.097534
5331.423080,0.326797,-0.695679,-0.122177
5331.433576,0.300400,-0.698044,-0.104340
5331.444811,0.230225,-0.669510,-0.065125
5331.456890,0.203384,-0.650589,-0.052124
5331.467478,0.192062,-0.630051,-0.044601
5331.478291,0.166916,-0.629578,-0.044205
5331.488972,0.159393,-0.630463,-0.054077
5331.499664,0.176376,-0.633759,-0.076019
5331.510116,0.189102,-0.657303,-0.100021
5331.522273,0.206482,-0.683807,-0.113220
5331.532851,0.229019,-0.657104,-0.114655
5331.544572,0.270905,-0.647339,-0.140900
5331.553519,0.320587,-0.665833,-0.184448
5331.565620,0.364441,-0.683243,-0.226212
5331.575999,0.396454,-0.693665,-0.265289
5331.587059,0.411133,-0.710510,-0.298935
5331.597322,0.412659,-0.749329,-0.325134
5331.609225,0.387955,-0.799225,-0.330551
5331.619479,0.341354,-0.869003,-0.329651
5331.630201,0.294403,-0.934860,-0.315186
5331.640505,0.267319,-1.024277,-0.298325
5331.649843,0.277039,-1.024445,-0.300034
5331.660719,0.292770,-1.068298,-0.306503
5331.670702,0.314880,-1.153000,-0.336121
5331.681343,0.311005,-1.164490,-0.322601
5331.692933,0.266830,-1.166855,-0.148819
5331.703373,0.420517,-1.206451,0.080841
5331.714579,0.613876,-1.392853,0.074463
5331.724469,0.665375,-1.544937,0.015427
5331.735814,0.687286,-1.758179,-0.218079
5331.747041,0.602676,-1.723404,-0.373398
5331.756140,0.462540,-1.223801,-0.194931
5331.766452,0.384232,-0.952087,-0.107315
5331.776760,0.371536,-0.822449,-0.165848
5331.788539,0.373596,-0.716812,-0.115295
5331.798033,0.369537,-0.674759,-0.019272
5331.809316,0.366867,-0.672653,0.013672
5331.819834,0.375397,-0.713394,0.024521
5331.830603,0.384857,-0.759918,0.043198
5331.840929,0.407776,-0.832870,0.053391
5331.851849,0.396286,-0.919708,0.061874
5331.862746,0.364090,-0.997406,0.077637
5331.873315,0.322296,-1.052643,0.108749
5331.883147,0.282257,-1.076889,0.157379
5331.894763,0.271332,-1.077621,0.171692
5331.903825,0.266800,-1.064880,0.188080
5331.915358,0.272049,-1.042892,0.141617
5331.924791,0.261765,-0.991562,0.110291
5331.935441,0.238541,-0.937042,0.091324
5331.946107,0.210022,-0.877502,0.088776
5331.957409,0.163605,-0.803116,0.092575
5331.968498,0.121384,-0.757767,0.114944
5331.979070,0.095306,-0.711868,0.104645
5331.989593,0.087326,-0.697220,0.099625
5332.000347,0.103073,-0.694672,0.082504
5332.010745,0.116165,-0.711380,0.076965
5332.022954,0.119598,-0.704803,0.044037
5332.032358,0.122650,-0.696213,0.026627
5332.043557,0.103348,-0.675476,0.046570
5332.053333,0.079834,-0.668243,0.052856
5332.063223,0.050766,-0.680222,0.070648
5332.074966,0.031021,-0.705002,0.074066
5332.085200,0.022430,-0.751282,0.078751
5332.096525,0.028168,-0.801804,0.050705
5332.106415,0.024017,-0.862701,0.045746
5332.118005,0.010101,-0.924362,0.046387
5332.127457,-0.008469,-0.998505,0.054718
5332.137518,-0.019653,-1.083298,0.091354
5332.147925,-0.047791,-1.170761,0.109177
5332.158256,-0.078690,-1.245667,0.107498
5332.168916,-0.076782,-1.287262,0.112381
5332.180152,-0.077362,-1.290054,0.142471
5332.191065,-0.066376,-1.260086,0.182541
5332.201232,-0.027039,-1.227844,0.202835
5332.211296,0.036255,-1.226166,0.177078
5332.222405,0.154709,-1.230347,0.156433
5332.233066,0.307343,-1.256180,0.191895
5332.244860,0.466782,-1.356110,0.359543
5332.255111,0.472977,-1.501114,0.423782
5332.265425,0.316193,-1.553482,0.404709
5332.276613,0.175674,-1.546860,0.459808
5332.287886,0.110519,-1.484558,0.495255
5332.299125,0.255585,-1.416550,0.502380
5332.308821,0.453156,-1.319092,0.365082
5332.319242,0.593552,-1.250427,0.271149
5332.330022,0.599014,-1.180771,0.295563
5332.340123,0.460693,-1.178070,0.342926
5332.352122,0.320206,-1.027237,0.406784
5332.361931,0.133377,-0.949478,0.372513
5332.373465,0.106949,-0.886337,0.313675
5332.383882,0.130722,-0.834915,0.222916
5332.393260,0.174759,-0.815750,0.128769
5332.405138,0.228592,-0.806274,0.085297
5332.414636,0.286530,-0.822708,0.107971
5332.426623,0.333191,-0.829208,0.148819
5332.437095,0.359055,-0.841187,0.173676
5332.448332,0.364685,-0.868393,0.168945
5332.459569,0.353821,-0.876831,0.190063
5332.469326,0.324844,-0.851257,0.158356
5332.480156,0.309616,-0.815216,0.149261
5332.490365,0.298218,-0.773468,0.136383
5332.501835,0.285416,-0.701752,0.106979
5332.512602,0.317169,-0.660904,0.064011
5332.522453,0.348511,-0.623032,-0.000305
5332.533427,0.346893,-0.606705,-0.035309
5332.543191,0.325211,-0.588882,-0.036758
5332.555776,0.280182,-0.581223,-0.019333
5332.565510,0.236038,-0.587234,-0.027100
5332.577462,0.207428,-0.626450,-0.044250
5332.586133,0.199936,-0.653519,-0.069672
5332.596219,0.199707,-0.684448,-0.066772
5332.608198,0.197006,-0.709473,-0.045471
5332.618141,0.177872,-0.758453,-0.042023
5332.629730,0.126999,-0.802063,-0.051910
5332.639575,0.118011,-0.801071,-0.086090
5332.650248,0.151367,-0.766159,-0.151382
5332.661605,0.221817,-0.804352,-0.191544
5332.671785,0.284714,-0.797028,-0.250336
5332.683502,0.334106,-0.751541,-0.263779
5332.694589,0.360748,-0.716324,-0.286484
5332.704201,0.360458,-0.701813,-0.290359
5332.715577,0.343628,-0.714127,-0.302399
5332.725221,0.331375,-0.751694,-0.317230
5332.735727,0.266998,-0.822037,-0.296356
5332.746012,0.219101,-0.886917,-0.284821
5332.758447,0.188904,-0.986053,-0.292297
5332.767841,0.209625,-1.111282,-0.299622
5332.778928,0.263641,-1.197510,-0.327545
5332.791692,0.315384,-1.252838,-0.377853
5332.800504,0.329636,-1.280182,-0.379486
5332.810180,0.292145,-1.215668,-0.145325
5332.820324,0.478424,-1.312195,0.029678
5332.831367,0.822845,-1.641357,0.087891
5332.841534,0.965240,-1.767197,-0.005020
5332.852250,0.910568,-1.766830,-0.162582
5332.863325,0.662689,-1.211624,-0.350632
5332.872904,0.586761,-0.933121,-0.247452
5332.884476,0.538177,-0.853104,-0.055298
5332.895688,0.510574,-0.867722,0.033371
5332.907034,0.488663,-0.865097,0.106689
5332.917219,0.462845,-0.885666,0.164368
5332.927442,0.444199,-0.878357,0.214432
5332.938842,0.468643,-0.905029,0.187775
5332.948284,0.473053,-0.926392,0.187881
5332.959071,0.440460,-0.937195,0.003662
5332.970501,0.404816,-0.927917,-0.012665
5332.980722,0.340088,-0.907303,0.006256
5332.993287,0.268982,-0.889542,0.011444
5333.002505,0.200333,-0.842850,0.002167
5333.012891,0.139648,-0.781738,0.011475
5333.025344,0.100891,-0.715179,0.026138
5333.035751,0.072433,-0.672989,0.041992
5333.047363,0.057129,-0.646576,0.049423
5333.058751,0.063248,-0.621536,0.049561
5333.069745,0.072449,-0.603302,0.049759
5333.079617,0.073090,-0.600372,0.061447
5333.090326,0.074554,-0.608002,0.093506
5333.101551,0.075302,-0.625305,0.125580
5333.110965,0.087906,-0.667130,0.126831
5333.122727,0.108109,-0.697525,0.122406
5333.132659,0.134415,-0.734787,0.111359
5333.144562,0.138794,-0.800629,0.120178
5333.154579,0.140121,-0.843277,0.108566
5333.164732,0.161423,-0.858093,0.124573
5333.176110,0.213852,-0.884140,0.144211
5333.185588,0.214890,-0.924789,0.144226
5333.196064,0.273636,-0.973541,0.075623
5333.207435,0.294174,-1.007828,0.059586
5333.218215,0.307220,-1.022629,0.054031
5333.229880,0.279816,-1.010498,0.056335
5333.240326,0.253235,-1.003189,0.070297
5333.251438,0.234375,-1.002747,0.093170
5333.261287,0.225204,-1.001541,0.113373
5333.273064,0.232941,-1.002640,0.115479
5333.284214,0.258682,-1.007065,0.090820
5333.293505,0.289658,-1.011673,0.048782
5333.304400,0.324936,-1.028763,0.046677
5333.314349,0.313614,-1.041153,0.048370
5333.324920,0.353348,-1.054611,0.242462
5333.335305,0.293335,-1.061020,0.300339
5333.345633,0.238068,-1.074036,0.186493
5333.357201,0.132370,-1.024826,-0.085800
5333.366887,0.016846,-0.902878,-0.115570
5333.377132,-0.077789,-0.775085,-0.042908
5333.387269,-0.140121,-0.702866,0.076065
5333.397692,-0.134583,-0.679245,0.197556
5333.408989,-0.053024,-0.709686,0.215912
5333.419003,0.079132,-0.810974,0.166443
5333.430115,0.206696,-0.908173,0.146942
5333.439909,0.297531,-0.983368,0.146072
5333.451836,0.342148,-1.030609,0.149002
5333.462848,0.414078,-1.081268,0.144806
5333.471416,0.474854,-1.092361,0.072357
5333.481855,0.534515,-1.088730,0.034851
5333.492901,0.574677,-1.065491,-0.018585
5333.503560,0.574036,-1.028946,-0.078796
5333.513480,0.524536,-0.939072,-0.084763
5333.525076,0.456146,-0.863174,-0.050354
5333.534746,0.406235,-0.800354,-0.049530
5333.546111,0.358871,-0.768509,-0.041840
5333.557347,0.320999,-0.822861,-0.014526
5333.566385,0.276077,-0.904175,0.013550
5333.577640,0.233887,-0.964127,0.069870
5333.588104,0.153412,-1.005173,0.085541
5333.599161,0.143311,-1.034943,0.096008
5333.610419,0.152466,-1.041946,0.082611
5333.621044,0.161667,-1.040268,0.057571
5333.632283,0.169373,-1.032684,0.048996
